N,anchor,hub_edges,hub_cost,weighting,n_edges,exact_betweenness,betweenness_k,anchor_degree,anchor_rank_degree,top1_degree,top10_degree,anchor_degree_weighted,anchor_rank_degree_weighted,top1_degree_weighted,top10_degree_weighted,anchor_eigenvector,anchor_rank_eigenvector,top1_eigenvector,top10_eigenvector,anchor_eigenvector_costweight,anchor_rank_eigenvector_costweight,top1_eigenvector_costweight,top10_eigenvector_costweight,anchor_pagerank,anchor_rank_pagerank,top1_pagerank,top10_pagerank,anchor_betweenness,anchor_rank_betweenness,top1_betweenness,top10_betweenness,tau_betweenness_vs_inv_p,tau_betweenness_vs_inv_p_p,loglog_bet_vs_degree_r2,loglog_bet_vs_degree_slope,tau_betweenness_vs_degree,rank_correlations,anchor_betweenness_se,anchor_betweenness_ci95_lo,anchor_betweenness_ci95_hi
1000,2,False,0.1,log,1958,True,,499.0,1,2,"2,3,5,7,11,13,17,19,23,29",345.88044309941347,2,3,"3,2,5,7,11,13,17,19,23,29",0.22916623383472162,4,5,"5,3,7,2,11,13,17,19,23,29",0.678459763141833,1,2,"2,3,5,7,210,420,630,840,330,660",0.03925629446105357,2,3,"3,2,5,7,11,13,17,19,23,29",0.12041500418253928,4.0,5.0,"5,3,7,2,11,13,17,19,23,29",0.9265175114541283,5.487424012253081e-37,0.964558557107606,0.9689949394935298,0.9946741147376631,"[{""metric_a"": ""betweenness"", ""metric_b"": ""degree"", ""kendall_tau"": 0.4456462398445869, ""kendall_p"": 1.1450261911189472e-74, ""spearman_rho"": 0.5441792345340899, ""n"": 1000}, {""metric_a"": ""betweenness"", ""metric_b"": ""degree_weighted"", ""kendall_tau"": 0.7122675383076585, ""kendall_p"": 1.6795694140344914e-242, ""spearman_rho"": 0.856861016649719, ""n"": 1000}, {""metric_a"": ""betweenness"", ""metric_b"": ""eigenvector"", ""kendall_tau"": 0.24389443162835156, ""kendall_p"": 4.8285196249649405e-30, ""spearman_rho"": 0.36694760503803847, ""n"": 1000}, {""metric_a"": ""betweenness"", ""metric_b"": ""eigenvector_costweight"", ""kendall_tau"": -0.10483695326387564, ""kendall_p"": 9.838050091311157e-07, ""spearman_rho"": -0.06936233439062525, ""n"": 1000}, {""metric_a"": ""betweenness"", ""metric_b"": ""pagerank"", ""kendall_tau"": 0.6600300043286409, ""kendall_p"": 1.5568105512559346e-208, ""spearman_rho"": 0.7746815984934292, ""n"": 1000}, {""metric_a"": ""degree"", ""metric_b"": ""degree_weighted"", ""kendall_tau"": 0.3621546137174723, ""kendall_p"": 1.5061952086288674e-50, ""spearman_rho"": 0.4446602644493652, ""n"": 1000}, {""metric_a"": ""degree"", ""metric_b"": ""eigenvector"", ""kendall_tau"": 0.6209582335833812, ""kendall_p"": 5.840375372241802e-145, ""spearman_rho"": 0.7329467572090917, ""n"": 1000}, {""metric_a"": ""degree"", ""metric_b"": ""eigenvector_costweight"", ""kendall_tau"": 0.5263235280308123, ""kendall_p"": 1.0622107100172399e-104, ""spearman_rho"": 0.622321382925408, ""n"": 1000}, {""metric_a"": ""degree"", ""metric_b"": ""pagerank"", ""kendall_tau"": 0.3249312608028734, ""kendall_p"": 4.913124466489292e-41, ""spearman_rho"": 0.39801114413641325, ""n"": 1000}, {""metric_a"": ""degree_weighted"", ""metric_b"": ""eigenvector"", ""kendall_tau"": 0.05991914437552856, ""kendall_p"": 0.004869768005554743, ""spearman_rho"": 0.09953042604263745, ""n"": 1000}, {""metric_a"": ""degree_weighted"", ""metric_b"": ""eigenvector_costweight"", ""kendall_tau"": -0.11229162924285147, ""kendall_p"": 1.317168229432607e-07, ""spearman_rho"": -0.0977457044139695, ""n"": 1000}, {""metric_a"": ""degree_weighted"", ""metric_b"": ""pagerank"", ""kendall_tau"": 0.9187931803548688, ""kendall_p"": 0.0, ""spearman_rho"": 0.9795384350261161, ""n"": 1000}, {""metric_a"": ""eigenvector"", ""metric_b"": ""eigenvector_costweight"", ""kendall_tau"": 0.3808348353318492, ""kendall_p"": 1.291232703602271e-71, ""spearman_rho"": 0.4840356457630401, ""n"": 1000}, {""metric_a"": ""eigenvector"", ""metric_b"": ""pagerank"", ""kendall_tau"": 0.012669264972721823, ""kendall_p"": 0.5516344837418905, ""spearman_rho"": 0.03508157942383712, ""n"": 1000}, {""metric_a"": ""eigenvector_costweight"", ""metric_b"": ""pagerank"", ""kendall_tau"": -0.11747882232551757, ""kendall_p"": 3.386511998424249e-08, ""spearman_rho"": -0.10719023503320761, ""n"": 1000}]",,,
1000,2,True,0.1,log,2125,True,,666.0,1,2,"2,3,5,7,11,13,17,19,23,29",2015.8804430994135,1,2,"2,3,5,7,11,13,17,19,23,29",0.7019233665596053,1,2,"2,3,5,7,11,13,17,19,23,29",0.6779485372483608,1,2,"2,3,5,7,210,420,630,840,330,660",0.13638865250465074,1,2,"2,3,5,7,11,13,17,19,23,29",0.9580642767015513,1.0,2.0,"2,7,11,13,5,17,19,23,29,31",0.8778417228304155,1.1723992243789161e-54,0.932373701302185,1.0065463458870585,0.997744327347289,"[{""metric_a"": ""betweenness"", ""metric_b"": ""degree"", ""kendall_tau"": 0.3257079321707431, ""kendall_p"": 5.496199614187214e-29, ""spearman_rho"": 0.3441371038711088, ""n"": 1000}, {""metric_a"": ""betweenness"", ""metric_b"": ""degree_weighted"", ""kendall_tau"": 0.4258301193278235, ""kendall_p"": 5.037122530301713e-63, ""spearman_rho"": 0.5087884696506096, ""n"": 1000}, {""metric_a"": ""betweenness"", ""metric_b"": ""eigenvector"", ""kendall_tau"": 0.4258301193278235, ""kendall_p"": 5.037122530301713e-63, ""spearman_rho"": 0.5087884696506096, ""n"": 1000}, {""metric_a"": ""betweenness"", ""metric_b"": ""eigenvector_costweight"", ""kendall_tau"": -0.1345270300651352, ""kendall_p"": 1.1979295993825453e-07, ""spearman_rho"": -0.1848407072590493, ""n"": 1000}, {""metric_a"": ""betweenness"", ""metric_b"": ""pagerank"", ""kendall_tau"": 0.4258301193278235, ""kendall_p"": 5.037122530301713e-63, ""spearman_rho"": 0.5087884696506096, ""n"": 1000}, {""metric_a"": ""degree"", ""metric_b"": ""degree_weighted"", ""kendall_tau"": 0.09419609333061829, ""kendall_p"": 0.00011351983540667072, ""spearman_rho"": 0.11359346192045275, ""n"": 1000}, {""metric_a"": ""degree"", ""metric_b"": ""eigenvector"", ""kendall_tau"": 0.25534740841822196, ""kendall_p"": 1.2782838799536345e-25, ""spearman_rho"": 0.28877311975631725, ""n"": 1000}, {""metric_a"": ""degree"", ""metric_b"": ""eigenvector_costweight"", ""kendall_tau"": 0.4323875289435598, ""kendall_p"": 3.088433556504148e-70, ""spearman_rho"": 0.535630263291089, ""n"": 1000}, {""metric_a"": ""degree"", ""metric_b"": ""pagerank"", ""kendall_tau"": 0.16500601081196714, ""kendall_p"": 1.3687979272708809e-11, ""spearman_rho"": 0.1917526348403361, ""n"": 1000}, {""metric_a"": ""degree_weighted"", ""metric_b"": ""eigenvector"", ""kendall_tau"": 0.5516180850977954, ""kendall_p"": 3.644878466139113e-148, ""spearman_rho"": 0.6156955451435977, ""n"": 1000}, {""metric_a"": ""degree_weighted"", ""metric_b"": ""eigenvector_costweight"", ""kendall_tau"": -0.2996706516737837, ""kendall_p"": 4.832317686793229e-45, ""spearman_rho"": -0.42166966110299126, ""n"": 1000}, {""metric_a"": ""degree_weighted"", ""metric_b"": ""pagerank"", ""kendall_tau"": 0.8835051379953341, ""kendall_p"": 0.0, ""spearman_rho"": 0.9720713439130586, ""n"": 1000}, {""metric_a"": ""eigenvector"", ""metric_b"": ""eigenvector_costweight"", ""kendall_tau"": 0.1362315447889507, ""kendall_p"": 1.5316841203715583e-10, ""spearman_rho"": 0.2552008027485571, ""n"": 1000}, {""metric_a"": ""eigenvector"", ""metric_b"": ""pagerank"", ""kendall_tau"": 0.5254922062301725, ""kendall_p"": 1.197055351512595e-134, ""spearman_rho"": 0.5590629545212314, ""n"": 1000}, {""metric_a"": ""eigenvector_costweight"", ""metric_b"": ""pagerank"", ""kendall_tau"": -0.31313115005529496, ""kendall_p"": 5.121914457739578e-49, ""spearman_rho"": -0.4351126669422561, ""n"": 1000}]",,,
1000,2,False,0.1,padic,1958,True,,499.0,1,2,"2,3,5,7,11,13,17,19,23,29",1492.0,1,2,"2,3,5,7,11,13,17,19,23,29",0.6512841422532971,1,2,"2,3,5,512,768,256,384,640,7,896",0.5120114176580277,1,2,"2,3,5,7,11,13,210,330,390,510",0.13983760514729066,1,2,"2,3,5,7,11,13,17,19,23,29",0.5910275211433076,1.0,2.0,"2,3,5,864,7,11,800,784,13,968",0.9377010795928801,1.1850937455538104e-37,0.9832342051580844,2.486591852039468,1.0,"[{""metric_a"": ""betweenness"", ""metric_b"": ""degree"", ""kendall_tau"": 0.06524971737819404, ""kendall_p"": 0.0132151758006322, ""spearman_rho"": 0.08499714784117411, ""n"": 1000}, {""metric_a"": ""betweenness"", ""metric_b"": ""degree_weighted"", ""kendall_tau"": 0.003249836696578925, ""kendall_p"": 0.8956631326639652, ""spearman_rho"": 0.0015320700417659646, ""n"": 1000}, {""metric_a"": ""betweenness"", ""metric_b"": ""eigenvector"", ""kendall_tau"": -0.04480810772616642, ""kendall_p"": 0.05245556770312849, ""spearman_rho"": -0.10193959970953162, ""n"": 1000}, {""metric_a"": ""betweenness"", ""metric_b"": ""eigenvector_costweight"", ""kendall_tau"": -0.045318130334187245, ""kendall_p"": 0.049826467522670725, ""spearman_rho"": -0.10221559911603131, ""n"": 1000}, {""metric_a"": ""betweenness"", ""metric_b"": ""pagerank"", ""kendall_tau"": 0.13006872369488978, ""kendall_p"": 1.8910216734757312e-08, ""spearman_rho"": 0.141782227489619, ""n"": 1000}, {""metric_a"": ""degree"", ""metric_b"": ""degree_weighted"", ""kendall_tau"": 0.7383440982244321, ""kendall_p"": 3.786354584172573e-178, ""spearman_rho"": 0.8004291750345268, ""n"": 1000}, {""metric_a"": ""degree"", ""metric_b"": ""eigenvector"", ""kendall_tau"": 0.38657873069711834, ""kendall_p"": 1.7051929110826859e-57, ""spearman_rho"": 0.4744917704621332, ""n"": 1000}, {""metric_a"": ""degree"", ""metric_b"": ""eigenvector_costweight"", ""kendall_tau"": 0.6214709722074998, ""kendall_p"": 1.3999473880854237e-145, ""spearman_rho"": 0.7244459160280261, ""n"": 1000}, {""metric_a"": ""degree"", ""metric_b"": ""pagerank"", ""kendall_tau"": 0.6609142811746571, ""kendall_p"": 6.356814055422754e-164, ""spearman_rho"": 0.7677015796569233, ""n"": 1000}, {""metric_a"": ""degree_weighted"", ""metric_b"": ""eigenvector"", ""kendall_tau"": 0.6278374635463712, ""kendall_p"": 1.922730248590362e-167, ""spearman_rho"": 0.750929262599529, ""n"": 1000}, {""metric_a"": ""degree_weighted"", ""metric_b"": ""eigenvector_costweight"", ""kendall_tau"": 0.4649006338608482, ""kendall_p"": 1.0537674753246691e-92, ""spearman_rho"": 0.5930844320677202, ""n"": 1000}, {""metric_a"": ""degree_weighted"", ""metric_b"": ""pagerank"", ""kendall_tau"": 0.8355874679229337, ""kendall_p"": 3.841142703602388e-294, ""spearman_rho"": 0.9215728549681451, ""n"": 1000}, {""metric_a"": ""eigenvector"", ""metric_b"": ""eigenvector_costweight"", ""kendall_tau"": 0.5861948192327278, ""kendall_p"": 6.694015561706479e-168, ""spearman_rho"": 0.7092015241990535, ""n"": 1000}, {""metric_a"": ""eigenvector"", ""metric_b"": ""pagerank"", ""kendall_tau"": 0.555731391353986, ""kendall_p"": 1.0863127654627441e-150, ""spearman_rho"": 0.7063658416135525, ""n"": 1000}, {""metric_a"": ""eigenvector_costweight"", ""metric_b"": ""pagerank"", ""kendall_tau"": 0.4171744871641076, ""kendall_p"": 9.021684585682422e-86, ""spearman_rho"": 0.5622249885708526, ""n"": 1000}]",,,
1000,2,True,0.1,padic,2125,True,,666.0,1,2,"2,3,5,7,11,13,17,19,23,29",3162.0,1,2,"2,3,5,7,11,13,17,19,23,29",0.6982439436623158,1,2,"2,3,5,7,11,13,17,19,23,29",0.5208562145787811,1,2,"2,3,5,7,11,13,210,17,330,390",0.2143214394729103,1,2,"2,3,5,7,11,13,17,19,23,29",0.8885341587412398,1.0,2.0,"2,3,5,7,11,13,17,19,23,29",0.7881536646051394,9.011280880862587e-42,0.9877289589707022,1.218165299282491,0.8956205076926484,"[{""metric_a"": ""betweenness"", ""metric_b"": ""degree"", ""kendall_tau"": 0.423555674815129, ""kendall_p"": 2.857067782722504e-47, ""spearman_rho"": 0.4444030509784443, ""n"": 1000}, {""metric_a"": ""betweenness"", ""metric_b"": ""degree_weighted"", ""kendall_tau"": 0.39166196911785006, ""kendall_p"": 9.523806874398401e-47, ""spearman_rho"": 0.4412322890451943, ""n"": 1000}, {""metric_a"": ""betweenness"", ""metric_b"": ""eigenvector"", ""kendall_tau"": 0.360276133075476, ""kendall_p"": 3.513133419642255e-45, ""spearman_rho"": 0.4334751203248303, ""n"": 1000}, {""metric_a"": ""betweenness"", ""metric_b"": ""eigenvector_costweight"", ""kendall_tau"": -0.06142539390328063, ""kendall_p"": 0.016154739471269868, ""spearman_rho"": -0.08085709961803873, ""n"": 1000}, {""metric_a"": ""betweenness"", ""metric_b"": ""pagerank"", ""kendall_tau"": 0.36071644962728483, ""kendall_p"": 3.505045759365882e-45, ""spearman_rho"": 0.43348678175012556, ""n"": 1000}, {""metric_a"": ""degree"", ""metric_b"": ""degree_weighted"", ""kendall_tau"": 0.3533352001149056, ""kendall_p"": 5.963186175840455e-42, ""spearman_rho"": 0.37020482986883774, ""n"": 1000}, {""metric_a"": ""degree"", ""metric_b"": ""eigenvector"", ""kendall_tau"": 0.17999464616363992, ""kendall_p"": 1.5445069541448955e-13, ""spearman_rho"": 0.20304223544910535, ""n"": 1000}, {""metric_a"": ""degree"", ""metric_b"": ""eigenvector_costweight"", ""kendall_tau"": 0.5680301709160411, ""kendall_p"": 3.954950525902515e-120, ""spearman_rho"": 0.6784563823991878, ""n"": 1000}, {""metric_a"": ""degree"", ""metric_b"": ""pagerank"", ""kendall_tau"": 0.3485215276312621, ""kendall_p"": 2.9643475913815585e-46, ""spearman_rho"": 0.3880882844594022, ""n"": 1000}, {""metric_a"": ""degree_weighted"", ""metric_b"": ""eigenvector"", ""kendall_tau"": 0.7621482636089297, ""kendall_p"": 1.1559488751009936e-247, ""spearman_rho"": 0.8827597684906977, ""n"": 1000}, {""metric_a"": ""degree_weighted"", ""metric_b"": ""eigenvector_costweight"", ""kendall_tau"": 0.08483243533017465, ""kendall_p"": 0.0001826390780703417, ""spearman_rho"": 0.07137545077369904, ""n"": 1000}, {""metric_a"": ""degree_weighted"", ""metric_b"": ""pagerank"", ""kendall_tau"": 0.920989215367873, ""kendall_p"": 0.0, ""spearman_rho"": 0.9824457377953241, ""n"": 1000}, {""metric_a"": ""eigenvector"", ""metric_b"": ""eigenvector_costweight"", ""kendall_tau"": 0.12880034245400804, ""kendall_p"": 1.3017713068537286e-09, ""spearman_rho"": 0.07122774642768875, ""n"": 1000}, {""metric_a"": ""eigenvector"", ""metric_b"": ""pagerank"", ""kendall_tau"": 0.5848481899335026, ""kendall_p"": 1.3075431464943119e-166, ""spearman_rho"": 0.7976720372632173, ""n"": 1000}, {""metric_a"": ""eigenvector_costweight"", ""metric_b"": ""pagerank"", ""kendall_tau"": 0.01636010001171225, ""kendall_p"": 0.44146791019414355, ""spearman_rho"": 0.015606931257961006, ""n"": 1000}]",,,
1000,2,False,0.1,uniform,1958,True,,499.0,1,2,"2,3,5,7,11,13,17,19,23,29",499.0,1,2,"2,3,5,7,11,13,17,19,23,29",0.5598980431314977,1,2,"2,3,5,7,11,13,210,420,630,840",0.5598980431319687,1,2,"2,3,5,7,11,13,210,420,630,840",0.11590594574842034,1,2,"2,3,5,7,11,13,17,19,23,29",0.5385439415130081,1.0,2.0,"2,3,5,7,11,13,17,19,23,29",0.92888430745735,1.330818693308719e-37,0.9861146987684817,2.224311737965974,0.9898410860298298,"[{""metric_a"": ""betweenness"", ""metric_b"": ""degree"", ""kendall_tau"": 0.6288362442338944, ""kendall_p"": 4.775445922943995e-147, ""spearman_rho"": 0.7390243285310054, ""n"": 1000}, {""metric_a"": ""betweenness"", ""metric_b"": ""degree_weighted"", ""kendall_tau"": 0.6288362442338944, ""kendall_p"": 4.775445922943995e-147, ""spearman_rho"": 0.7390243285310054, ""n"": 1000}, {""metric_a"": ""betweenness"", ""metric_b"": ""eigenvector"", ""kendall_tau"": 0.6785704648363526, ""kendall_p"": 9.667783840866017e-221, ""spearman_rho"": 0.8311036624989769, ""n"": 1000}, {""metric_a"": ""betweenness"", ""metric_b"": ""eigenvector_costweight"", ""kendall_tau"": 0.6787491851230321, ""kendall_p"": 7.415602249812487e-221, ""spearman_rho"": 0.8311084626409051, ""n"": 1000}, {""metric_a"": ""betweenness"", ""metric_b"": ""pagerank"", ""kendall_tau"": 0.6219610369874654, ""kendall_p"": 3.4507581672578324e-185, ""spearman_rho"": 0.7741795538646543, ""n"": 1000}, {""metric_a"": ""degree"", ""metric_b"": ""degree_weighted"", ""kendall_tau"": 1.0, ""kendall_p"": 4.3574592969911336e-288, ""spearman_rho"": 1.0, ""n"": 1000}, {""metric_a"": ""degree"", ""metric_b"": ""eigenvector"", ""kendall_tau"": 0.5566985482870723, ""kendall_p"": 6.686058134917478e-117, ""spearman_rho"": 0.655250806631801, ""n"": 1000}, {""metric_a"": ""degree"", ""metric_b"": ""eigenvector_costweight"", ""kendall_tau"": 0.5566985482870723, ""kendall_p"": 6.686058134917478e-117, ""spearman_rho"": 0.655250806631801, ""n"": 1000}, {""metric_a"": ""degree"", ""metric_b"": ""pagerank"", ""kendall_tau"": 0.7652661077481647, ""kendall_p"": 2.1404945565065866e-218, ""spearman_rho"": 0.8736232990990641, ""n"": 1000}, {""metric_a"": ""degree_weighted"", ""metric_b"": ""eigenvector"", ""kendall_tau"": 0.5566985482870723, ""kendall_p"": 6.686058134917478e-117, ""spearman_rho"": 0.655250806631801, ""n"": 1000}, {""metric_a"": ""degree_weighted"", ""metric_b"": ""eigenvector_costweight"", ""kendall_tau"": 0.5566985482870723, ""kendall_p"": 6.686058134917478e-117, ""spearman_rho"": 0.655250806631801, ""n"": 1000}, {""metric_a"": ""degree_weighted"", ""metric_b"": ""pagerank"", ""kendall_tau"": 0.7652661077481647, ""kendall_p"": 2.1404945565065866e-218, ""spearman_rho"": 0.8736232990990641, ""n"": 1000}, {""metric_a"": ""eigenvector"", ""metric_b"": ""eigenvector_costweight"", ""kendall_tau"": 0.9965203420721728, ""kendall_p"": 0.0, ""spearman_rho"": 0.9999317257928965, ""n"": 1000}, {""metric_a"": ""eigenvector"", ""metric_b"": ""pagerank"", ""kendall_tau"": 0.4184671348376057, ""kendall_p"": 8.321973088327132e-86, ""spearman_rho"": 0.5915670876243506, ""n"": 1000}, {""metric_a"": ""eigenvector_costweight"", ""metric_b"": ""pagerank"", ""kendall_tau"": 0.4184671348376057, ""kendall_p"": 8.321973088327132e-86, ""spearman_rho"": 0.5915670876243506, ""n"": 1000}]",,,
1000,2,True,0.1,uniform,2125,True,,666.0,1,2,"2,3,5,7,11,13,17,19,23,29",2169.0,1,2,"2,3,5,7,11,13,17,19,23,29",0.7054671506253181,1,2,"2,3,5,7,11,13,17,19,23,29",0.5609628076722327,1,2,"2,3,5,7,11,13,210,420,630,840",0.24043889672190416,1,2,"2,3,5,7,11,13,17,19,23,29",0.8327236722360305,1.0,2.0,"2,3,5,7,11,13,17,19,23,29",0.7926631259936757,1.21421228146527e-42,0.9882832507457138,1.2396710788310854,0.9009504088488437,"[{""metric_a"": ""betweenness"", ""metric_b"": ""degree"", ""kendall_tau"": 0.42395039441793203, ""kendall_p"": 1.99099223190379e-47, ""spearman_rho"": 0.4446346949521959, ""n"": 1000}, {""metric_a"": ""betweenness"", ""metric_b"": ""degree_weighted"", ""kendall_tau"": 0.4427597075583172, ""kendall_p"": 4.015866151880301e-53, ""spearman_rho"": 0.4707285240068475, ""n"": 1000}, {""metric_a"": ""betweenness"", ""metric_b"": ""eigenvector"", ""kendall_tau"": 0.3609837854144549, ""kendall_p"": 2.548201487168855e-45, ""spearman_rho"": 0.43348605555872927, ""n"": 1000}, {""metric_a"": ""betweenness"", ""metric_b"": ""eigenvector_costweight"", ""kendall_tau"": -0.10349813093726147, ""kendall_p"": 5.100193392460415e-05, ""spearman_rho"": -0.13457502206021132, ""n"": 1000}, {""metric_a"": ""betweenness"", ""metric_b"": ""pagerank"", ""kendall_tau"": 0.36154820090557593, ""kendall_p"": 2.539391915905324e-45, ""spearman_rho"": 0.43350017791554035, ""n"": 1000}, {""metric_a"": ""degree"", ""metric_b"": ""degree_weighted"", ""kendall_tau"": 0.5460278039428852, ""kendall_p"": 2.5594645577631285e-87, ""spearman_rho"": 0.5311054144804173, ""n"": 1000}, {""metric_a"": ""degree"", ""metric_b"": ""eigenvector"", ""kendall_tau"": 0.36414832037836337, ""kendall_p"": 2.4423226193287596e-50, ""spearman_rho"": 0.40325717605100275, ""n"": 1000}, {""metric_a"": ""degree"", ""metric_b"": ""eigenvector_costweight"", ""kendall_tau"": 0.4997642383046008, ""kendall_p"": 3.3830912528128258e-93, ""spearman_rho"": 0.5941332785445729, ""n"": 1000}, {""metric_a"": ""degree"", ""metric_b"": ""pagerank"", ""kendall_tau"": 0.44587474151308254, ""kendall_p"": 2.4692419353921785e-74, ""spearman_rho"": 0.48910206186234534, ""n"": 1000}, {""metric_a"": ""degree_weighted"", ""metric_b"": ""eigenvector"", ""kendall_tau"": 0.736774382649204, ""kendall_p"": 2.2794265747737727e-206, ""spearman_rho"": 0.8418488746228344, ""n"": 1000}, {""metric_a"": ""degree_weighted"", ""metric_b"": ""eigenvector_costweight"", ""kendall_tau"": 0.10888262447738997, ""kendall_p"": 5.882081307516085e-06, ""spearman_rho"": 0.054236806744563874, ""n"": 1000}, {""metric_a"": ""degree_weighted"", ""metric_b"": ""pagerank"", ""kendall_tau"": 0.8165788230808136, ""kendall_p"": 3.073269999322008e-252, ""spearman_rho"": 0.9209133413577342, ""n"": 1000}, {""metric_a"": ""eigenvector"", ""metric_b"": ""eigenvector_costweight"", ""kendall_tau"": 0.46118977776080294, ""kendall_p"": 3.770614117149116e-104, ""spearman_rho"": 0.2950225524905952, ""n"": 1000}, {""metric_a"": ""eigenvector"", ""metric_b"": ""pagerank"", ""kendall_tau"": 0.5461833485623369, ""kendall_p"": 8.12743460328005e-145, ""spearman_rho"": 0.6508534042650322, ""n"": 1000}, {""metric_a"": ""eigenvector_costweight"", ""metric_b"": ""pagerank"", ""kendall_tau"": 0.03163691942635245, ""kendall_p"": 0.1377097602194432, ""spearman_rho"": -0.07585369261562262, ""n"": 1000}]",,,
3162,2,False,0.1,log,6795,True,,1580.0,1,2,"2,3,5,7,11,13,17,19,23,29",1095.1725452846686,2,3,"3,2,5,7,11,13,17,19,23,29",0.22212745931366926,4,5,"5,7,3,2,11,13,17,19,23,29",0.6783141752251849,1,2,"2,3,5,7,2310,2730,210,420,630,840",0.03072736780290019,2,3,"3,2,5,7,11,13,17,19,23,29",0.09150705392861569,4.0,3.0,"3,5,7,2,11,13,17,19,23,29",0.9345772980709545,6.145091204769995e-97,0.9738869924283442,1.0032809854332954,0.9982644762707895,"[{""metric_a"": ""betweenness"", ""metric_b"": ""degree"", ""kendall_tau"": 0.33887167212770336, ""kendall_p"": 6.967402804185759e-136, ""spearman_rho"": 0.42217621964913166, ""n"": 3162}, {""metric_a"": ""betweenness"", ""metric_b"": ""degree_weighted"", ""kendall_tau"": 0.6738386434143953, ""kendall_p"": 0.0, ""spearman_rho"": 0.8314669994025574, ""n"": 3162}, {""metric_a"": ""betweenness"", ""metric_b"": ""eigenvector"", ""kendall_tau"": 0.17064961105001758, ""kendall_p"": 3.70782860075551e-46, ""spearman_rho"": 0.26742780434184155, ""n"": 3162}, {""metric_a"": ""betweenness"", ""metric_b"": ""eigenvector_costweight"", ""kendall_tau"": -0.14805511278816302, ""kendall_p"": 3.579904960319021e-35, ""spearman_rho"": -0.14804419860207677, ""n"": 3162}, {""metric_a"": ""betweenness"", ""metric_b"": ""pagerank"", ""kendall_tau"": 0.6159351424882126, ""kendall_p"": 0.0, ""spearman_rho"": 0.7394993435242502, ""n"": 3162}, {""metric_a"": ""degree"", ""metric_b"": ""degree_weighted"", ""kendall_tau"": 0.26120402551410155, ""kendall_p"": 3.7518521797618233e-82, ""spearman_rho"": 0.3271133977962029, ""n"": 3162}, {""metric_a"": ""degree"", ""metric_b"": ""eigenvector"", ""kendall_tau"": 0.6288632048557624, ""kendall_p"": 0.0, ""spearman_rho"": 0.739255841406366, ""n"": 3162}, {""metric_a"": ""degree"", ""metric_b"": ""eigenvector_costweight"", ""kendall_tau"": 0.5334794823305715, ""kendall_p"": 0.0, ""spearman_rho"": 0.6314802817129423, ""n"": 3162}, {""metric_a"": ""degree"", ""metric_b"": ""pagerank"", ""kendall_tau"": 0.2189842196070312, ""kendall_p"": 2.721127454533907e-58, ""spearman_rho"": 0.2752214575048027, ""n"": 3162}, {""metric_a"": ""degree_weighted"", ""metric_b"": ""eigenvector"", ""kendall_tau"": -0.014329724209361764, ""kendall_p"": 0.22919495844687365, ""spearman_rho"": 0.002396311235951874, ""n"": 3162}, {""metric_a"": ""degree_weighted"", ""metric_b"": ""eigenvector_costweight"", ""kendall_tau"": -0.14070797865933782, ""kendall_p"": 3.5879912746864034e-32, ""spearman_rho"": -0.15223630751199574, ""n"": 3162}, {""metric_a"": ""degree_weighted"", ""metric_b"": ""pagerank"", ""kendall_tau"": 0.9116968070442764, ""kendall_p"": 0.0, ""spearman_rho"": 0.9760681043678309, ""n"": 3162}, {""metric_a"": ""eigenvector"", ""metric_b"": ""eigenvector_costweight"", ""kendall_tau"": 0.3774427037242805, ""kendall_p"": 3.781455792018961e-220, ""spearman_rho"": 0.490603162059179, ""n"": 3162}, {""metric_a"": ""eigenvector"", ""metric_b"": ""pagerank"", ""kendall_tau"": -0.06617853310193436, ""kendall_p"": 2.805346646392841e-08, ""spearman_rho"": -0.06661876829063532, ""n"": 3162}, {""metric_a"": ""eigenvector_costweight"", ""metric_b"": ""pagerank"", ""kendall_tau"": -0.14168118942441618, ""kendall_p"": 1.3542481184176954e-32, ""spearman_rho"": -0.15797460231839994, ""n"": 3162}]",,,
3162,2,True,0.1,log,7240,True,,2025.0,1,2,"2,3,5,7,11,13,17,19,23,29",5545.172545284669,1,2,"2,3,5,7,11,13,17,19,23,29",0.7027766744203077,1,2,"2,3,5,7,11,13,17,19,23,29",0.6780434440316451,1,2,"2,3,5,7,2310,2730,210,420,630,840",0.10464383474721148,1,2,"2,3,5,7,11,13,17,19,23,29",0.9703300509772985,1.0,2.0,"2,13,19,17,11,7,23,29,31,5",0.8747309236128714,7.095822744595215e-142,0.9384459704302848,1.0337454450927184,0.999060206160226,"[{""metric_a"": ""betweenness"", ""metric_b"": ""degree"", ""kendall_tau"": 0.26598741966031, ""kendall_p"": 5.927414663632092e-59, ""spearman_rho"": 0.2820396673433094, ""n"": 3162}, {""metric_a"": ""betweenness"", ""metric_b"": ""degree_weighted"", ""kendall_tau"": 0.38890752089103703, ""kendall_p"": 1.2000103012096083e-162, ""spearman_rho"": 0.4670835852428693, ""n"": 3162}, {""metric_a"": ""betweenness"", ""metric_b"": ""eigenvector"", ""kendall_tau"": 0.38890752089103703, ""kendall_p"": 1.2000103012096083e-162, ""spearman_rho"": 0.4670835852428693, ""n"": 3162}, {""metric_a"": ""betweenness"", ""metric_b"": ""eigenvector_costweight"", ""kendall_tau"": -0.13547887558204788, ""kendall_p"": 2.8670181659785682e-21, ""spearman_rho"": -0.1830759305295609, ""n"": 3162}, {""metric_a"": ""betweenness"", ""metric_b"": ""pagerank"", ""kendall_tau"": 0.38890752089103703, ""kendall_p"": 1.2000103012096083e-162, ""spearman_rho"": 0.4670835852428693, ""n"": 3162}, {""metric_a"": ""degree"", ""metric_b"": ""degree_weighted"", ""kendall_tau"": 0.022656693303565775, ""kendall_p"": 0.0977039275340876, ""spearman_rho"": 0.027704145218621936, ""n"": 3162}, {""metric_a"": ""degree"", ""metric_b"": ""eigenvector"", ""kendall_tau"": 0.269683171623838, ""kendall_p"": 1.6856979351464974e-86, ""spearman_rho"": 0.3056487732668959, ""n"": 3162}, {""metric_a"": ""degree"", ""metric_b"": ""eigenvector_costweight"", ""kendall_tau"": 0.4518585316668014, ""kendall_p"": 3.1623394508453156e-239, ""spearman_rho"": 0.5610026767996317, ""n"": 3162}, {""metric_a"": ""degree"", ""metric_b"": ""pagerank"", ""kendall_tau"": 0.09433685974575032, ""kendall_p"": 5.365990847013278e-12, ""spearman_rho"": 0.11091001641046265, ""n"": 3162}, {""metric_a"": ""degree_weighted"", ""metric_b"": ""eigenvector"", ""kendall_tau"": 0.4816852608242286, ""kendall_p"": 0.0, ""spearman_rho"": 0.5538748331716492, ""n"": 3162}, {""metric_a"": ""degree_weighted"", ""metric_b"": ""eigenvector_costweight"", ""kendall_tau"": -0.2917626601863585, ""kendall_p"": 2.2275781913197987e-132, ""spearman_rho"": -0.4191709212118722, ""n"": 3162}, {""metric_a"": ""degree_weighted"", ""metric_b"": ""pagerank"", ""kendall_tau"": 0.8873295792477861, ""kendall_p"": 0.0, ""spearman_rho"": 0.9758692606793642, ""n"": 3162}, {""metric_a"": ""eigenvector"", ""metric_b"": ""eigenvector_costweight"", ""kendall_tau"": 0.2036592079584576, ""kendall_p"": 1.7600459347069694e-65, ""spearman_rho"": 0.3442585976966533, ""n"": 3162}, {""metric_a"": ""eigenvector"", ""metric_b"": ""pagerank"", ""kendall_tau"": 0.48870376275830785, ""kendall_p"": 0.0, ""spearman_rho"": 0.5160372000975343, ""n"": 3162}, {""metric_a"": ""eigenvector_costweight"", ""metric_b"": ""pagerank"", ""kendall_tau"": -0.3028636597789934, ""kendall_p"": 1.7307032458750402e-142, ""spearman_rho"": -0.43311601622956286, ""n"": 3162}]",,,
3162,2,False,0.1,padic,6795,True,,1580.0,1,2,"2,3,5,7,11,13,17,19,23,29",4735.0,1,2,"2,3,5,7,11,13,17,19,23,29",0.6511352003564231,1,2,"2,3,5,7,2048,3072,1024,1536,2560,2304",0.5109750005933653,1,2,"2,3,5,7,11,13,17,19,23,2310",0.13001898043182614,1,2,"2,3,5,7,11,13,17,19,23,29",0.5987580802727024,1.0,2.0,"2,3,5,2592,7,2000,11,3136,13,17",0.9355787953680181,6.919647971891608e-97,0.9854242018856129,2.448828555515907,0.9999999999999998,"[{""metric_a"": ""betweenness"", ""metric_b"": ""degree"", ""kendall_tau"": -0.026736908626335026, ""kendall_p"": 0.06973340890287863, ""spearman_rho"": -0.02526006054314127, ""n"": 3162}, {""metric_a"": ""betweenness"", ""metric_b"": ""degree_weighted"", ""kendall_tau"": -0.07890385881488937, ""kendall_p"": 1.1950167570578507e-08, ""spearman_rho"": -0.10288522590249591, ""n"": 3162}, {""metric_a"": ""betweenness"", ""metric_b"": ""eigenvector"", ""kendall_tau"": -0.08008909670757644, ""kendall_p"": 5.465341691903943e-10, ""spearman_rho"": -0.15194851176224783, ""n"": 3162}, {""metric_a"": ""betweenness"", ""metric_b"": ""eigenvector_costweight"", ""kendall_tau"": -0.07571943710223776, ""kendall_p"": 4.464050175445477e-09, ""spearman_rho"": -0.14084880737516267, ""n"": 3162}, {""metric_a"": ""betweenness"", ""metric_b"": ""pagerank"", ""kendall_tau"": 0.041046563082889446, ""kendall_p"": 0.001488486158620491, ""spearman_rho"": 0.02759408226240543, ""n"": 3162}, {""metric_a"": ""degree"", ""metric_b"": ""degree_weighted"", ""kendall_tau"": 0.7571113830546423, ""kendall_p"": 0.0, ""spearman_rho"": 0.8217411211141341, ""n"": 3162}, {""metric_a"": ""degree"", ""metric_b"": ""eigenvector"", ""kendall_tau"": 0.3969058430676646, ""kendall_p"": 2.7702347068654167e-187, ""spearman_rho"": 0.4853876908296832, ""n"": 3162}, {""metric_a"": ""degree"", ""metric_b"": ""eigenvector_costweight"", ""kendall_tau"": 0.6099184223283325, ""kendall_p"": 0.0, ""spearman_rho"": 0.711047559420702, ""n"": 3162}, {""metric_a"": ""degree"", ""metric_b"": ""pagerank"", ""kendall_tau"": 0.6547922450781823, ""kendall_p"": 0.0, ""spearman_rho"": 0.7653408459593147, ""n"": 3162}, {""metric_a"": ""degree_weighted"", ""metric_b"": ""eigenvector"", ""kendall_tau"": 0.61710022610447, ""kendall_p"": 0.0, ""spearman_rho"": 0.7416015013713164, ""n"": 3162}, {""metric_a"": ""degree_weighted"", ""metric_b"": ""eigenvector_costweight"", ""kendall_tau"": 0.4603497446087932, ""kendall_p"": 1.2975008253862798e-284, ""spearman_rho"": 0.587455160679392, ""n"": 3162}, {""metric_a"": ""degree_weighted"", ""metric_b"": ""pagerank"", ""kendall_tau"": 0.832930676676052, ""kendall_p"": 0.0, ""spearman_rho"": 0.9158414619426674, ""n"": 3162}, {""metric_a"": ""eigenvector"", ""metric_b"": ""eigenvector_costweight"", ""kendall_tau"": 0.5959301331144982, ""kendall_p"": 0.0, ""spearman_rho"": 0.7140954247378853, ""n"": 3162}, {""metric_a"": ""eigenvector"", ""metric_b"": ""pagerank"", ""kendall_tau"": 0.5721008804459584, ""kendall_p"": 0.0, ""spearman_rho"": 0.7133441112238894, ""n"": 3162}, {""metric_a"": ""eigenvector_costweight"", ""metric_b"": ""pagerank"", ""kendall_tau"": 0.4276683404855013, ""kendall_p"": 6.15363002420227e-282, ""spearman_rho"": 0.5694805788119527, ""n"": 3162}]",,,
3162,2,True,0.1,padic,7240,True,,2025.0,1,2,"2,3,5,7,11,13,17,19,23,29",9185.0,1,2,"2,3,5,7,11,13,17,19,23,29",0.6991920632551669,1,2,"2,3,5,7,11,13,17,19,2048,23",0.5178199911906268,1,2,"2,3,5,7,11,13,17,19,23,2310",0.19329920409345477,1,2,"2,3,5,7,11,13,17,19,23,29",0.8896143098175685,1.0,2.0,"2,3,5,7,11,13,17,19,23,29",0.7832388345501975,6.249287817595785e-107,0.9868228828303984,1.1578819633369888,0.8945873988358279,"[{""metric_a"": ""betweenness"", ""metric_b"": ""degree"", ""kendall_tau"": 0.36724898913395926, ""kendall_p"": 1.5557227459801666e-109, ""spearman_rho"": 0.38681078710715344, ""n"": 3162}, {""metric_a"": ""betweenness"", ""metric_b"": ""degree_weighted"", ""kendall_tau"": 0.35879630755697794, ""kendall_p"": 2.03968452771262e-120, ""spearman_rho"": 0.40525948854253746, ""n"": 3162}, {""metric_a"": ""betweenness"", ""metric_b"": ""eigenvector"", ""kendall_tau"": 0.32893013739246774, ""kendall_p"": 8.357575945212449e-116, ""spearman_rho"": 0.397271644507024, ""n"": 3162}, {""metric_a"": ""betweenness"", ""metric_b"": ""eigenvector_costweight"", ""kendall_tau"": -0.10569948170861437, ""kendall_p"": 1.9734447847494304e-13, ""spearman_rho"": -0.13579664479262818, ""n"": 3162}, {""metric_a"": ""betweenness"", ""metric_b"": ""pagerank"", ""kendall_tau"": 0.33019624890650184, ""kendall_p"": 1.865748744071411e-116, ""spearman_rho"": 0.3984255665112574, ""n"": 3162}, {""metric_a"": ""degree"", ""metric_b"": ""degree_weighted"", ""kendall_tau"": 0.4157982890093894, ""kendall_p"": 7.712769586411895e-178, ""spearman_rho"": 0.43707022642293136, ""n"": 3162}, {""metric_a"": ""degree"", ""metric_b"": ""eigenvector"", ""kendall_tau"": 0.21020413387931944, ""kendall_p"": 2.549702194307418e-53, ""spearman_rho"": 0.23704712991478563, ""n"": 3162}, {""metric_a"": ""degree"", ""metric_b"": ""eigenvector_costweight"", ""kendall_tau"": 0.5555683590971419, ""kendall_p"": 0.0, ""spearman_rho"": 0.6681738357304469, ""n"": 3162}, {""metric_a"": ""degree"", ""metric_b"": ""pagerank"", ""kendall_tau"": 0.4063871655471564, ""kendall_p"": 1.0994744207819857e-193, ""spearman_rho"": 0.4560049161779373, ""n"": 3162}, {""metric_a"": ""degree_weighted"", ""metric_b"": ""eigenvector"", ""kendall_tau"": 0.7337482380933046, ""kendall_p"": 0.0, ""spearman_rho"": 0.8639231190384844, ""n"": 3162}, {""metric_a"": ""degree_weighted"", ""metric_b"": ""eigenvector_costweight"", ""kendall_tau"": 0.14173084972469596, ""kendall_p"": 8.785469102720246e-29, ""spearman_rho"": 0.15882560332762446, ""n"": 3162}, {""metric_a"": ""degree_weighted"", ""metric_b"": ""pagerank"", ""kendall_tau"": 0.9202888712952145, ""kendall_p"": 0.0, ""spearman_rho"": 0.9831369228247874, ""n"": 3162}, {""metric_a"": ""eigenvector"", ""metric_b"": ""eigenvector_costweight"", ""kendall_tau"": 0.1870526881096566, ""kendall_p"": 1.2953283488329043e-55, ""spearman_rho"": 0.1625723012583081, ""n"": 3162}, {""metric_a"": ""eigenvector"", ""metric_b"": ""pagerank"", ""kendall_tau"": 0.5629192227736104, ""kendall_p"": 0.0, ""spearman_rho"": 0.7777378880501343, ""n"": 3162}, {""metric_a"": ""eigenvector_costweight"", ""metric_b"": ""pagerank"", ""kendall_tau"": 0.07179072467750798, ""kendall_p"": 1.7072470101625327e-09, ""spearman_rho"": 0.10022480653966695, ""n"": 3162}]",,,
3162,2,False,0.1,uniform,6795,True,,1580.0,1,2,"2,3,5,7,11,13,17,19,23,29",1580.0,1,2,"2,3,5,7,11,13,17,19,23,29",0.5585388520584961,1,2,"2,3,5,7,11,13,17,19,23,2310",0.5585388520586545,1,2,"2,3,5,7,11,13,17,19,23,2310",0.10617217329083539,1,2,"2,3,5,7,11,13,17,19,23,29",0.5410824382226928,1.0,2.0,"2,3,5,7,11,13,17,19,23,29",0.9044163507200704,2.109263428185877e-93,0.9865397644285009,2.323617141692332,0.982505833373047,"[{""metric_a"": ""betweenness"", ""metric_b"": ""degree"", ""kendall_tau"": 0.6166035725168436, ""kendall_p"": 0.0, ""spearman_rho"": 0.7192752882092792, ""n"": 3162}, {""metric_a"": ""betweenness"", ""metric_b"": ""degree_weighted"", ""kendall_tau"": 0.6166035725168436, ""kendall_p"": 0.0, ""spearman_rho"": 0.7192752882092792, ""n"": 3162}, {""metric_a"": ""betweenness"", ""metric_b"": ""eigenvector"", ""kendall_tau"": 0.6818461229220405, ""kendall_p"": 0.0, ""spearman_rho"": 0.8401830528071279, ""n"": 3162}, {""metric_a"": ""betweenness"", ""metric_b"": ""eigenvector_costweight"", ""kendall_tau"": 0.6819635361622939, ""kendall_p"": 0.0, ""spearman_rho"": 0.8401850896666444, ""n"": 3162}, {""metric_a"": ""betweenness"", ""metric_b"": ""pagerank"", ""kendall_tau"": 0.6032676344730517, ""kendall_p"": 0.0, ""spearman_rho"": 0.7407578215884122, ""n"": 3162}, {""metric_a"": ""degree"", ""metric_b"": ""degree_weighted"", ""kendall_tau"": 1.0, ""kendall_p"": 0.0, ""spearman_rho"": 1.0, ""n"": 3162}, {""metric_a"": ""degree"", ""metric_b"": ""eigenvector"", ""kendall_tau"": 0.5561207070159458, ""kendall_p"": 0.0, ""spearman_rho"": 0.6550634767365725, ""n"": 3162}, {""metric_a"": ""degree"", ""metric_b"": ""eigenvector_costweight"", ""kendall_tau"": 0.5561207070159458, ""kendall_p"": 0.0, ""spearman_rho"": 0.6550634767365725, ""n"": 3162}, {""metric_a"": ""degree"", ""metric_b"": ""pagerank"", ""kendall_tau"": 0.7539664053071502, ""kendall_p"": 0.0, ""spearman_rho"": 0.8653228699745064, ""n"": 3162}, {""metric_a"": ""degree_weighted"", ""metric_b"": ""eigenvector"", ""kendall_tau"": 0.5561207070159458, ""kendall_p"": 0.0, ""spearman_rho"": 0.6550634767365725, ""n"": 3162}, {""metric_a"": ""degree_weighted"", ""metric_b"": ""eigenvector_costweight"", ""kendall_tau"": 0.5561207070159458, ""kendall_p"": 0.0, ""spearman_rho"": 0.6550634767365725, ""n"": 3162}, {""metric_a"": ""degree_weighted"", ""metric_b"": ""pagerank"", ""kendall_tau"": 0.7539664053071502, ""kendall_p"": 0.0, ""spearman_rho"": 0.8653228699745064, ""n"": 3162}, {""metric_a"": ""eigenvector"", ""metric_b"": ""eigenvector_costweight"", ""kendall_tau"": 0.9975368115966506, ""kendall_p"": 0.0, ""spearman_rho"": 0.9999631117839411, ""n"": 3162}, {""metric_a"": ""eigenvector"", ""metric_b"": ""pagerank"", ""kendall_tau"": 0.4551729740546083, ""kendall_p"": 0.0, ""spearman_rho"": 0.6150565994441333, ""n"": 3162}, {""metric_a"": ""eigenvector_costweight"", ""metric_b"": ""pagerank"", ""kendall_tau"": 0.4551729740546083, ""kendall_p"": 0.0, ""spearman_rho"": 0.6150565994441333, ""n"": 3162}]",,,
3162,2,True,0.1,uniform,7240,True,,2025.0,1,2,"2,3,5,7,11,13,17,19,23,29",6030.0,1,2,"2,3,5,7,11,13,17,19,23,29",0.705827404224142,1,2,"2,3,5,7,11,13,17,19,23,29",0.5594171970417489,1,2,"2,3,5,7,11,13,17,19,23,2310",0.213790603748684,1,2,"2,3,5,7,11,13,17,19,23,29",0.8332829099908297,1.0,2.0,"2,3,5,7,11,13,17,19,23,29",0.7895435022502995,4.372166311518597e-110,0.9857068932850959,1.1948721292483757,0.9018748475210899,"[{""metric_a"": ""betweenness"", ""metric_b"": ""degree"", ""kendall_tau"": 0.3676680139016497, ""kendall_p"": 5.666606452695269e-110, ""spearman_rho"": 0.3871041618446155, ""n"": 3162}, {""metric_a"": ""betweenness"", ""metric_b"": ""degree_weighted"", ""kendall_tau"": 0.402412407174531, ""kendall_p"": 1.2502747079482107e-134, ""spearman_rho"": 0.4281183470468952, ""n"": 3162}, {""metric_a"": ""betweenness"", ""metric_b"": ""eigenvector"", ""kendall_tau"": 0.3303528220099519, ""kendall_p"": 7.169486316673546e-117, ""spearman_rho"": 0.39842652953024116, ""n"": 3162}, {""metric_a"": ""betweenness"", ""metric_b"": ""eigenvector_costweight"", ""kendall_tau"": -0.1359637746071432, ""kendall_p"": 3.089943729987354e-21, ""spearman_rho"": -0.17471433587810004, ""n"": 3162}, {""metric_a"": ""betweenness"", ""metric_b"": ""pagerank"", ""kendall_tau"": 0.3307069533386891, ""kendall_p"": 7.151455699708343e-117, ""spearman_rho"": 0.3984335497413091, ""n"": 3162}, {""metric_a"": ""degree"", ""metric_b"": ""degree_weighted"", ""kendall_tau"": 0.5955767595653753, ""kendall_p"": 0.0, ""spearman_rho"": 0.5763534693342565, ""n"": 3162}, {""metric_a"": ""degree"", ""metric_b"": ""eigenvector"", ""kendall_tau"": 0.39092696548013295, ""kendall_p"": 1.5340582433661536e-179, ""spearman_rho"": 0.43179016423711647, ""n"": 3162}, {""metric_a"": ""degree"", ""metric_b"": ""eigenvector_costweight"", ""kendall_tau"": 0.5023610715602127, ""kendall_p"": 3.4996764545498715e-295, ""spearman_rho"": 0.6034480621330712, ""n"": 3162}, {""metric_a"": ""degree"", ""metric_b"": ""pagerank"", ""kendall_tau"": 0.48945154802289625, ""kendall_p"": 1.1828612729062772e-279, ""spearman_rho"": 0.5363903702716399, ""n"": 3162}, {""metric_a"": ""degree_weighted"", ""metric_b"": ""eigenvector"", ""kendall_tau"": 0.7252462586972124, ""kendall_p"": 0.0, ""spearman_rho"": 0.8320879585311385, ""n"": 3162}, {""metric_a"": ""degree_weighted"", ""metric_b"": ""eigenvector_costweight"", ""kendall_tau"": 0.17929148980702428, ""kendall_p"": 3.438309749333952e-40, ""spearman_rho"": 0.1554983090459372, ""n"": 3162}, {""metric_a"": ""degree_weighted"", ""metric_b"": ""pagerank"", ""kendall_tau"": 0.8218110263067949, ""kendall_p"": 0.0, ""spearman_rho"": 0.9306621696772683, ""n"": 3162}, {""metric_a"": ""eigenvector"", ""metric_b"": ""eigenvector_costweight"", ""kendall_tau"": 0.5277336558268689, ""kendall_p"": 0.0, ""spearman_rho"": 0.3982205091685324, ""n"": 3162}, {""metric_a"": ""eigenvector"", ""metric_b"": ""pagerank"", ""kendall_tau"": 0.4918379041641667, ""kendall_p"": 0.0, ""spearman_rho"": 0.6363806363829184, ""n"": 3162}, {""metric_a"": ""eigenvector_costweight"", ""metric_b"": ""pagerank"", ""kendall_tau"": 0.04164789969430726, ""kendall_p"": 0.00048172546539025423, ""spearman_rho"": -0.0033765217491583447, ""n"": 3162}]",,,
10000,2,False,0.1,log,23071,True,,4999.0,1,2,"2,3,5,7,11,13,17,19,23,29",3465.0427556193986,2,3,"3,2,5,7,11,13,17,19,23,29",0.2192284359014654,4,5,"5,7,3,2,11,13,17,19,23,29",0.6783255537554721,1,2,"2,3,5,7,11,13,2310,4620,6930,9240",0.025182047509915293,2,3,"3,2,5,7,11,13,17,19,23,29",0.07648598426555997,6.0,5.0,"5,7,3,13,11,2,19,23,17,31",0.9204606954905148,1.7744125841275292e-251,0.981502397544395,1.025257564201797,0.9957410967961072,"[{""metric_a"": ""betweenness"", ""metric_b"": ""degree"", ""kendall_tau"": 0.267740337272066, ""kendall_p"": 4.162188312318177e-269, ""spearman_rho"": 0.34075733441715755, ""n"": 10000}, {""metric_a"": ""betweenness"", ""metric_b"": ""degree_weighted"", ""kendall_tau"": 0.6353529793133261, ""kendall_p"": 0.0, ""spearman_rho"": 0.8032550717006217, ""n"": 10000}, {""metric_a"": ""betweenness"", ""metric_b"": ""eigenvector"", ""kendall_tau"": 0.12676451874224942, ""kendall_p"": 1.1352437597298859e-79, ""spearman_rho"": 0.20337321893122282, ""n"": 10000}, {""metric_a"": ""betweenness"", ""metric_b"": ""eigenvector_costweight"", ""kendall_tau"": -0.16357544904007482, ""kendall_p"": 2.2565343704830416e-131, ""spearman_rho"": -0.180083167304385, ""n"": 10000}, {""metric_a"": ""betweenness"", ""metric_b"": ""pagerank"", ""kendall_tau"": 0.5751598115920173, ""kendall_p"": 0.0, ""spearman_rho"": 0.7057219641654036, ""n"": 10000}, {""metric_a"": ""degree"", ""metric_b"": ""degree_weighted"", ""kendall_tau"": 0.19259262592626222, ""kendall_p"": 5.91569472923534e-141, ""spearman_rho"": 0.24565090313428223, ""n"": 10000}, {""metric_a"": ""degree"", ""metric_b"": ""eigenvector"", ""kendall_tau"": 0.6497723794610176, ""kendall_p"": 0.0, ""spearman_rho"": 0.7572947782951823, ""n"": 10000}, {""metric_a"": ""degree"", ""metric_b"": ""eigenvector_costweight"", ""kendall_tau"": 0.5419630508562783, ""kendall_p"": 0.0, ""spearman_rho"": 0.6418676521286727, ""n"": 10000}, {""metric_a"": ""degree"", ""metric_b"": ""pagerank"", ""kendall_tau"": 0.14562597096907784, ""kendall_p"": 2.0136171558795752e-81, ""spearman_rho"": 0.18824266306362925, ""n"": 10000}, {""metric_a"": ""degree_weighted"", ""metric_b"": ""eigenvector"", ""kendall_tau"": -0.04809048248487019, ""kendall_p"": 6.548877025372673e-13, ""spearman_rho"": -0.04499258235195864, ""n"": 10000}, {""metric_a"": ""degree_weighted"", ""metric_b"": ""eigenvector_costweight"", ""kendall_tau"": -0.1464877661396403, ""kendall_p"": 2.780186977853136e-106, ""spearman_rho"": -0.17077337160147085, ""n"": 10000}, {""metric_a"": ""degree_weighted"", ""metric_b"": ""pagerank"", ""kendall_tau"": 0.908234571299797, ""kendall_p"": 0.0, ""spearman_rho"": 0.9746371948080866, ""n"": 10000}, {""metric_a"": ""eigenvector"", ""metric_b"": ""eigenvector_costweight"", ""kendall_tau"": 0.3861462419077121, ""kendall_p"": 0.0, ""spearman_rho"": 0.5037368700049419, ""n"": 10000}, {""metric_a"": ""eigenvector"", ""metric_b"": ""pagerank"", ""kendall_tau"": -0.10220755738176932, ""kendall_p"": 1.0729905295509675e-52, ""spearman_rho"": -0.11680105713899089, ""n"": 10000}, {""metric_a"": ""eigenvector_costweight"", ""metric_b"": ""pagerank"", ""kendall_tau"": -0.1472808798556362, ""kendall_p"": 2.0477224473107043e-107, ""spearman_rho"": -0.17665168480888008, ""n"": 10000}]",,,
10000,2,True,0.1,log,24299,True,,6227.0,1,2,"2,3,5,7,11,13,17,19,23,29",15745.042755619399,1,2,"2,3,5,7,11,13,17,19,23,29",0.7037744752041102,1,2,"2,3,5,7,11,13,17,19,23,29",0.6781945923405582,1,2,"2,3,5,7,11,13,2310,4620,6930,9240",0.08400217842245504,1,2,"2,3,5,7,11,13,17,19,23,29",0.978653256403856,1.0,2.0,"2,19,23,17,13,31,29,11,37,41",0.867916631255747,0.0,0.9495869740006204,1.0699208954757584,0.9997002475149604,"[{""metric_a"": ""betweenness"", ""metric_b"": ""degree"", ""kendall_tau"": 0.21623836841435165, ""kendall_p"": 1.6117378876756668e-121, ""spearman_rho"": 0.23070656469608009, ""n"": 10000}, {""metric_a"": ""betweenness"", ""metric_b"": ""degree_weighted"", ""kendall_tau"": 0.3594241517560818, ""kendall_p"": 0.0, ""spearman_rho"": 0.43312383942452576, ""n"": 10000}, {""metric_a"": ""betweenness"", ""metric_b"": ""eigenvector"", ""kendall_tau"": 0.3594241517560818, ""kendall_p"": 0.0, ""spearman_rho"": 0.43312383942452576, ""n"": 10000}, {""metric_a"": ""betweenness"", ""metric_b"": ""eigenvector_costweight"", ""kendall_tau"": -0.12986791931204505, ""kendall_p"": 2.1592535480907678e-58, ""spearman_rho"": -0.1731340333782058, ""n"": 10000}, {""metric_a"": ""betweenness"", ""metric_b"": ""pagerank"", ""kendall_tau"": 0.3594241517560818, ""kendall_p"": 0.0, ""spearman_rho"": 0.43312383942452576, ""n"": 10000}, {""metric_a"": ""degree"", ""metric_b"": ""degree_weighted"", ""kendall_tau"": -0.029278434205626366, ""kendall_p"": 0.00013095406851716158, ""spearman_rho"": -0.03663843827278983, ""n"": 10000}, {""metric_a"": ""degree"", ""metric_b"": ""eigenvector"", ""kendall_tau"": 0.3029748314357406, ""kendall_p"": 0.0, ""spearman_rho"": 0.3426331352518031, ""n"": 10000}, {""metric_a"": ""degree"", ""metric_b"": ""eigenvector_costweight"", ""kendall_tau"": 0.4697834693958169, ""kendall_p"": 0.0, ""spearman_rho"": 0.5835245366449548, ""n"": 10000}, {""metric_a"": ""degree"", ""metric_b"": ""pagerank"", ""kendall_tau"": 0.07299966576188743, ""kendall_p"": 1.4846927411204925e-21, ""spearman_rho"": 0.09556639285857732, ""n"": 10000}, {""metric_a"": ""degree_weighted"", ""metric_b"": ""eigenvector"", ""kendall_tau"": 0.40872549760481913, ""kendall_p"": 0.0, ""spearman_rho"": 0.49173430183347905, ""n"": 10000}, {""metric_a"": ""degree_weighted"", ""metric_b"": ""eigenvector_costweight"", ""kendall_tau"": -0.277716924369527, ""kendall_p"": 0.0, ""spearman_rho"": -0.4040756622586324, ""n"": 10000}, {""metric_a"": ""degree_weighted"", ""metric_b"": ""pagerank"", ""kendall_tau"": 0.8715081505799206, ""kendall_p"": 0.0, ""spearman_rho"": 0.9709284166479207, ""n"": 10000}, {""metric_a"": ""eigenvector"", ""metric_b"": ""eigenvector_costweight"", ""kendall_tau"": 0.27811935771637847, ""kendall_p"": 0.0, ""spearman_rho"": 0.4258754755674872, ""n"": 10000}, {""metric_a"": ""eigenvector"", ""metric_b"": ""pagerank"", ""kendall_tau"": 0.38419336149563904, ""kendall_p"": 0.0, ""spearman_rho"": 0.43056580432914654, ""n"": 10000}, {""metric_a"": ""eigenvector_costweight"", ""metric_b"": ""pagerank"", ""kendall_tau"": -0.2861050001791381, ""kendall_p"": 0.0, ""spearman_rho"": -0.40494263869937364, ""n"": 10000}]",,,
10000,2,False,0.1,padic,23071,True,,4999.0,1,2,"2,3,5,7,11,13,17,19,23,29",14993.0,1,2,"2,3,5,7,11,13,17,19,23,29",0.6507954899447135,1,2,"2,3,5,7,11,8192,13,4096,6144,9216",0.5106327903739903,1,2,"2,3,5,7,11,13,17,19,23,29",0.12287059081897385,1,2,"2,3,5,7,11,13,17,19,23,29",0.6016186610724354,1.0,2.0,"2,3,5,7776,7,8000,11,5488,13,17",0.9321499069767484,7.345376629336825e-256,0.9842708359355476,2.4091349255595946,0.999987124004846,"[{""metric_a"": ""betweenness"", ""metric_b"": ""degree"", ""kendall_tau"": -0.100889644336871, ""kendall_p"": 2.3746869079727892e-34, ""spearman_rho"": -0.11419758144747924, ""n"": 10000}, {""metric_a"": ""betweenness"", ""metric_b"": ""degree_weighted"", ""kendall_tau"": -0.1430353540197394, ""kendall_p"": 6.781116413397113e-76, ""spearman_rho"": -0.1834570838518793, ""n"": 10000}, {""metric_a"": ""betweenness"", ""metric_b"": ""eigenvector"", ""kendall_tau"": -0.11294002445486707, ""kendall_p"": 9.069429729077903e-55, ""spearman_rho"": -0.19018198887036714, ""n"": 10000}, {""metric_a"": ""betweenness"", ""metric_b"": ""eigenvector_costweight"", ""kendall_tau"": -0.10266949617610409, ""kendall_p"": 1.4505030681923346e-45, ""spearman_rho"": -0.17352403420484155, ""n"": 10000}, {""metric_a"": ""betweenness"", ""metric_b"": ""pagerank"", ""kendall_tau"": -0.03809718584390844, ""kendall_p"": 1.4936871046768162e-07, ""spearman_rho"": -0.07683117991156185, ""n"": 10000}, {""metric_a"": ""degree"", ""metric_b"": ""degree_weighted"", ""kendall_tau"": 0.7768217412645316, ""kendall_p"": 0.0, ""spearman_rho"": 0.8436047411945823, ""n"": 10000}, {""metric_a"": ""degree"", ""metric_b"": ""eigenvector"", ""kendall_tau"": 0.40919186164283206, ""kendall_p"": 0.0, ""spearman_rho"": 0.5003045636456032, ""n"": 10000}, {""metric_a"": ""degree"", ""metric_b"": ""eigenvector_costweight"", ""kendall_tau"": 0.6011933580238773, ""kendall_p"": 0.0, ""spearman_rho"": 0.7016756483978427, ""n"": 10000}, {""metric_a"": ""degree"", ""metric_b"": ""pagerank"", ""kendall_tau"": 0.6596778507390503, ""kendall_p"": 0.0, ""spearman_rho"": 0.7766374475065774, ""n"": 10000}, {""metric_a"": ""degree_weighted"", ""metric_b"": ""eigenvector"", ""kendall_tau"": 0.6100109270746655, ""kendall_p"": 0.0, ""spearman_rho"": 0.7368410038590226, ""n"": 10000}, {""metric_a"": ""degree_weighted"", ""metric_b"": ""eigenvector_costweight"", ""kendall_tau"": 0.46055180794003975, ""kendall_p"": 0.0, ""spearman_rho"": 0.5859597803856874, ""n"": 10000}, {""metric_a"": ""degree_weighted"", ""metric_b"": ""pagerank"", ""kendall_tau"": 0.83711440391733, ""kendall_p"": 0.0, ""spearman_rho"": 0.9225245153788507, ""n"": 10000}, {""metric_a"": ""eigenvector"", ""metric_b"": ""eigenvector_costweight"", ""kendall_tau"": 0.6010726130965749, ""kendall_p"": 0.0, ""spearman_rho"": 0.7173820184863361, ""n"": 10000}, {""metric_a"": ""eigenvector"", ""metric_b"": ""pagerank"", ""kendall_tau"": 0.5840781814579045, ""kendall_p"": 0.0, ""spearman_rho"": 0.7259760693707017, ""n"": 10000}, {""metric_a"": ""eigenvector_costweight"", ""metric_b"": ""pagerank"", ""kendall_tau"": 0.4374887919840935, ""kendall_p"": 0.0, ""spearman_rho"": 0.5802494920164578, ""n"": 10000}]",,,
10000,2,True,0.1,padic,24299,True,,6227.0,1,2,"2,3,5,7,11,13,17,19,23,29",27273.0,1,2,"2,3,5,7,11,13,17,19,23,29",0.699940399957977,1,2,"2,3,5,7,11,13,17,19,8192,23",0.5160461190444403,1,2,"2,3,5,7,11,13,17,19,23,29",0.1781778002169066,1,2,"2,3,5,7,11,13,17,19,23,29",0.8902322402007496,1.0,2.0,"2,3,5,7,11,13,17,19,23,29",0.7724117961737064,2.513007559733208e-282,0.9860320575614194,1.1198944101899495,0.8895709740694766,"[{""metric_a"": ""betweenness"", ""metric_b"": ""degree"", ""kendall_tau"": 0.3210338497644828, ""kendall_p"": 5.5681082800443445e-263, ""spearman_rho"": 0.34020512308950396, ""n"": 10000}, {""metric_a"": ""betweenness"", ""metric_b"": ""degree_weighted"", ""kendall_tau"": 0.3288561969966394, ""kendall_p"": 0.0, ""spearman_rho"": 0.3725586016096027, ""n"": 10000}, {""metric_a"": ""betweenness"", ""metric_b"": ""eigenvector"", ""kendall_tau"": 0.30193524183102183, ""kendall_p"": 2.4127351306474273e-304, ""spearman_rho"": 0.3655397030182579, ""n"": 10000}, {""metric_a"": ""betweenness"", ""metric_b"": ""eigenvector_costweight"", ""kendall_tau"": -0.12791872145191685, ""kendall_p"": 3.175515164279284e-56, ""spearman_rho"": -0.16296289870605796, ""n"": 10000}, {""metric_a"": ""betweenness"", ""metric_b"": ""pagerank"", ""kendall_tau"": 0.3031406057397451, ""kendall_p"": 2.654479608655911e-306, ""spearman_rho"": 0.3667404192048966, ""n"": 10000}, {""metric_a"": ""degree"", ""metric_b"": ""degree_weighted"", ""kendall_tau"": 0.46511428466161153, ""kendall_p"": 0.0, ""spearman_rho"": 0.4903790573868253, ""n"": 10000}, {""metric_a"": ""degree"", ""metric_b"": ""eigenvector"", ""kendall_tau"": 0.2241777293182658, ""kendall_p"": 1.4718424225729357e-188, ""spearman_rho"": 0.2542139803438925, ""n"": 10000}, {""metric_a"": ""degree"", ""metric_b"": ""eigenvector_costweight"", ""kendall_tau"": 0.5510263276126773, ""kendall_p"": 0.0, ""spearman_rho"": 0.6664465068405179, ""n"": 10000}, {""metric_a"": ""degree"", ""metric_b"": ""pagerank"", ""kendall_tau"": 0.45252439126736155, ""kendall_p"": 0.0, ""spearman_rho"": 0.5096151916691674, ""n"": 10000}, {""metric_a"": ""degree_weighted"", ""metric_b"": ""eigenvector"", ""kendall_tau"": 0.7041122071449125, ""kendall_p"": 0.0, ""spearman_rho"": 0.8430995480819071, ""n"": 10000}, {""metric_a"": ""degree_weighted"", ""metric_b"": ""eigenvector_costweight"", ""kendall_tau"": 0.18043554829308703, ""kendall_p"": 1.2805274110327523e-140, ""spearman_rho"": 0.21611683653333386, ""n"": 10000}, {""metric_a"": ""degree_weighted"", ""metric_b"": ""pagerank"", ""kendall_tau"": 0.9217198736024803, ""kendall_p"": 0.0, ""spearman_rho"": 0.9842954370987747, ""n"": 10000}, {""metric_a"": ""eigenvector"", ""metric_b"": ""eigenvector_costweight"", ""kendall_tau"": 0.2296652780975203, ""kendall_p"": 1.982442829367817e-258, ""spearman_rho"": 0.22215679211263994, ""n"": 10000}, {""metric_a"": ""eigenvector"", ""metric_b"": ""pagerank"", ""kendall_tau"": 0.5585062764489137, ""kendall_p"": 0.0, ""spearman_rho"": 0.7609765502005276, ""n"": 10000}, {""metric_a"": ""eigenvector_costweight"", ""metric_b"": ""pagerank"", ""kendall_tau"": 0.1268506505389717, ""kendall_p"": 4.195221001484966e-80, ""spearman_rho"": 0.16948658733173064, ""n"": 10000}]",,,
10000,2,False,0.1,uniform,23071,True,,4999.0,1,2,"2,3,5,7,11,13,17,19,23,29",4999.0,1,2,"2,3,5,7,11,13,17,19,23,29",0.5581323127400708,1,2,"2,3,5,7,11,13,17,19,23,29",0.5581323127410567,1,2,"2,3,5,7,11,13,17,19,23,29",0.09926640629325828,1,2,"2,3,5,7,11,13,17,19,23,29",0.5417201252674992,1.0,2.0,"2,3,5,7,11,13,17,19,23,29",0.9361810203646818,1.4833511809168586e-267,0.9888069020684799,2.4065255162528234,0.9794565492540804,"[{""metric_a"": ""betweenness"", ""metric_b"": ""degree"", ""kendall_tau"": 0.6119686464659503, ""kendall_p"": 0.0, ""spearman_rho"": 0.7075128344744218, ""n"": 10000}, {""metric_a"": ""betweenness"", ""metric_b"": ""degree_weighted"", ""kendall_tau"": 0.6119686464659503, ""kendall_p"": 0.0, ""spearman_rho"": 0.7075128344744218, ""n"": 10000}, {""metric_a"": ""betweenness"", ""metric_b"": ""eigenvector"", ""kendall_tau"": 0.684087231999302, ""kendall_p"": 0.0, ""spearman_rho"": 0.8460038973785203, ""n"": 10000}, {""metric_a"": ""betweenness"", ""metric_b"": ""eigenvector_costweight"", ""kendall_tau"": 0.6841266396259056, ""kendall_p"": 0.0, ""spearman_rho"": 0.8460043569004272, ""n"": 10000}, {""metric_a"": ""betweenness"", ""metric_b"": ""pagerank"", ""kendall_tau"": 0.6110577952274117, ""kendall_p"": 0.0, ""spearman_rho"": 0.7420910647656968, ""n"": 10000}, {""metric_a"": ""degree"", ""metric_b"": ""degree_weighted"", ""kendall_tau"": 1.0, ""kendall_p"": 0.0, ""spearman_rho"": 0.9999999999999998, ""n"": 10000}, {""metric_a"": ""degree"", ""metric_b"": ""eigenvector"", ""kendall_tau"": 0.5623651989317311, ""kendall_p"": 0.0, ""spearman_rho"": 0.6634553813712128, ""n"": 10000}, {""metric_a"": ""degree"", ""metric_b"": ""eigenvector_costweight"", ""kendall_tau"": 0.562365204575548, ""kendall_p"": 0.0, ""spearman_rho"": 0.6634553813732036, ""n"": 10000}, {""metric_a"": ""degree"", ""metric_b"": ""pagerank"", ""kendall_tau"": 0.763952104834747, ""kendall_p"": 0.0, ""spearman_rho"": 0.8759437677762036, ""n"": 10000}, {""metric_a"": ""degree_weighted"", ""metric_b"": ""eigenvector"", ""kendall_tau"": 0.5623651989317311, ""kendall_p"": 0.0, ""spearman_rho"": 0.6634553813712128, ""n"": 10000}, {""metric_a"": ""degree_weighted"", ""metric_b"": ""eigenvector_costweight"", ""kendall_tau"": 0.562365204575548, ""kendall_p"": 0.0, ""spearman_rho"": 0.6634553813732036, ""n"": 10000}, {""metric_a"": ""degree_weighted"", ""metric_b"": ""pagerank"", ""kendall_tau"": 0.763952104834747, ""kendall_p"": 0.0, ""spearman_rho"": 0.8759437677762036, ""n"": 10000}, {""metric_a"": ""eigenvector"", ""metric_b"": ""eigenvector_costweight"", ""kendall_tau"": 0.9982003600484206, ""kendall_p"": 0.0, ""spearman_rho"": 0.9999776711963368, ""n"": 10000}, {""metric_a"": ""eigenvector"", ""metric_b"": ""pagerank"", ""kendall_tau"": 0.5051991777269852, ""kendall_p"": 0.0, ""spearman_rho"": 0.6607318375947876, ""n"": 10000}, {""metric_a"": ""eigenvector_costweight"", ""metric_b"": ""pagerank"", ""kendall_tau"": 0.5051991827970921, ""kendall_p"": 0.0, ""spearman_rho"": 0.6607318375967701, ""n"": 10000}]",,,
10000,2,True,0.1,uniform,24299,True,,6227.0,1,2,"2,3,5,7,11,13,17,19,23,29",17279.0,1,2,"2,3,5,7,11,13,17,19,23,29",0.706143726743391,1,2,"2,3,5,7,11,13,17,19,23,29",0.5588537236273943,1,2,"2,3,5,7,11,13,17,19,23,29",0.1942870422844031,1,2,"2,3,5,7,11,13,17,19,23,29",0.8336031962868207,1.0,2.0,"2,3,5,7,11,13,17,19,23,29",0.7785364205617782,1.4806908237736528e-290,0.9837092771775253,1.167590869856895,0.8966124661699483,"[{""metric_a"": ""betweenness"", ""metric_b"": ""degree"", ""kendall_tau"": 0.32136515920906206, ""kendall_p"": 6.464333006243854e-264, ""spearman_rho"": 0.34047683103200993, ""n"": 10000}, {""metric_a"": ""betweenness"", ""metric_b"": ""degree_weighted"", ""kendall_tau"": 0.3659716144220939, ""kendall_p"": 0.0, ""spearman_rho"": 0.3909389435408347, ""n"": 10000}, {""metric_a"": ""betweenness"", ""metric_b"": ""eigenvector"", ""kendall_tau"": 0.30318558196418516, ""kendall_p"": 3.1179227489538526e-307, ""spearman_rho"": 0.3667411066166998, ""n"": 10000}, {""metric_a"": ""betweenness"", ""metric_b"": ""eigenvector_costweight"", ""kendall_tau"": -0.14920848956184107, ""kendall_p"": 6.35815637146332e-76, ""spearman_rho"": -0.19029679116262585, ""n"": 10000}, {""metric_a"": ""betweenness"", ""metric_b"": ""pagerank"", ""kendall_tau"": 0.30346800949912167, ""kendall_p"": 3.056620497174207e-307, ""spearman_rho"": 0.3667454878968735, ""n"": 10000}, {""metric_a"": ""degree"", ""metric_b"": ""degree_weighted"", ""kendall_tau"": 0.6292942117779753, ""kendall_p"": 0.0, ""spearman_rho"": 0.6049477500500549, ""n"": 10000}, {""metric_a"": ""degree"", ""metric_b"": ""eigenvector"", ""kendall_tau"": 0.4093881439786288, ""kendall_p"": 0.0, ""spearman_rho"": 0.44977891438459733, ""n"": 10000}, {""metric_a"": ""degree"", ""metric_b"": ""eigenvector_costweight"", ""kendall_tau"": 0.5136853276029152, ""kendall_p"": 0.0, ""spearman_rho"": 0.621679044662038, ""n"": 10000}, {""metric_a"": ""degree"", ""metric_b"": ""pagerank"", ""kendall_tau"": 0.5218182348353514, ""kendall_p"": 0.0, ""spearman_rho"": 0.5675102504108781, ""n"": 10000}, {""metric_a"": ""degree_weighted"", ""metric_b"": ""eigenvector"", ""kendall_tau"": 0.7186167740928405, ""kendall_p"": 0.0, ""spearman_rho"": 0.8258844537146306, ""n"": 10000}, {""metric_a"": ""degree_weighted"", ""metric_b"": ""eigenvector_costweight"", ""kendall_tau"": 0.22906407184778663, ""kendall_p"": 7.44042319548066e-201, ""spearman_rho"": 0.2276370808932266, ""n"": 10000}, {""metric_a"": ""degree_weighted"", ""metric_b"": ""pagerank"", ""kendall_tau"": 0.8292118774794275, ""kendall_p"": 0.0, ""spearman_rho"": 0.9381144906546408, ""n"": 10000}, {""metric_a"": ""eigenvector"", ""metric_b"": ""eigenvector_costweight"", ""kendall_tau"": 0.570408614180033, ""kendall_p"": 0.0, ""spearman_rho"": 0.4663678389827908, ""n"": 10000}, {""metric_a"": ""eigenvector"", ""metric_b"": ""pagerank"", ""kendall_tau"": 0.44265810674609085, ""kendall_p"": 0.0, ""spearman_rho"": 0.6228273889123553, ""n"": 10000}, {""metric_a"": ""eigenvector_costweight"", ""metric_b"": ""pagerank"", ""kendall_tau"": 0.03681513319355148, ""kendall_p"": 3.839847200636431e-08, ""spearman_rho"": 0.04341644508479926, ""n"": 10000}]",,,
31623,2,False,0.1,log,77357,False,250.0,15810.0,1,2,"2,3,5,7,11,13,17,19,23,29",10958.65692465483,2,3,"3,2,5,7,11,13,17,19,23,29",0.21765807333289877,4,5,"5,7,3,2,11,13,17,19,23,29",0.6783128555761827,1,2,"2,3,5,7,11,13,17,19,23,30030",0.021264472908541443,2,3,"3,2,5,7,11,13,17,19,23,29",0.07025967974869117,5.0,7.0,"7,5,3,13,2,11,19,23,17,31",0.8675564529551859,0.0,0.8381902463742784,1.158061908658197,0.9377865189221953,"[{""metric_a"": ""betweenness"", ""metric_b"": ""degree"", ""kendall_tau"": 0.2404490093802846, ""kendall_p"": 0.0, ""spearman_rho"": 0.30664677787808947, ""n"": 31623}, {""metric_a"": ""betweenness"", ""metric_b"": ""degree_weighted"", ""kendall_tau"": 0.5345708562762456, ""kendall_p"": 0.0, ""spearman_rho"": 0.7106240191668499, ""n"": 31623}, {""metric_a"": ""betweenness"", ""metric_b"": ""eigenvector"", ""kendall_tau"": 0.1307600343721981, ""kendall_p"": 4.367390211327359e-264, ""spearman_rho"": 0.19822681152152163, ""n"": 31623}, {""metric_a"": ""betweenness"", ""metric_b"": ""eigenvector_costweight"", ""kendall_tau"": -0.14180845904101308, ""kendall_p"": 3.22807773236663e-310, ""spearman_rho"": -0.1755853110248118, ""n"": 31623}, {""metric_a"": ""betweenness"", ""metric_b"": ""pagerank"", ""kendall_tau"": 0.46977652702528555, ""kendall_p"": 0.0, ""spearman_rho"": 0.6019358376291516, ""n"": 31623}, {""metric_a"": ""degree"", ""metric_b"": ""degree_weighted"", ""kendall_tau"": 0.13502157903817955, ""kendall_p"": 8.304825966615052e-220, ""spearman_rho"": 0.17545129608173343, ""n"": 31623}, {""metric_a"": ""degree"", ""metric_b"": ""eigenvector"", ""kendall_tau"": 0.6671140832685779, ""kendall_p"": 0.0, ""spearman_rho"": 0.7722663754853741, ""n"": 31623}, {""metric_a"": ""degree"", ""metric_b"": ""eigenvector_costweight"", ""kendall_tau"": 0.544725417530296, ""kendall_p"": 0.0, ""spearman_rho"": 0.6465120870779542, ""n"": 31623}, {""metric_a"": ""degree"", ""metric_b"": ""pagerank"", ""kendall_tau"": 0.08363737943894291, ""kendall_p"": 1.446071354923903e-85, ""spearman_rho"": 0.11253486241176913, ""n"": 31623}, {""metric_a"": ""degree_weighted"", ""metric_b"": ""eigenvector"", ""kendall_tau"": -0.0709496722978131, ""kendall_p"": 1.7113938924100628e-79, ""spearman_rho"": -0.07960556918989381, ""n"": 31623}, {""metric_a"": ""degree_weighted"", ""metric_b"": ""eigenvector_costweight"", ""kendall_tau"": -0.15381106971845906, ""kendall_p"": 0.0, ""spearman_rho"": -0.18974121974872488, ""n"": 31623}, {""metric_a"": ""degree_weighted"", ""metric_b"": ""pagerank"", ""kendall_tau"": 0.9047785716661635, ""kendall_p"": 0.0, ""spearman_rho"": 0.9722656843237393, ""n"": 31623}, {""metric_a"": ""eigenvector"", ""metric_b"": ""eigenvector_costweight"", ""kendall_tau"": 0.3950010085632099, ""kendall_p"": 0.0, ""spearman_rho"": 0.509702543209468, ""n"": 31623}, {""metric_a"": ""eigenvector"", ""metric_b"": ""pagerank"", ""kendall_tau"": -0.1267108953634162, ""kendall_p"": 3.3982044697133633e-249, ""spearman_rho"": -0.15445598790700396, ""n"": 31623}, {""metric_a"": ""eigenvector_costweight"", ""metric_b"": ""pagerank"", ""kendall_tau"": -0.15370063195173767, ""kendall_p"": 0.0, ""spearman_rho"": -0.19440885417852866, ""n"": 31623}]",0.007682347556056081,0.05520227853882125,0.0853170809585611
31623,2,True,0.1,log,80757,False,250.0,19210.0,1,2,"2,3,5,7,11,13,17,19,23,29",44958.65692465483,1,2,"2,3,5,7,11,13,17,19,23,29",0.7045276370211891,1,2,"2,3,5,7,11,13,17,19,23,29",0.6782602281863548,1,2,"2,3,5,7,11,13,17,19,23,30030",0.06872903604302531,1,2,"2,3,5,7,11,13,17,19,23,29",0.9834045729104076,1.0,2.0,"2,19,23,47,31,13,67,17,59,37",0.8415422115793864,0.0,0.816300401075944,1.2271269368053694,0.9712959997563967,"[{""metric_a"": ""betweenness"", ""metric_b"": ""degree"", ""kendall_tau"": 0.17856729258886664, ""kendall_p"": 4.231150816287293e-261, ""spearman_rho"": 0.1921434085060459, ""n"": 31623}, {""metric_a"": ""betweenness"", ""metric_b"": ""degree_weighted"", ""kendall_tau"": 0.3355781181206672, ""kendall_p"": 0.0, ""spearman_rho"": 0.40621613936611545, ""n"": 31623}, {""metric_a"": ""betweenness"", ""metric_b"": ""eigenvector"", ""kendall_tau"": 0.3355781181206672, ""kendall_p"": 0.0, ""spearman_rho"": 0.40621613936611545, ""n"": 31623}, {""metric_a"": ""betweenness"", ""metric_b"": ""eigenvector_costweight"", ""kendall_tau"": -0.12426938446466611, ""kendall_p"": 4.813276614531435e-165, ""spearman_rho"": -0.1632116199449544, ""n"": 31623}, {""metric_a"": ""betweenness"", ""metric_b"": ""pagerank"", ""kendall_tau"": 0.3355781181206672, ""kendall_p"": 0.0, ""spearman_rho"": 0.40621613936611545, ""n"": 31623}, {""metric_a"": ""degree"", ""metric_b"": ""degree_weighted"", ""kendall_tau"": -0.02643511409985254, ""kendall_p"": 6.76341493791504e-10, ""spearman_rho"": -0.03409892748293097, ""n"": 31623}, {""metric_a"": ""degree"", ""metric_b"": ""eigenvector"", ""kendall_tau"": 0.36727604719641027, ""kendall_p"": 0.0, ""spearman_rho"": 0.4124671228672976, ""n"": 31623}, {""metric_a"": ""degree"", ""metric_b"": ""eigenvector_costweight"", ""kendall_tau"": 0.4806748946632968, ""kendall_p"": 0.0, ""spearman_rho"": 0.5970404175616678, ""n"": 31623}, {""metric_a"": ""degree"", ""metric_b"": ""pagerank"", ""kendall_tau"": 0.08211692517556728, ""kendall_p"": 6.469446807529633e-82, ""spearman_rho"": 0.1052492939341367, ""n"": 31623}, {""metric_a"": ""degree_weighted"", ""metric_b"": ""eigenvector"", ""kendall_tau"": 0.28612513637877723, ""kendall_p"": 0.0, ""spearman_rho"": 0.3605930179958181, ""n"": 31623}, {""metric_a"": ""degree_weighted"", ""metric_b"": ""eigenvector_costweight"", ""kendall_tau"": -0.2591761232970155, ""kendall_p"": 0.0, ""spearman_rho"": -0.3756096836330842, ""n"": 31623}, {""metric_a"": ""degree_weighted"", ""metric_b"": ""pagerank"", ""kendall_tau"": 0.8759524398047325, ""kendall_p"": 0.0, ""spearman_rho"": 0.964823290289147, ""n"": 31623}, {""metric_a"": ""eigenvector"", ""metric_b"": ""eigenvector_costweight"", ""kendall_tau"": 0.36505779215379813, ""kendall_p"": 0.0, ""spearman_rho"": 0.5128054294978937, ""n"": 31623}, {""metric_a"": ""eigenvector"", ""metric_b"": ""pagerank"", ""kendall_tau"": 0.23950593900907988, ""kendall_p"": 0.0, ""spearman_rho"": 0.28783329981787564, ""n"": 31623}, {""metric_a"": ""eigenvector_costweight"", ""metric_b"": ""pagerank"", ""kendall_tau"": -0.24779406297317735, ""kendall_p"": 0.0, ""spearman_rho"": -0.35207011395998894, ""n"": 31623}]",0.000846782377754229,0.9817448794500093,0.9850642663708059
31623,2,False,0.1,padic,77357,False,250.0,15810.0,1,2,"2,3,5,7,11,13,17,19,23,29",47422.0,1,2,"2,3,5,7,11,13,17,19,23,29",0.6505766396542771,1,2,"2,3,5,7,11,13,17,19,16384,24576",0.5105122945221737,1,2,"2,3,5,7,11,13,17,19,23,29",0.11716028899127494,1,2,"2,3,5,7,11,13,17,19,23,29",0.6085179393891323,1.0,2.0,"2,3,5,31104,7,20000,11,21952,13,30375",0.46274033938524717,2.255426694780941e-142,0.7885481989520688,1.964513155062576,0.49733315118096355,"[{""metric_a"": ""betweenness"", ""metric_b"": ""degree"", ""kendall_tau"": -0.1690897190750352, ""kendall_p"": 3.7675083769272134e-289, ""spearman_rho"": -0.19368256344811693, ""n"": 31623}, {""metric_a"": ""betweenness"", ""metric_b"": ""degree_weighted"", ""kendall_tau"": -0.19824325832754403, ""kendall_p"": 0.0, ""spearman_rho"": -0.24870692048157556, ""n"": 31623}, {""metric_a"": ""betweenness"", ""metric_b"": ""eigenvector"", ""kendall_tau"": -0.10797454919848491, ""kendall_p"": 5.810955718155599e-153, ""spearman_rho"": -0.16357723714680225, ""n"": 31623}, {""metric_a"": ""betweenness"", ""metric_b"": ""eigenvector_costweight"", ""kendall_tau"": -0.09271160069114145, ""kendall_p"": 2.77241587648602e-113, ""spearman_rho"": -0.14202027145209098, ""n"": 31623}, {""metric_a"": ""betweenness"", ""metric_b"": ""pagerank"", ""kendall_tau"": -0.11572068738012471, ""kendall_p"": 3.54563186543402e-175, ""spearman_rho"": -0.17860941191526128, ""n"": 31623}, {""metric_a"": ""degree"", ""metric_b"": ""degree_weighted"", ""kendall_tau"": 0.791864869466129, ""kendall_p"": 0.0, ""spearman_rho"": 0.8600615209806537, ""n"": 31623}, {""metric_a"": ""degree"", ""metric_b"": ""eigenvector"", ""kendall_tau"": 0.4143644772308297, ""kendall_p"": 0.0, ""spearman_rho"": 0.5076267176505214, ""n"": 31623}, {""metric_a"": ""degree"", ""metric_b"": ""eigenvector_costweight"", ""kendall_tau"": 0.5917644193283635, ""kendall_p"": 0.0, ""spearman_rho"": 0.6945965059678534, ""n"": 31623}, {""metric_a"": ""degree"", ""metric_b"": ""pagerank"", ""kendall_tau"": 0.6605944030188705, ""kendall_p"": 0.0, ""spearman_rho"": 0.782294158567546, ""n"": 31623}, {""metric_a"": ""degree_weighted"", ""metric_b"": ""eigenvector"", ""kendall_tau"": 0.60161283083694, ""kendall_p"": 0.0, ""spearman_rho"": 0.7307090349260251, ""n"": 31623}, {""metric_a"": ""degree_weighted"", ""metric_b"": ""eigenvector_costweight"", ""kendall_tau"": 0.460288349649086, ""kendall_p"": 0.0, ""spearman_rho"": 0.5864521487598835, ""n"": 31623}, {""metric_a"": ""degree_weighted"", ""metric_b"": ""pagerank"", ""kendall_tau"": 0.8362547553659778, ""kendall_p"": 0.0, ""spearman_rho"": 0.9221142600217354, ""n"": 31623}, {""metric_a"": ""eigenvector"", ""metric_b"": ""eigenvector_costweight"", ""kendall_tau"": 0.6044135293112136, ""kendall_p"": 0.0, ""spearman_rho"": 0.720161820366784, ""n"": 31623}, {""metric_a"": ""eigenvector"", ""metric_b"": ""pagerank"", ""kendall_tau"": 0.5900244523259751, ""kendall_p"": 0.0, ""spearman_rho"": 0.7295540710368265, ""n"": 31623}, {""metric_a"": ""eigenvector_costweight"", ""metric_b"": ""pagerank"", ""kendall_tau"": 0.4464918146777465, ""kendall_p"": 0.0, ""spearman_rho"": 0.5891218710380002, ""n"": 31623}]",0.01201725503173349,0.5849641195269347,0.63207175925133
31623,2,True,0.1,padic,80757,False,250.0,19210.0,1,2,"2,3,5,7,11,13,17,19,23,29",81422.0,1,2,"2,3,5,7,11,13,17,19,23,29",0.7001952624458887,1,2,"2,3,5,7,11,13,17,19,23,29",0.514856124462574,1,2,"2,3,5,7,11,13,17,19,23,29",0.16566015164431863,1,2,"2,3,5,7,11,13,17,19,23,29",0.8938816082139504,1.0,2.0,"2,3,5,7,11,13,19,17,23,29",0.7543112270076318,0.0,0.8454241624269475,1.2132393471901821,0.8703684750118715,"[{""metric_a"": ""betweenness"", ""metric_b"": ""degree"", ""kendall_tau"": 0.28378614428839816, ""kendall_p"": 0.0, ""spearman_rho"": 0.30309530214255237, ""n"": 31623}, {""metric_a"": ""betweenness"", ""metric_b"": ""degree_weighted"", ""kendall_tau"": 0.3054983709051804, ""kendall_p"": 0.0, ""spearman_rho"": 0.3474837444981105, ""n"": 31623}, {""metric_a"": ""betweenness"", ""metric_b"": ""eigenvector"", ""kendall_tau"": 0.28092448980753915, ""kendall_p"": 0.0, ""spearman_rho"": 0.34126034381781506, ""n"": 31623}, {""metric_a"": ""betweenness"", ""metric_b"": ""eigenvector_costweight"", ""kendall_tau"": -0.13791913528395147, ""kendall_p"": 3.71062374928096e-201, ""spearman_rho"": -0.17427372542646224, ""n"": 31623}, {""metric_a"": ""betweenness"", ""metric_b"": ""pagerank"", ""kendall_tau"": 0.28207235670960357, ""kendall_p"": 0.0, ""spearman_rho"": 0.34246152772368427, ""n"": 31623}, {""metric_a"": ""degree"", ""metric_b"": ""degree_weighted"", ""kendall_tau"": 0.5142920447035975, ""kendall_p"": 0.0, ""spearman_rho"": 0.5455198781605407, ""n"": 31623}, {""metric_a"": ""degree"", ""metric_b"": ""eigenvector"", ""kendall_tau"": 0.2429938817047174, ""kendall_p"": 0.0, ""spearman_rho"": 0.27921173539273497, ""n"": 31623}, {""metric_a"": ""degree"", ""metric_b"": ""eigenvector_costweight"", ""kendall_tau"": 0.5461305475760179, ""kendall_p"": 0.0, ""spearman_rho"": 0.665812535719108, ""n"": 31623}, {""metric_a"": ""degree"", ""metric_b"": ""pagerank"", ""kendall_tau"": 0.4980076303968278, ""kendall_p"": 0.0, ""spearman_rho"": 0.5640270446181472, ""n"": 31623}, {""metric_a"": ""degree_weighted"", ""metric_b"": ""eigenvector"", ""kendall_tau"": 0.6807657480618193, ""kendall_p"": 0.0, ""spearman_rho"": 0.8256520191561547, ""n"": 31623}, {""metric_a"": ""degree_weighted"", ""metric_b"": ""eigenvector_costweight"", ""kendall_tau"": 0.21550504318772304, ""kendall_p"": 0.0, ""spearman_rho"": 0.26903038190243017, ""n"": 31623}, {""metric_a"": ""degree_weighted"", ""metric_b"": ""pagerank"", ""kendall_tau"": 0.9229337549509061, ""kendall_p"": 0.0, ""spearman_rho"": 0.9851533140200057, ""n"": 31623}, {""metric_a"": ""eigenvector"", ""metric_b"": ""eigenvector_costweight"", ""kendall_tau"": 0.26962063588823715, ""kendall_p"": 0.0, ""spearman_rho"": 0.27862762015676423, ""n"": 31623}, {""metric_a"": ""eigenvector"", ""metric_b"": ""pagerank"", ""kendall_tau"": 0.5592653298181322, ""kendall_p"": 0.0, ""spearman_rho"": 0.7507227719804439, ""n"": 31623}, {""metric_a"": ""eigenvector_costweight"", ""metric_b"": ""pagerank"", ""kendall_tau"": 0.17708033515793944, ""kendall_p"": 0.0, ""spearman_rho"": 0.23581185398668608, ""n"": 31623}]",0.009808526173748213,0.8746568969134039,0.9131063195144968
31623,2,False,0.1,uniform,77357,False,250.0,15810.0,1,2,"2,3,5,7,11,13,17,19,23,29",15810.0,1,2,"2,3,5,7,11,13,17,19,23,29",0.5579618123087754,1,2,"2,3,5,7,11,13,17,19,23,29",0.5579618123126554,1,2,"2,3,5,7,11,13,17,19,23,29",0.09388302806445735,1,2,"2,3,5,7,11,13,17,19,23,29",0.5411832450691921,1.0,2.0,"2,3,5,7,11,13,17,19,23,29",0.891492963598486,0.0,0.9452205586063126,2.646742191211994,0.958545791596034,"[{""metric_a"": ""betweenness"", ""metric_b"": ""degree"", ""kendall_tau"": 0.6601014781260673, ""kendall_p"": 0.0, ""spearman_rho"": 0.7589293002930105, ""n"": 31623}, {""metric_a"": ""betweenness"", ""metric_b"": ""degree_weighted"", ""kendall_tau"": 0.6601014781260673, ""kendall_p"": 0.0, ""spearman_rho"": 0.7589293002930105, ""n"": 31623}, {""metric_a"": ""betweenness"", ""metric_b"": ""eigenvector"", ""kendall_tau"": 0.6785369486913149, ""kendall_p"": 0.0, ""spearman_rho"": 0.8525245187088215, ""n"": 31623}, {""metric_a"": ""betweenness"", ""metric_b"": ""eigenvector_costweight"", ""kendall_tau"": 0.6785306663374683, ""kendall_p"": 0.0, ""spearman_rho"": 0.8525285774547277, ""n"": 31623}, {""metric_a"": ""betweenness"", ""metric_b"": ""pagerank"", ""kendall_tau"": 0.633263079750028, ""kendall_p"": 0.0, ""spearman_rho"": 0.7515476084088751, ""n"": 31623}, {""metric_a"": ""degree"", ""metric_b"": ""degree_weighted"", ""kendall_tau"": 1.0, ""kendall_p"": 0.0, ""spearman_rho"": 0.9999999999999998, ""n"": 31623}, {""metric_a"": ""degree"", ""metric_b"": ""eigenvector"", ""kendall_tau"": 0.5643031668342519, ""kendall_p"": 0.0, ""spearman_rho"": 0.6676855127075008, ""n"": 31623}, {""metric_a"": ""degree"", ""metric_b"": ""eigenvector_costweight"", ""kendall_tau"": 0.5643031668342519, ""kendall_p"": 0.0, ""spearman_rho"": 0.6676855127075008, ""n"": 31623}, {""metric_a"": ""degree"", ""metric_b"": ""pagerank"", ""kendall_tau"": 0.7753069015416155, ""kendall_p"": 0.0, ""spearman_rho"": 0.8874549980023518, ""n"": 31623}, {""metric_a"": ""degree_weighted"", ""metric_b"": ""eigenvector"", ""kendall_tau"": 0.5643031668342519, ""kendall_p"": 0.0, ""spearman_rho"": 0.6676855127075008, ""n"": 31623}, {""metric_a"": ""degree_weighted"", ""metric_b"": ""eigenvector_costweight"", ""kendall_tau"": 0.5643031668342519, ""kendall_p"": 0.0, ""spearman_rho"": 0.6676855127075008, ""n"": 31623}, {""metric_a"": ""degree_weighted"", ""metric_b"": ""pagerank"", ""kendall_tau"": 0.7753069015416155, ""kendall_p"": 0.0, ""spearman_rho"": 0.8874549980023518, ""n"": 31623}, {""metric_a"": ""eigenvector"", ""metric_b"": ""eigenvector_costweight"", ""kendall_tau"": 0.9985153842106598, ""kendall_p"": 0.0, ""spearman_rho"": 0.9999837961709168, ""n"": 31623}, {""metric_a"": ""eigenvector"", ""metric_b"": ""pagerank"", ""kendall_tau"": 0.5413760178576715, ""kendall_p"": 0.0, ""spearman_rho"": 0.6926386418073845, ""n"": 31623}, {""metric_a"": ""eigenvector_costweight"", ""metric_b"": ""pagerank"", ""kendall_tau"": 0.5413760178576715, ""kendall_p"": 0.0, ""spearman_rho"": 0.6926386418073845, ""n"": 31623}]",0.010494054246410593,0.5206148987462274,0.5617515913921569
31623,2,True,0.1,uniform,80757,False,250.0,19210.0,1,2,"2,3,5,7,11,13,17,19,23,29",49810.0,1,2,"2,3,5,7,11,13,17,19,23,29",0.7063562751386836,1,2,"2,3,5,7,11,13,17,19,23,29",0.5585569376470549,1,2,"2,3,5,7,11,13,17,19,23,29",0.17813143459080963,1,2,"2,3,5,7,11,13,17,19,23,29",0.8372030324432774,1.0,2.0,"2,3,5,7,11,13,17,19,23,29",0.7550071707392788,0.0,0.8581616003010234,1.27793710470805,0.8712194544615495,"[{""metric_a"": ""betweenness"", ""metric_b"": ""degree"", ""kendall_tau"": 0.28382157547512277, ""kendall_p"": 0.0, ""spearman_rho"": 0.3031027099087834, ""n"": 31623}, {""metric_a"": ""betweenness"", ""metric_b"": ""degree_weighted"", ""kendall_tau"": 0.3374581821364629, ""kendall_p"": 0.0, ""spearman_rho"": 0.36292949648288353, ""n"": 31623}, {""metric_a"": ""betweenness"", ""metric_b"": ""eigenvector"", ""kendall_tau"": 0.2819426498968848, ""kendall_p"": 0.0, ""spearman_rho"": 0.3424691808583142, ""n"": 31623}, {""metric_a"": ""betweenness"", ""metric_b"": ""eigenvector_costweight"", ""kendall_tau"": -0.15604795437102223, ""kendall_p"": 5.769788740771869e-257, ""spearman_rho"": -0.19691661787096912, ""n"": 31623}, {""metric_a"": ""betweenness"", ""metric_b"": ""pagerank"", ""kendall_tau"": 0.28214919415783024, ""kendall_p"": 0.0, ""spearman_rho"": 0.34247229649711775, ""n"": 31623}, {""metric_a"": ""degree"", ""metric_b"": ""degree_weighted"", ""kendall_tau"": 0.6676467903845515, ""kendall_p"": 0.0, ""spearman_rho"": 0.6411282496967491, ""n"": 31623}, {""metric_a"": ""degree"", ""metric_b"": ""eigenvector"", ""kendall_tau"": 0.43341948268763403, ""kendall_p"": 0.0, ""spearman_rho"": 0.47661924143431506, ""n"": 31623}, {""metric_a"": ""degree"", ""metric_b"": ""eigenvector_costweight"", ""kendall_tau"": 0.5209358558090916, ""kendall_p"": 0.0, ""spearman_rho"": 0.6343023170166372, ""n"": 31623}, {""metric_a"": ""degree"", ""metric_b"": ""pagerank"", ""kendall_tau"": 0.5582202887968105, ""kendall_p"": 0.0, ""spearman_rho"": 0.6049898565717116, ""n"": 31623}, {""metric_a"": ""degree_weighted"", ""metric_b"": ""eigenvector"", ""kendall_tau"": 0.7130644691253125, ""kendall_p"": 0.0, ""spearman_rho"": 0.820408344887496, ""n"": 31623}, {""metric_a"": ""degree_weighted"", ""metric_b"": ""eigenvector_costweight"", ""kendall_tau"": 0.2705169946397231, ""kendall_p"": 0.0, ""spearman_rho"": 0.28825327361163866, ""n"": 31623}, {""metric_a"": ""degree_weighted"", ""metric_b"": ""pagerank"", ""kendall_tau"": 0.8361012092565987, ""kendall_p"": 0.0, ""spearman_rho"": 0.9436331293432617, ""n"": 31623}, {""metric_a"": ""eigenvector"", ""metric_b"": ""eigenvector_costweight"", ""kendall_tau"": 0.6063176084608352, ""kendall_p"": 0.0, ""spearman_rho"": 0.5256141264021201, ""n"": 31623}, {""metric_a"": ""eigenvector"", ""metric_b"": ""pagerank"", ""kendall_tau"": 0.42685274851833094, ""kendall_p"": 0.0, ""spearman_rho"": 0.6208701894564579, ""n"": 31623}, {""metric_a"": ""eigenvector_costweight"", ""metric_b"": ""pagerank"", ""kendall_tau"": 0.05784909375960383, ""kendall_p"": 2.1782032759287487e-53, ""spearman_rho"": 0.09931246088321634, ""n"": 31623}]",0.009871231738510358,0.8178554182357971,0.8565506466507578
100000,2,False,0.1,log,256808,False,250.0,49999.0,1,2,"2,3,5,7,11,13,17,19,23,29",34656.665880776745,2,3,"3,2,5,7,11,13,17,19,23,29",0.2169337987977618,4,5,"5,3,7,2,11,13,17,19,23,29",0.6783128715385901,1,2,"2,3,5,7,11,13,17,19,23,29",0.018412226475483278,2,3,"3,2,5,7,11,13,17,19,23,29",0.06092127175876788,5.0,7.0,"7,5,3,13,2,11,19,23,17,31",0.902520438410265,0.0,0.8836392002278602,1.179477680243254,0.9749412994299622,"[{""metric_a"": ""betweenness"", ""metric_b"": ""degree"", ""kendall_tau"": 0.20534024393674805, ""kendall_p"": 0.0, ""spearman_rho"": 0.2643708997278945, ""n"": 100000}, {""metric_a"": ""betweenness"", ""metric_b"": ""degree_weighted"", ""kendall_tau"": 0.4835566574729412, ""kendall_p"": 0.0, ""spearman_rho"": 0.6604122692084587, ""n"": 100000}, {""metric_a"": ""betweenness"", ""metric_b"": ""eigenvector"", ""kendall_tau"": 0.09287216618475333, ""kendall_p"": 0.0, ""spearman_rho"": 0.14029700254556668, ""n"": 100000}, {""metric_a"": ""betweenness"", ""metric_b"": ""eigenvector_costweight"", ""kendall_tau"": -0.14255221836617354, ""kendall_p"": 0.0, ""spearman_rho"": -0.17945750465142374, ""n"": 100000}, {""metric_a"": ""betweenness"", ""metric_b"": ""pagerank"", ""kendall_tau"": 0.41701110136377095, ""kendall_p"": 0.0, ""spearman_rho"": 0.5495327644181149, ""n"": 100000}, {""metric_a"": ""degree"", ""metric_b"": ""degree_weighted"", ""kendall_tau"": 0.09546591553360428, ""kendall_p"": 0.0, ""spearman_rho"": 0.1263058729079326, ""n"": 100000}, {""metric_a"": ""degree"", ""metric_b"": ""eigenvector"", ""kendall_tau"": 0.6804443283401265, ""kendall_p"": 0.0, ""spearman_rho"": 0.7836586792059257, ""n"": 100000}, {""metric_a"": ""degree"", ""metric_b"": ""eigenvector_costweight"", ""kendall_tau"": 0.5445018360290138, ""kendall_p"": 0.0, ""spearman_rho"": 0.6482012275252428, ""n"": 100000}, {""metric_a"": ""degree"", ""metric_b"": ""pagerank"", ""kendall_tau"": 0.0402148954728916, ""kendall_p"": 1.4816882036359967e-63, ""spearman_rho"": 0.05857696843337552, ""n"": 100000}, {""metric_a"": ""degree_weighted"", ""metric_b"": ""eigenvector"", ""kendall_tau"": -0.08089773277786433, ""kendall_p"": 0.0, ""spearman_rho"": -0.09705529298727157, ""n"": 100000}, {""metric_a"": ""degree_weighted"", ""metric_b"": ""eigenvector_costweight"", ""kendall_tau"": -0.15601210001253493, ""kendall_p"": 0.0, ""spearman_rho"": -0.19906594426826818, ""n"": 100000}, {""metric_a"": ""degree_weighted"", ""metric_b"": ""pagerank"", ""kendall_tau"": 0.9030316885413007, ""kendall_p"": 0.0, ""spearman_rho"": 0.9705265564363511, ""n"": 100000}, {""metric_a"": ""eigenvector"", ""metric_b"": ""eigenvector_costweight"", ""kendall_tau"": 0.4047933873276742, ""kendall_p"": 0.0, ""spearman_rho"": 0.5158091854242604, ""n"": 100000}, {""metric_a"": ""eigenvector"", ""metric_b"": ""pagerank"", ""kendall_tau"": -0.13663319992799824, ""kendall_p"": 0.0, ""spearman_rho"": -0.17288736102784885, ""n"": 100000}, {""metric_a"": ""eigenvector_costweight"", ""metric_b"": ""pagerank"", ""kendall_tau"": -0.1555966576152633, ""kendall_p"": 0.0, ""spearman_rho"": -0.20327339668138225, ""n"": 100000}]",0.001127812462294568,0.05871075933267053,0.06313178418486523
100000,2,True,0.1,log,266399,False,250.0,59590.0,1,2,"2,3,5,7,11,13,17,19,23,29",130566.66588077674,1,2,"2,3,5,7,11,13,17,19,23,29",0.7051110904906637,1,2,"2,3,5,7,11,13,17,19,23,29",0.6783035931294482,1,2,"2,3,5,7,11,13,17,19,23,29",0.05780398855112719,1,2,"2,3,5,7,11,13,17,19,23,29",0.9877838890111135,1.0,2.0,"2,61,67,71,37,19,73,47,31,29",0.8533380962582341,0.0,0.8688546191584917,1.242647812000532,0.989141940775223,"[{""metric_a"": ""betweenness"", ""metric_b"": ""degree"", ""kendall_tau"": 0.1511453140792136, ""kendall_p"": 0.0, ""spearman_rho"": 0.16323012308961957, ""n"": 100000}, {""metric_a"": ""betweenness"", ""metric_b"": ""degree_weighted"", ""kendall_tau"": 0.31578147639506304, ""kendall_p"": 0.0, ""spearman_rho"": 0.3823932194328097, ""n"": 100000}, {""metric_a"": ""betweenness"", ""metric_b"": ""eigenvector"", ""kendall_tau"": 0.3157814662488013, ""kendall_p"": 0.0, ""spearman_rho"": 0.38239321942463433, ""n"": 100000}, {""metric_a"": ""betweenness"", ""metric_b"": ""eigenvector_costweight"", ""kendall_tau"": -0.11657602218237878, ""kendall_p"": 0.0, ""spearman_rho"": -0.1523932753924792, ""n"": 100000}, {""metric_a"": ""betweenness"", ""metric_b"": ""pagerank"", ""kendall_tau"": 0.31578147639506304, ""kendall_p"": 0.0, ""spearman_rho"": 0.3823932194328097, ""n"": 100000}, {""metric_a"": ""degree"", ""metric_b"": ""degree_weighted"", ""kendall_tau"": 0.01640248566918863, ""kendall_p"": 7.871598883845959e-12, ""spearman_rho"": 0.01956649975545505, ""n"": 100000}, {""metric_a"": ""degree"", ""metric_b"": ""eigenvector"", ""kendall_tau"": 0.4304934878979747, ""kendall_p"": 0.0, ""spearman_rho"": 0.47639027734408057, ""n"": 100000}, {""metric_a"": ""degree"", ""metric_b"": ""eigenvector_costweight"", ""kendall_tau"": 0.48607893884416925, ""kendall_p"": 0.0, ""spearman_rho"": 0.6041314648608417, ""n"": 100000}, {""metric_a"": ""degree"", ""metric_b"": ""pagerank"", ""kendall_tau"": 0.0675798988161674, ""kendall_p"": 8.915528608035038e-175, ""spearman_rho"": 0.08806744698550278, ""n"": 100000}, {""metric_a"": ""degree_weighted"", ""metric_b"": ""eigenvector"", ""kendall_tau"": 0.1341272426528019, ""kendall_p"": 0.0, ""spearman_rho"": 0.1672585357520487, ""n"": 100000}, {""metric_a"": ""degree_weighted"", ""metric_b"": ""eigenvector_costweight"", ""kendall_tau"": -0.22758119920207925, ""kendall_p"": 0.0, ""spearman_rho"": -0.32740044535547286, ""n"": 100000}, {""metric_a"": ""degree_weighted"", ""metric_b"": ""pagerank"", ""kendall_tau"": 0.9210690712732388, ""kendall_p"": 0.0, ""spearman_rho"": 0.9881137390307934, ""n"": 100000}, {""metric_a"": ""eigenvector"", ""metric_b"": ""eigenvector_costweight"", ""kendall_tau"": 0.448631771899555, ""kendall_p"": 0.0, ""spearman_rho"": 0.5898393308067639, ""n"": 100000}, {""metric_a"": ""eigenvector"", ""metric_b"": ""pagerank"", ""kendall_tau"": 0.11492049369565877, ""kendall_p"": 0.0, ""spearman_rho"": 0.13731216262622614, ""n"": 100000}, {""metric_a"": ""eigenvector_costweight"", ""metric_b"": ""pagerank"", ""kendall_tau"": -0.21651645693830632, ""kendall_p"": 0.0, ""spearman_rho"": -0.3112901433787879, ""n"": 100000}]",0.000690134696579746,0.9864312250058171,0.9891365530164098
100000,2,False,0.1,padic,256808,False,250.0,49999.0,1,2,"2,3,5,7,11,13,17,19,23,29",149992.0,1,2,"2,3,5,7,11,13,17,19,23,29",0.650555309702899,1,2,"2,3,5,7,11,13,17,19,23,29",0.5104986462795158,1,2,"2,3,5,7,11,13,17,19,23,29",0.11257978369930718,1,2,"2,3,5,7,11,13,17,19,23,29",0.5999110365648685,1.0,2.0,"2,3,5,93312,7,80000,11,87808,13,91125",0.35187315852687057,3.026117065662431e-218,0.7848951729575535,1.9483432313711642,0.3789205762875157,"[{""metric_a"": ""betweenness"", ""metric_b"": ""degree"", ""kendall_tau"": -0.2064574134039594, ""kendall_p"": 0.0, ""spearman_rho"": -0.23826466738117671, ""n"": 100000}, {""metric_a"": ""betweenness"", ""metric_b"": ""degree_weighted"", ""kendall_tau"": -0.23213110186524227, ""kendall_p"": 0.0, ""spearman_rho"": -0.2906750520548957, ""n"": 100000}, {""metric_a"": ""betweenness"", ""metric_b"": ""eigenvector"", ""kendall_tau"": -0.11539084479443738, ""kendall_p"": 0.0, ""spearman_rho"": -0.1699675047524824, ""n"": 100000}, {""metric_a"": ""betweenness"", ""metric_b"": ""eigenvector_costweight"", ""kendall_tau"": -0.09710965588982207, ""kendall_p"": 0.0, ""spearman_rho"": -0.14557205331011547, ""n"": 100000}, {""metric_a"": ""betweenness"", ""metric_b"": ""pagerank"", ""kendall_tau"": -0.1539103266840835, ""kendall_p"": 0.0, ""spearman_rho"": -0.22955096039555498, ""n"": 100000}, {""metric_a"": ""degree"", ""metric_b"": ""degree_weighted"", ""kendall_tau"": 0.8035338576308413, ""kendall_p"": 0.0, ""spearman_rho"": 0.8722324807098277, ""n"": 100000}, {""metric_a"": ""degree"", ""metric_b"": ""eigenvector"", ""kendall_tau"": 0.41714558902567034, ""kendall_p"": 0.0, ""spearman_rho"": 0.5121595709991896, ""n"": 100000}, {""metric_a"": ""degree"", ""metric_b"": ""eigenvector_costweight"", ""kendall_tau"": 0.5820738014457194, ""kendall_p"": 0.0, ""spearman_rho"": 0.6880246676179794, ""n"": 100000}, {""metric_a"": ""degree"", ""metric_b"": ""pagerank"", ""kendall_tau"": 0.6690103091450187, ""kendall_p"": 0.0, ""spearman_rho"": 0.7938393186367649, ""n"": 100000}, {""metric_a"": ""degree_weighted"", ""metric_b"": ""eigenvector"", ""kendall_tau"": 0.5947109104500782, ""kendall_p"": 0.0, ""spearman_rho"": 0.7260042248312235, ""n"": 100000}, {""metric_a"": ""degree_weighted"", ""metric_b"": ""eigenvector_costweight"", ""kendall_tau"": 0.45977317721469807, ""kendall_p"": 0.0, ""spearman_rho"": 0.5868042089190458, ""n"": 100000}, {""metric_a"": ""degree_weighted"", ""metric_b"": ""pagerank"", ""kendall_tau"": 0.8423207096911567, ""kendall_p"": 0.0, ""spearman_rho"": 0.927791715874791, ""n"": 100000}, {""metric_a"": ""eigenvector"", ""metric_b"": ""eigenvector_costweight"", ""kendall_tau"": 0.6064620822652851, ""kendall_p"": 0.0, ""spearman_rho"": 0.7215063108560715, ""n"": 100000}, {""metric_a"": ""eigenvector"", ""metric_b"": ""pagerank"", ""kendall_tau"": 0.5933559895895292, ""kendall_p"": 0.0, ""spearman_rho"": 0.7341131390985903, ""n"": 100000}, {""metric_a"": ""eigenvector_costweight"", ""metric_b"": ""pagerank"", ""kendall_tau"": 0.4537958582496375, ""kendall_p"": 0.0, ""spearman_rho"": 0.5981933315205253, ""n"": 100000}]",0.003262763751107076,0.5935160196126987,0.6063060535170384
100000,2,True,0.1,padic,266399,False,250.0,59590.0,1,2,"2,3,5,7,11,13,17,19,23,29",245902.0,1,2,"2,3,5,7,11,13,17,19,23,29",0.7001735083579758,1,2,"2,3,5,7,11,13,17,19,23,29",0.5140998663891023,1,2,"2,3,5,7,11,13,17,19,23,29",0.15580095783078127,1,2,"2,3,5,7,11,13,17,19,23,29",0.8899663508825747,1.0,2.0,"2,3,5,7,11,13,17,19,23,31",0.7566213153545591,0.0,0.8675116471453624,1.1968280793021349,0.8768573495876953,"[{""metric_a"": ""betweenness"", ""metric_b"": ""degree"", ""kendall_tau"": 0.25425507055417157, ""kendall_p"": 0.0, ""spearman_rho"": 0.2727828196734584, ""n"": 100000}, {""metric_a"": ""betweenness"", ""metric_b"": ""degree_weighted"", ""kendall_tau"": 0.2860141451817315, ""kendall_p"": 0.0, ""spearman_rho"": 0.32569107990909346, ""n"": 100000}, {""metric_a"": ""betweenness"", ""metric_b"": ""eigenvector"", ""kendall_tau"": 0.2635067314089488, ""kendall_p"": 0.0, ""spearman_rho"": 0.3202288495958657, ""n"": 100000}, {""metric_a"": ""betweenness"", ""metric_b"": ""eigenvector_costweight"", ""kendall_tau"": -0.13913523754363305, ""kendall_p"": 0.0, ""spearman_rho"": -0.17538212909289175, ""n"": 100000}, {""metric_a"": ""betweenness"", ""metric_b"": ""pagerank"", ""kendall_tau"": 0.26455545458712126, ""kendall_p"": 0.0, ""spearman_rho"": 0.3213606310938302, ""n"": 100000}, {""metric_a"": ""degree"", ""metric_b"": ""degree_weighted"", ""kendall_tau"": 0.5521611754618913, ""kendall_p"": 0.0, ""spearman_rho"": 0.5878537873784848, ""n"": 100000}, {""metric_a"": ""degree"", ""metric_b"": ""eigenvector"", ""kendall_tau"": 0.2528405647658114, ""kendall_p"": 0.0, ""spearman_rho"": 0.2935918545424765, ""n"": 100000}, {""metric_a"": ""degree"", ""metric_b"": ""eigenvector_costweight"", ""kendall_tau"": 0.5402411150991305, ""kendall_p"": 0.0, ""spearman_rho"": 0.6629556806779654, ""n"": 100000}, {""metric_a"": ""degree"", ""metric_b"": ""pagerank"", ""kendall_tau"": 0.5324045304254328, ""kendall_p"": 0.0, ""spearman_rho"": 0.6051293840675027, ""n"": 100000}, {""metric_a"": ""degree_weighted"", ""metric_b"": ""eigenvector"", ""kendall_tau"": 0.6593322013376667, ""kendall_p"": 0.0, ""spearman_rho"": 0.808539398051761, ""n"": 100000}, {""metric_a"": ""degree_weighted"", ""metric_b"": ""eigenvector_costweight"", ""kendall_tau"": 0.2426404483009056, ""kendall_p"": 0.0, ""spearman_rho"": 0.3096950446048778, ""n"": 100000}, {""metric_a"": ""degree_weighted"", ""metric_b"": ""pagerank"", ""kendall_tau"": 0.9241806923509869, ""kendall_p"": 0.0, ""spearman_rho"": 0.9858939164284394, ""n"": 100000}, {""metric_a"": ""eigenvector"", ""metric_b"": ""eigenvector_costweight"", ""kendall_tau"": 0.30362143343827885, ""kendall_p"": 0.0, ""spearman_rho"": 0.32433164060310504, ""n"": 100000}, {""metric_a"": ""eigenvector"", ""metric_b"": ""pagerank"", ""kendall_tau"": 0.5604091067497537, ""kendall_p"": 0.0, ""spearman_rho"": 0.7450322689447807, ""n"": 100000}, {""metric_a"": ""eigenvector_costweight"", ""metric_b"": ""pagerank"", ""kendall_tau"": 0.21859869291353318, ""kendall_p"": 0.0, ""spearman_rho"": 0.2929781851712151, ""n"": 100000}]",0.004914103774498663,0.8803347074845573,0.8995979942805921
100000,2,False,0.1,uniform,256808,False,250.0,49999.0,1,2,"2,3,5,7,11,13,17,19,23,29",49999.0,1,2,"2,3,5,7,11,13,17,19,23,29",0.5579182005135417,1,2,"2,3,5,7,11,13,17,19,23,29",0.5579182005133531,1,2,"2,3,5,7,11,13,17,19,23,29",0.08961912146150396,1,2,"2,3,5,7,11,13,17,19,23,29",0.5361437555439538,1.0,2.0,"2,3,5,7,11,13,17,19,23,37",0.912504985409297,0.0,0.9616192955576113,2.709981982933775,0.9827453824029431,"[{""metric_a"": ""betweenness"", ""metric_b"": ""degree"", ""kendall_tau"": 0.6850949006931083, ""kendall_p"": 0.0, ""spearman_rho"": 0.7821409588104657, ""n"": 100000}, {""metric_a"": ""betweenness"", ""metric_b"": ""degree_weighted"", ""kendall_tau"": 0.6850949006931083, ""kendall_p"": 0.0, ""spearman_rho"": 0.7821409588104657, ""n"": 100000}, {""metric_a"": ""betweenness"", ""metric_b"": ""eigenvector"", ""kendall_tau"": 0.6741154316685385, ""kendall_p"": 0.0, ""spearman_rho"": 0.8516111386040901, ""n"": 100000}, {""metric_a"": ""betweenness"", ""metric_b"": ""eigenvector_costweight"", ""kendall_tau"": 0.6741116728834536, ""kendall_p"": 0.0, ""spearman_rho"": 0.8516074663381779, ""n"": 100000}, {""metric_a"": ""betweenness"", ""metric_b"": ""pagerank"", ""kendall_tau"": 0.6639190022075581, ""kendall_p"": 0.0, ""spearman_rho"": 0.7760954361591017, ""n"": 100000}, {""metric_a"": ""degree"", ""metric_b"": ""degree_weighted"", ""kendall_tau"": 1.0, ""kendall_p"": 0.0, ""spearman_rho"": 0.9999999999999999, ""n"": 100000}, {""metric_a"": ""degree"", ""metric_b"": ""eigenvector"", ""kendall_tau"": 0.5635017981975229, ""kendall_p"": 0.0, ""spearman_rho"": 0.6688206359360519, ""n"": 100000}, {""metric_a"": ""degree"", ""metric_b"": ""eigenvector_costweight"", ""kendall_tau"": 0.5635017995526854, ""kendall_p"": 0.0, ""spearman_rho"": 0.668820635936104, ""n"": 100000}, {""metric_a"": ""degree"", ""metric_b"": ""pagerank"", ""kendall_tau"": 0.78310828798721, ""kendall_p"": 0.0, ""spearman_rho"": 0.8967441733498706, ""n"": 100000}, {""metric_a"": ""degree_weighted"", ""metric_b"": ""eigenvector"", ""kendall_tau"": 0.5635017981975229, ""kendall_p"": 0.0, ""spearman_rho"": 0.6688206359360519, ""n"": 100000}, {""metric_a"": ""degree_weighted"", ""metric_b"": ""eigenvector_costweight"", ""kendall_tau"": 0.5635017995526854, ""kendall_p"": 0.0, ""spearman_rho"": 0.668820635936104, ""n"": 100000}, {""metric_a"": ""degree_weighted"", ""metric_b"": ""pagerank"", ""kendall_tau"": 0.78310828798721, ""kendall_p"": 0.0, ""spearman_rho"": 0.8967441733498706, ""n"": 100000}, {""metric_a"": ""eigenvector"", ""metric_b"": ""eigenvector_costweight"", ""kendall_tau"": 0.9988151613521649, ""kendall_p"": 0.0, ""spearman_rho"": 0.9999883831630018, ""n"": 100000}, {""metric_a"": ""eigenvector"", ""metric_b"": ""pagerank"", ""kendall_tau"": 0.564683515992379, ""kendall_p"": 0.0, ""spearman_rho"": 0.7148575667518667, ""n"": 100000}, {""metric_a"": ""eigenvector_costweight"", ""metric_b"": ""pagerank"", ""kendall_tau"": 0.5646835173503835, ""kendall_p"": 0.0, ""spearman_rho"": 0.7148575667519225, ""n"": 100000}]",0.001874270290782009,0.532470185774021,0.5398173253138865
100000,2,True,0.1,uniform,266399,False,250.0,59590.0,1,2,"2,3,5,7,11,13,17,19,23,29",145909.0,1,2,"2,3,5,7,11,13,17,19,23,29",0.7065047541169244,1,2,"2,3,5,7,11,13,17,19,23,29",0.5584217936930752,1,2,"2,3,5,7,11,13,17,19,23,29",0.16536475660114924,1,2,"2,3,5,7,11,13,17,19,23,29",0.8301842076841549,1.0,2.0,"2,3,5,7,11,13,17,19,23,37",0.7574683705588262,0.0,0.8770444700827296,1.2636321842845246,0.877862943046241,"[{""metric_a"": ""betweenness"", ""metric_b"": ""degree"", ""kendall_tau"": 0.25429006793409864, ""kendall_p"": 0.0, ""spearman_rho"": 0.2727855094420428, ""n"": 100000}, {""metric_a"": ""betweenness"", ""metric_b"": ""degree_weighted"", ""kendall_tau"": 0.3141609757097026, ""kendall_p"": 0.0, ""spearman_rho"": 0.33899255114367416, ""n"": 100000}, {""metric_a"": ""betweenness"", ""metric_b"": ""eigenvector"", ""kendall_tau"": 0.26448491340803015, ""kendall_p"": 0.0, ""spearman_rho"": 0.3214018618048136, ""n"": 100000}, {""metric_a"": ""betweenness"", ""metric_b"": ""eigenvector_costweight"", ""kendall_tau"": -0.15672034758096764, ""kendall_p"": 0.0, ""spearman_rho"": -0.19719357682959862, ""n"": 100000}, {""metric_a"": ""betweenness"", ""metric_b"": ""pagerank"", ""kendall_tau"": 0.2646413985677693, ""kendall_p"": 0.0, ""spearman_rho"": 0.3214037413352302, ""n"": 100000}, {""metric_a"": ""degree"", ""metric_b"": ""degree_weighted"", ""kendall_tau"": 0.6965858756975016, ""kendall_p"": 0.0, ""spearman_rho"": 0.6683027325385535, ""n"": 100000}, {""metric_a"": ""degree"", ""metric_b"": ""eigenvector"", ""kendall_tau"": 0.4421873251152507, ""kendall_p"": 0.0, ""spearman_rho"": 0.48828675449461223, ""n"": 100000}, {""metric_a"": ""degree"", ""metric_b"": ""eigenvector_costweight"", ""kendall_tau"": 0.5248119767126981, ""kendall_p"": 0.0, ""spearman_rho"": 0.6418369597115599, ""n"": 100000}, {""metric_a"": ""degree"", ""metric_b"": ""pagerank"", ""kendall_tau"": 0.5867866304867979, ""kendall_p"": 0.0, ""spearman_rho"": 0.6336274878541884, ""n"": 100000}, {""metric_a"": ""degree_weighted"", ""metric_b"": ""eigenvector"", ""kendall_tau"": 0.6995399056702559, ""kendall_p"": 0.0, ""spearman_rho"": 0.8078295548841943, ""n"": 100000}, {""metric_a"": ""degree_weighted"", ""metric_b"": ""eigenvector_costweight"", ""kendall_tau"": 0.2990646809701881, ""kendall_p"": 0.0, ""spearman_rho"": 0.3305691317621089, ""n"": 100000}, {""metric_a"": ""degree_weighted"", ""metric_b"": ""pagerank"", ""kendall_tau"": 0.8423751485044683, ""kendall_p"": 0.0, ""spearman_rho"": 0.9481144652025425, ""n"": 100000}, {""metric_a"": ""eigenvector"", ""metric_b"": ""eigenvector_costweight"", ""kendall_tau"": 0.6388744995846605, ""kendall_p"": 0.0, ""spearman_rho"": 0.5736266099143823, ""n"": 100000}, {""metric_a"": ""eigenvector"", ""metric_b"": ""pagerank"", ""kendall_tau"": 0.4281039613894884, ""kendall_p"": 0.0, ""spearman_rho"": 0.6163213263556221, ""n"": 100000}, {""metric_a"": ""eigenvector_costweight"", ""metric_b"": ""pagerank"", ""kendall_tau"": 0.0919212671546673, ""kendall_p"": 0.0, ""spearman_rho"": 0.1482070940439019, ""n"": 100000}]",0.004319062706628511,0.821718844779163,0.8386495705891468
1000000,2,False,0.1,log,2775210,False,,499999.0,1,2,"2,3,5,7,11,13,17,19,23,29",346572.8971329904,2,3,"3,2,5,7,11,13,17,19,23,29",0.2164446442436874,4,5,"5,3,7,2,11,13,17,19,23,29",0.6783114000212398,1,2,"2,3,5,7,11,13,17,19,23,29",0.014517710159436946,2,3,"3,2,5,7,11,13,17,19,23,29",,,,,,,,,,"[{""metric_a"": ""degree"", ""metric_b"": ""degree_weighted"", ""kendall_tau"": 0.03919049270987457, ""kendall_p"": 0.0, ""spearman_rho"": 0.054709562167800624, ""n"": 1000000}, {""metric_a"": ""degree"", ""metric_b"": ""eigenvector"", ""kendall_tau"": 0.6913777013789316, ""kendall_p"": 0.0, ""spearman_rho"": 0.7947253355733851, ""n"": 1000000}, {""metric_a"": ""degree"", ""metric_b"": ""eigenvector_costweight"", ""kendall_tau"": 0.5368741385552119, ""kendall_p"": 0.0, ""spearman_rho"": 0.6438061342341538, ""n"": 1000000}, {""metric_a"": ""degree"", ""metric_b"": ""pagerank"", ""kendall_tau"": -0.022777775749982992, ""kendall_p"": 2.619257744198957e-202, ""spearman_rho"": -0.021570880024801217, ""n"": 1000000}, {""metric_a"": ""degree_weighted"", ""metric_b"": ""eigenvector"", ""kendall_tau"": -0.09363007739672832, ""kendall_p"": 0.0, ""spearman_rho"": -0.12061684488475417, ""n"": 1000000}, {""metric_a"": ""degree_weighted"", ""metric_b"": ""eigenvector_costweight"", ""kendall_tau"": -0.1615507506053813, ""kendall_p"": 0.0, ""spearman_rho"": -0.2154556360886851, ""n"": 1000000}, {""metric_a"": ""degree_weighted"", ""metric_b"": ""pagerank"", ""kendall_tau"": 0.9003345493630134, ""kendall_p"": 0.0, ""spearman_rho"": 0.9670392760519176, ""n"": 1000000}, {""metric_a"": ""eigenvector"", ""metric_b"": ""eigenvector_costweight"", ""kendall_tau"": 0.4180783060753435, ""kendall_p"": 0.0, ""spearman_rho"": 0.5285843378262484, ""n"": 1000000}, {""metric_a"": ""eigenvector"", ""metric_b"": ""pagerank"", ""kendall_tau"": -0.14639474238683708, ""kendall_p"": 0.0, ""spearman_rho"": -0.19429052308402991, ""n"": 1000000}, {""metric_a"": ""eigenvector_costweight"", ""metric_b"": ""pagerank"", ""kendall_tau"": -0.16030701110055778, ""kendall_p"": 0.0, ""spearman_rho"": -0.2180472214048602, ""n"": 1000000}]",,,
1000000,2,True,0.1,log,2853707,False,,578496.0,1,2,"2,3,5,7,11,13,17,19,23,29",1131542.8971329904,1,2,"2,3,5,7,11,13,17,19,23,29",0.7057582964721552,1,2,"2,3,5,7,11,13,17,19,23,29",0.6783368353384761,1,2,"2,3,5,7,11,13,17,19,23,29",0.04298821685095708,1,2,"2,3,5,7,11,13,17,19,23,29",,,,,,,,,,"[{""metric_a"": ""degree"", ""metric_b"": ""degree_weighted"", ""kendall_tau"": 0.02753069776307942, ""kendall_p"": 5.265675917885136e-293, ""spearman_rho"": 0.03813229840676866, ""n"": 1000000}, {""metric_a"": ""degree"", ""metric_b"": ""eigenvector"", ""kendall_tau"": 0.4807269112753442, ""kendall_p"": 0.0, ""spearman_rho"": 0.530289594544678, ""n"": 1000000}, {""metric_a"": ""degree"", ""metric_b"": ""eigenvector_costweight"", ""kendall_tau"": 0.4875743169650973, ""kendall_p"": 0.0, ""spearman_rho"": 0.6076516179659112, ""n"": 1000000}, {""metric_a"": ""degree"", ""metric_b"": ""pagerank"", ""kendall_tau"": 0.02172183901819643, ""kendall_p"": 3.3417509826460354e-183, ""spearman_rho"": 0.031783784610293506, ""n"": 1000000}, {""metric_a"": ""degree_weighted"", ""metric_b"": ""eigenvector"", ""kendall_tau"": -0.05679466707873351, ""kendall_p"": 0.0, ""spearman_rho"": -0.08441025398010842, ""n"": 1000000}, {""metric_a"": ""degree_weighted"", ""metric_b"": ""eigenvector_costweight"", ""kendall_tau"": -0.19047111397237715, ""kendall_p"": 0.0, ""spearman_rho"": -0.27639700842807724, ""n"": 1000000}, {""metric_a"": ""degree_weighted"", ""metric_b"": ""pagerank"", ""kendall_tau"": 0.9437036281847814, ""kendall_p"": 0.0, ""spearman_rho"": 0.9917202524082082, ""n"": 1000000}, {""metric_a"": ""eigenvector"", ""metric_b"": ""eigenvector_costweight"", ""kendall_tau"": 0.5753259311199671, ""kendall_p"": 0.0, ""spearman_rho"": 0.6884359738547441, ""n"": 1000000}, {""metric_a"": ""eigenvector"", ""metric_b"": ""pagerank"", ""kendall_tau"": -0.05527012549386183, ""kendall_p"": 0.0, ""spearman_rho"": -0.08416509982976432, ""n"": 1000000}, {""metric_a"": ""eigenvector_costweight"", ""metric_b"": ""pagerank"", ""kendall_tau"": -0.1838269033635535, ""kendall_p"": 0.0, ""spearman_rho"": -0.2689805875733006, ""n"": 1000000}]",,,
1000000,2,False,0.1,padic,2775210,False,,499999.0,1,2,"2,3,5,7,11,13,17,19,23,29",1499991.0,1,2,"2,3,5,7,11,13,17,19,23,29",0.650513990136114,1,2,"2,3,5,7,11,13,17,19,23,29",0.5104817048523395,1,2,"2,3,5,7,11,13,17,19,23,29",0.10555085140242211,1,2,"2,3,5,7,11,13,17,19,23,29",,,,,,,,,,"[{""metric_a"": ""degree"", ""metric_b"": ""degree_weighted"", ""kendall_tau"": 0.8201620008066155, ""kendall_p"": 0.0, ""spearman_rho"": 0.8889005827364533, ""n"": 1000000}, {""metric_a"": ""degree"", ""metric_b"": ""eigenvector"", ""kendall_tau"": 0.41667405049667927, ""kendall_p"": 0.0, ""spearman_rho"": 0.5144277303135527, ""n"": 1000000}, {""metric_a"": ""degree"", ""metric_b"": ""eigenvector_costweight"", ""kendall_tau"": 0.5619215482560967, ""kendall_p"": 0.0, ""spearman_rho"": 0.6729234270686416, ""n"": 1000000}, {""metric_a"": ""degree"", ""metric_b"": ""pagerank"", ""kendall_tau"": 0.6828755340823707, ""kendall_p"": 0.0, ""spearman_rho"": 0.8082035522464838, ""n"": 1000000}, {""metric_a"": ""degree_weighted"", ""metric_b"": ""eigenvector"", ""kendall_tau"": 0.5817901792424032, ""kendall_p"": 0.0, ""spearman_rho"": 0.7171208291651766, ""n"": 1000000}, {""metric_a"": ""degree_weighted"", ""metric_b"": ""eigenvector_costweight"", ""kendall_tau"": 0.4561030749000724, ""kendall_p"": 0.0, ""spearman_rho"": 0.584332295161868, ""n"": 1000000}, {""metric_a"": ""degree_weighted"", ""metric_b"": ""pagerank"", ""kendall_tau"": 0.8504928863988539, ""kendall_p"": 0.0, ""spearman_rho"": 0.9308786333216617, ""n"": 1000000}, {""metric_a"": ""eigenvector"", ""metric_b"": ""eigenvector_costweight"", ""kendall_tau"": 0.6082399252283728, ""kendall_p"": 0.0, ""spearman_rho"": 0.721747319137998, ""n"": 1000000}, {""metric_a"": ""eigenvector"", ""metric_b"": ""pagerank"", ""kendall_tau"": 0.5946136503352665, ""kendall_p"": 0.0, ""spearman_rho"": 0.736540282178986, ""n"": 1000000}, {""metric_a"": ""eigenvector_costweight"", ""metric_b"": ""pagerank"", ""kendall_tau"": 0.46174512100752746, ""kendall_p"": 0.0, ""spearman_rho"": 0.6069082736841355, ""n"": 1000000}]",,,
1000000,2,True,0.1,padic,2853707,False,,578496.0,1,2,"2,3,5,7,11,13,17,19,23,29",2284961.0,1,2,"2,3,5,7,11,13,17,19,23,29",0.699376055514011,1,2,"2,3,5,7,11,13,17,19,23,29",0.5131590961546157,1,2,"2,3,5,7,11,13,17,19,23,29",0.1407698420583138,1,2,"2,3,5,7,11,13,17,19,23,29",,,,,,,,,,"[{""metric_a"": ""degree"", ""metric_b"": ""degree_weighted"", ""kendall_tau"": 0.6126702293087017, ""kendall_p"": 0.0, ""spearman_rho"": 0.6562590883015978, ""n"": 1000000}, {""metric_a"": ""degree"", ""metric_b"": ""eigenvector"", ""kendall_tau"": 0.2687257245057413, ""kendall_p"": 0.0, ""spearman_rho"": 0.31784283174773936, ""n"": 1000000}, {""metric_a"": ""degree"", ""metric_b"": ""eigenvector_costweight"", ""kendall_tau"": 0.5263702435838082, ""kendall_p"": 0.0, ""spearman_rho"": 0.6529992643494446, ""n"": 1000000}, {""metric_a"": ""degree"", ""metric_b"": ""pagerank"", ""kendall_tau"": 0.5828470428436411, ""kendall_p"": 0.0, ""spearman_rho"": 0.6669315833900152, ""n"": 1000000}, {""metric_a"": ""degree_weighted"", ""metric_b"": ""eigenvector"", ""kendall_tau"": 0.6253339005026174, ""kendall_p"": 0.0, ""spearman_rho"": 0.7797287406457952, ""n"": 1000000}, {""metric_a"": ""degree_weighted"", ""metric_b"": ""eigenvector_costweight"", ""kendall_tau"": 0.2833215260701468, ""kendall_p"": 0.0, ""spearman_rho"": 0.3702656473785673, ""n"": 1000000}, {""metric_a"": ""degree_weighted"", ""metric_b"": ""pagerank"", ""kendall_tau"": 0.9266087515303806, ""kendall_p"": 0.0, ""spearman_rho"": 0.9870821998378404, ""n"": 1000000}, {""metric_a"": ""eigenvector"", ""metric_b"": ""eigenvector_costweight"", ""kendall_tau"": 0.3557893468165496, ""kendall_p"": 0.0, ""spearman_rho"": 0.3967676727776473, ""n"": 1000000}, {""metric_a"": ""eigenvector"", ""metric_b"": ""pagerank"", ""kendall_tau"": 0.5682586519936943, ""kendall_p"": 0.0, ""spearman_rho"": 0.7477458220965827, ""n"": 1000000}, {""metric_a"": ""eigenvector_costweight"", ""metric_b"": ""pagerank"", ""kendall_tau"": 0.2846462909933147, ""kendall_p"": 0.0, ""spearman_rho"": 0.3867164167283874, ""n"": 1000000}]",,,
1000000,2,False,0.1,uniform,2775210,False,,499999.0,1,2,"2,3,5,7,11,13,17,19,23,29",499999.0,1,2,"2,3,5,7,11,13,17,19,23,29",0.5578911629127651,1,2,"2,3,5,7,11,13,17,19,23,29",0.5578911629115183,1,2,"2,3,5,7,11,13,17,19,23,29",0.0831893345347238,1,2,"2,3,5,7,11,13,17,19,23,29",,,,,,,,,,"[{""metric_a"": ""degree"", ""metric_b"": ""degree_weighted"", ""kendall_tau"": 1.0, ""kendall_p"": 0.0, ""spearman_rho"": 1.0, ""n"": 1000000}, {""metric_a"": ""degree"", ""metric_b"": ""eigenvector"", ""kendall_tau"": 0.5551910568464817, ""kendall_p"": 0.0, ""spearman_rho"": 0.6637383527054002, ""n"": 1000000}, {""metric_a"": ""degree"", ""metric_b"": ""eigenvector_costweight"", ""kendall_tau"": 0.5551910563516852, ""kendall_p"": 0.0, ""spearman_rho"": 0.6637383526588794, ""n"": 1000000}, {""metric_a"": ""degree"", ""metric_b"": ""pagerank"", ""kendall_tau"": 0.7919761830601463, ""kendall_p"": 0.0, ""spearman_rho"": 0.9066229899221352, ""n"": 1000000}, {""metric_a"": ""degree_weighted"", ""metric_b"": ""eigenvector"", ""kendall_tau"": 0.5551910568464817, ""kendall_p"": 0.0, ""spearman_rho"": 0.6637383527054002, ""n"": 1000000}, {""metric_a"": ""degree_weighted"", ""metric_b"": ""eigenvector_costweight"", ""kendall_tau"": 0.5551910563516852, ""kendall_p"": 0.0, ""spearman_rho"": 0.6637383526588794, ""n"": 1000000}, {""metric_a"": ""degree_weighted"", ""metric_b"": ""pagerank"", ""kendall_tau"": 0.7919761830601463, ""kendall_p"": 0.0, ""spearman_rho"": 0.9066229899221352, ""n"": 1000000}, {""metric_a"": ""eigenvector"", ""metric_b"": ""eigenvector_costweight"", ""kendall_tau"": 0.9992202543624497, ""kendall_p"": 0.0, ""spearman_rho"": 0.9999936794015271, ""n"": 1000000}, {""metric_a"": ""eigenvector"", ""metric_b"": ""pagerank"", ""kendall_tau"": 0.5920730062262406, ""kendall_p"": 0.0, ""spearman_rho"": 0.7375137557719649, ""n"": 1000000}, {""metric_a"": ""eigenvector_costweight"", ""metric_b"": ""pagerank"", ""kendall_tau"": 0.592073005714969, ""kendall_p"": 0.0, ""spearman_rho"": 0.7375137557400975, ""n"": 1000000}]",,,
1000000,2,True,0.1,uniform,2853707,False,,578496.0,1,2,"2,3,5,7,11,13,17,19,23,29",1284969.0,1,2,"2,3,5,7,11,13,17,19,23,29",0.7066384852296852,1,2,"2,3,5,7,11,13,17,19,23,29",0.5582749714601901,1,2,"2,3,5,7,11,13,17,19,23,29",0.1458874155534246,1,2,"2,3,5,7,11,13,17,19,23,29",,,,,,,,,,"[{""metric_a"": ""degree"", ""metric_b"": ""degree_weighted"", ""kendall_tau"": 0.7447645622716988, ""kendall_p"": 0.0, ""spearman_rho"": 0.7158247351902451, ""n"": 1000000}, {""metric_a"": ""degree"", ""metric_b"": ""eigenvector"", ""kendall_tau"": 0.4294955067205962, ""kendall_p"": 0.0, ""spearman_rho"": 0.48774435060955706, ""n"": 1000000}, {""metric_a"": ""degree"", ""metric_b"": ""eigenvector_costweight"", ""kendall_tau"": 0.5227237182978657, ""kendall_p"": 0.0, ""spearman_rho"": 0.6431219856119063, ""n"": 1000000}, {""metric_a"": ""degree"", ""metric_b"": ""pagerank"", ""kendall_tau"": 0.6351554882424554, ""kendall_p"": 0.0, ""spearman_rho"": 0.6836403473640946, ""n"": 1000000}, {""metric_a"": ""degree_weighted"", ""metric_b"": ""eigenvector"", ""kendall_tau"": 0.6491320247596113, ""kendall_p"": 0.0, ""spearman_rho"": 0.7645236890601161, ""n"": 1000000}, {""metric_a"": ""degree_weighted"", ""metric_b"": ""eigenvector_costweight"", ""kendall_tau"": 0.33837768680213676, ""kendall_p"": 0.0, ""spearman_rho"": 0.3897293310789411, ""n"": 1000000}, {""metric_a"": ""degree_weighted"", ""metric_b"": ""pagerank"", ""kendall_tau"": 0.8528272160333311, ""kendall_p"": 0.0, ""spearman_rho"": 0.9550387319074728, ""n"": 1000000}, {""metric_a"": ""eigenvector"", ""metric_b"": ""eigenvector_costweight"", ""kendall_tau"": 0.7118270628295927, ""kendall_p"": 0.0, ""spearman_rho"": 0.6554419340342992, ""n"": 1000000}, {""metric_a"": ""eigenvector"", ""metric_b"": ""pagerank"", ""kendall_tau"": 0.4354294429859908, ""kendall_p"": 0.0, ""spearman_rho"": 0.5933941719843001, ""n"": 1000000}, {""metric_a"": ""eigenvector_costweight"", ""metric_b"": ""pagerank"", ""kendall_tau"": 0.17129293687207153, ""kendall_p"": 0.0, ""spearman_rho"": 0.2299650180732844, ""n"": 1000000}]",,,
