node,is_prime,degree,degree_weighted,eigenvector,eigenvector_costweight,pagerank,betweenness,p_index,N,anchor,hub_edges,hub_cost,weighting
2,True,666.0,3162.0,0.6982439436623158,0.5208562145787811,0.2143214394729103,0.8885341587412398,0.5,1000,2,True,0.1,padic
3,True,333.0,839.0,0.09755291275005798,0.37187283672700167,0.06301311473294254,0.2476915793549041,0.3333333333333333,1000,2,True,0.1,padic
5,True,200.0,457.0,0.07284044560820047,0.21482983703397115,0.03471127303657962,0.1102715942395292,0.2,1000,2,True,0.1,padic
7,True,142.0,314.0,0.06389518734543756,0.14653386287733633,0.02399661714915585,0.06731815315649592,0.14285714285714285,1000,2,True,0.1,padic
11,True,90.0,196.0,0.05679252181082462,0.08889741975511974,0.01508376336776602,0.03784211733443527,0.09090909090909091,1000,2,True,0.1,padic
13,True,76.0,165.0,0.05493853753195023,0.07438276967920983,0.01274556724150003,0.030061123247496272,0.07692307692307693,1000,2,True,0.1,padic
17,True,58.0,127.0,0.052631282563522806,0.05628806234072969,0.0098453492598238,0.022465685458337367,0.058823529411764705,1000,2,True,0.1,padic
19,True,52.0,114.0,0.05196124820858226,0.05057931694299009,0.00885098178001361,0.019251047975162864,0.05263157894736842,1000,2,True,0.1,padic
23,True,43.0,95.0,0.050740044181949176,0.04200558104613778,0.007429311538582441,0.01572781866703037,0.043478260869565216,1000,2,True,0.1,padic
29,True,34.0,77.0,0.04983387391017943,0.03346143864310654,0.0060301810775604476,0.011683360046753483,0.034482758620689655,1000,2,True,0.1,padic
31,True,32.0,73.0,0.049657625460249925,0.03107697406707503,0.005729521596011591,0.01119121793804489,0.03225806451612903,1000,2,True,0.1,padic
37,True,27.0,62.0,0.04888051246902479,0.026906963612809167,0.0048310183699871055,0.008199916683550669,0.02702702702702703,1000,2,True,0.1,padic
41,True,24.0,56.0,0.0486696133764783,0.024767474716594757,0.004367729309422131,0.008175844515189917,0.024390243902439025,1000,2,True,0.1,padic
43,True,23.0,54.0,0.048399474016690515,0.023371810626007464,0.00423762844871709,0.008175844515189915,0.023255813953488372,1000,2,True,0.1,padic
47,True,21.0,50.0,0.0482414820860618,0.021894412836474853,0.003906654371959416,0.007185542255682571,0.02127659574468085,1000,2,True,0.1,padic
53,True,18.0,44.0,0.04798284085706606,0.019379164791644306,0.0034342999421095575,0.005770299357473673,0.018867924528301886,1000,2,True,0.1,padic
59,True,16.0,40.0,0.04780914272062607,0.017571230286593645,0.0031129117031772013,0.004801060245282016,0.01694915254237288,1000,2,True,0.1,padic
61,True,16.0,40.0,0.04780914272062604,0.017571230307021873,0.0031129117031772013,0.0048010602452820145,0.01639344262295082,1000,2,True,0.1,padic
67,True,14.0,36.0,0.047457448014368894,0.0158409253714972,0.0028271311785423945,0.004380131634640652,0.014925373134328358,1000,2,True,0.1,padic
71,True,14.0,36.0,0.04745744801436892,0.01584092535327986,0.0028271311785423945,0.004380131634640652,0.014084507042253521,1000,2,True,0.1,padic
73,True,13.0,34.0,0.047315929811553435,0.014419874126117838,0.0026793086553302623,0.004372107578520404,0.0136986301369863,1000,2,True,0.1,padic
79,True,12.0,32.0,0.04729805876349738,0.014235557004220746,0.0024978119155453405,0.0034232629423010183,0.012658227848101266,1000,2,True,0.1,padic
83,True,12.0,32.0,0.0472980587634974,0.014235557010177978,0.0024978119155453405,0.0034232629423010183,0.012048192771084338,1000,2,True,0.1,padic
89,True,11.0,30.0,0.04708973102193985,0.01271659052153755,0.0023599162387534754,0.0034232629423010183,0.011235955056179775,1000,2,True,0.1,padic
97,True,10.0,28.0,0.047071581829141125,0.012506554244018588,0.0021790613844196896,0.0024854513832469746,0.010309278350515464,1000,2,True,0.1,padic
101,True,9.0,26.0,0.046928667363273356,0.010963229316421592,0.0020313336594306457,0.002480436348171819,0.009900990099009901,1000,2,True,0.1,padic
103,True,9.0,26.0,0.04692866736327338,0.010963229310385738,0.0020313336594306457,0.002480436348171819,0.009708737864077669,1000,2,True,0.1,padic
107,True,9.0,26.0,0.04692866736327333,0.010963229310513911,0.0020313336594306457,0.002480436348171819,0.009345794392523364,1000,2,True,0.1,padic
109,True,9.0,26.0,0.04692866736327335,0.010963229311587197,0.0020313336594306457,0.002480436348171819,0.009174311926605505,1000,2,True,0.1,padic
113,True,8.0,24.0,0.046894915185986326,0.01043033024930342,0.001868870015146122,0.002478430334141757,0.008849557522123894,1000,2,True,0.1,padic
2,True,499.0,1492.0,0.6512841422532971,0.5120114176580277,0.13983760514729066,0.5910275211433076,0.5,1000,2,False,0.1,padic
3,True,332.0,829.0,0.23320281253581407,0.38143054916819485,0.07715951762150539,0.2750315947209735,0.3333333333333333,1000,2,False,0.1,padic
5,True,199.0,447.0,0.10752805255831684,0.2168805702871443,0.04155691363977402,0.1226259419138639,0.2,1000,2,False,0.1,padic
7,True,141.0,304.0,0.06893038848427469,0.14584841196468384,0.02830145653131733,0.07247598334772676,0.14285714285714285,1000,2,False,0.1,padic
11,True,89.0,186.0,0.04040194472880198,0.08629716485751145,0.017441054586156777,0.04053690872279024,0.09090909090909091,1000,2,False,0.1,padic
13,True,75.0,155.0,0.03306866135437865,0.07135400527226995,0.014612135453787048,0.030414211897276045,0.07692307692307693,1000,2,False,0.1,padic
17,True,57.0,117.0,0.02431284489002096,0.052770650026060746,0.011109791682014833,0.01638549620281059,0.058823529411764705,1000,2,False,0.1,padic
19,True,51.0,104.0,0.021684556843694157,0.04693333673493518,0.009922717867125825,0.013842177790662996,0.05263157894736842,1000,2,False,0.1,padic
23,True,42.0,85.0,0.017103697851018385,0.03813800546104375,0.008218208234138172,0.011132715775334352,0.043478260869565216,1000,2,False,0.1,padic
29,True,33.0,67.0,0.01372528454126661,0.02939575143872,0.006552839766815145,0.005868856433875361,0.034482758620689655,1000,2,False,0.1,padic
31,True,31.0,63.0,0.01306467955756897,0.026952785233317296,0.0061971154726008365,0.00575231678549425,0.03225806451612903,1000,2,False,0.1,padic
64,False,1.0,7.0,0.05866747336585029,0.006704045624749672,0.0007177316681229018,0.0,,1000,2,False,0.1,padic
96,False,2.0,8.0,0.056288359160325666,0.02530136260644693,0.0007962936748456854,0.0,,1000,2,False,0.1,padic
128,False,1.0,8.0,0.0670485409895432,0.005866039921655964,0.0007973978641681433,0.0,,1000,2,False,0.1,padic
160,False,2.0,8.0,0.05305386105533974,0.017760462447313826,0.0007961118999570745,0.0,,1000,2,False,0.1,padic
192,False,2.0,9.0,0.06466942678401856,0.02418402166898865,0.0008759598708909268,0.0,,1000,2,False,0.1,padic
224,False,2.0,8.0,0.052060470884340265,0.01450524225439828,0.0007963301962681014,0.0,,1000,2,False,0.1,padic
256,False,1.0,9.0,0.07542960861323611,0.005214257708138632,0.0008770640602133852,0.0,,1000,2,False,0.1,padic
288,False,2.0,9.0,0.059289335869409786,0.019474703925033938,0.0008754077762296978,0.0,,1000,2,False,0.1,padic
320,False,2.0,9.0,0.061434928679032635,0.016643121509855554,0.0008757780960023159,0.0,,1000,2,False,0.1,padic
351,False,2.0,6.0,0.01285499676485921,0.012009957628748569,0.0006367868322923589,0.002655628240130578,,1000,2,False,0.1,padic
352,False,2.0,8.0,0.05132623278210009,0.011776162543535047,0.0007974729603973331,0.0,,1000,2,False,0.1,padic
384,False,2.0,10.0,0.07305049440771146,0.02334601596589495,0.0009556260669361684,0.0,,1000,2,False,0.1,padic
432,False,2.0,9.0,0.05390924495480102,0.01812565189676903,0.0008748556815684689,0.0,,1000,2,False,0.1,padic
441,False,2.0,6.0,0.011664027840526694,0.01610922115761954,0.0006348076862439101,0.006149051523133012,,1000,2,False,0.1,padic
448,False,2.0,9.0,0.06044153850803316,0.013387901316940008,0.0008759963923133428,0.0,,1000,2,False,0.1,padic
480,False,3.0,10.0,0.059055814473508,0.03524043849155281,0.0009543401027250994,0.0,,1000,2,False,0.1,padic
512,False,1.0,10.0,0.08381067623692899,0.004692831937324771,0.0009567302562586266,0.0,,1000,2,False,0.1,padic
513,False,2.0,6.0,0.012562003450416347,0.010890821518785964,0.0006387229743369062,0.0027178481086296705,,1000,2,False,0.1,padic
544,False,2.0,8.0,0.050912146748050884,0.010239729037151164,0.0007994897958291181,0.009035070474616233,,1000,2,False,0.1,padic
576,False,2.0,10.0,0.06767040349310269,0.018357362987575666,0.0009550739722749395,0.0,,1000,2,False,0.1,padic
608,False,2.0,8.0,0.05084450235623723,0.009972220058874427,0.0008002637450723056,0.008079104488590127,,1000,2,False,0.1,padic
640,False,2.0,10.0,0.06981599630272553,0.01580511580676184,0.0009554442920475575,0.0,,1000,2,False,0.1,padic
672,False,3.0,10.0,0.058062424302508533,0.03198521829863727,0.0009545583990361265,0.0,,1000,2,False,0.1,padic
675,False,2.0,7.0,0.016155089806110037,0.015366038612190085,0.0007135943431613821,0.02060009241037964,,1000,2,False,0.1,padic
702,False,3.0,8.0,0.02961713201224502,0.03547411731537242,0.000796119224382842,0.002655628240130578,,1000,2,False,0.1,padic
704,False,2.0,9.0,0.059707300405792994,0.010658821606076759,0.0008771391564425747,0.0,,1000,2,False,0.1,padic
720,False,3.0,10.0,0.053675723558899234,0.03097805712258141,0.0009537880080638704,0.0,,1000,2,False,0.1,padic
736,False,2.0,8.0,0.05072660454020293,0.009569152763127697,0.0008024296369270507,0.007178955842950499,,1000,2,False,0.1,padic
768,False,2.0,11.0,0.08143156203140436,0.022694233752377616,0.0010352922629814102,0.0,,1000,2,False,0.1,padic
784,False,2.0,8.0,0.0445664358317388,0.013841567669443097,0.0007957963623180804,0.03541550902940347,,1000,2,False,0.1,padic
800,False,2.0,9.0,0.054437588711930926,0.014447437152278536,0.0008751351138967815,0.0383365162089277,,1000,2,False,0.1,padic
832,False,2.0,9.0,0.059518563294372974,0.00997401523137875,0.0008779937990729997,0.01765091745051665,,1000,2,False,0.1,padic
864,False,2.0,10.0,0.06229031257849392,0.01656137458432744,0.0009545218776137105,0.10648006055487663,,1000,2,False,0.1,padic
875,False,2.0,6.0,0.0073089757685475525,0.01165339363474327,0.0006344258757554802,0.0045904287721254995,,1000,2,False,0.1,padic
882,False,3.0,8.0,0.028426163087912498,0.039573380844243396,0.0007941400783343933,0.006149051523133012,,1000,2,False,0.1,padic
891,False,2.0,7.0,0.016044710585363355,0.010946766399022683,0.0007150462910459466,0.007685039749168006,,1000,2,False,0.1,padic
896,False,2.0,10.0,0.06882260613172607,0.012549895613846295,0.0009556625883585844,0.0,,1000,2,False,0.1,padic
928,False,2.0,8.0,0.05063965413385965,0.009168517860609285,0.0008043315558798954,0.004146531300839917,,1000,2,False,0.1,padic
960,False,3.0,11.0,0.0674368820972009,0.03412309755409453,0.001034006298770341,0.0,,1000,2,False,0.1,padic
968,False,2.0,7.0,0.03508401105468565,0.014368597164196658,0.0007178443124666866,0.022485030757130518,,1000,2,False,0.1,padic
992,False,2.0,8.0,0.05062265210761511,0.009056563034650534,0.0008052892230922463,0.004152549342930104,,1000,2,False,0.1,padic
1000,False,2.0,8.0,0.03905918112113629,0.016701617785864868,0.0007948259357460053,0.016804463113748357,,1000,2,False,0.1,padic
2,True,666.0,2169.0,0.7054671506253181,0.5609628076722327,0.24043889672190416,0.8327236722360305,0.5,1000,2,True,0.1,uniform
3,True,333.0,342.0,0.06272950685405722,0.3469901047686922,0.052140913876638426,0.18876642173235322,0.3333333333333333,1000,2,True,0.1,uniform
5,True,200.0,209.0,0.05908516560388706,0.18423794336733149,0.03170168068639813,0.09583230525114303,0.2,1000,2,True,0.1,uniform
7,True,142.0,151.0,0.05747706649730764,0.12238733799236515,0.02282553899076564,0.06309198309866274,0.14285714285714285,1000,2,True,0.1,uniform
11,True,90.0,99.0,0.05603160359649098,0.07317085819393773,0.014869362337292457,0.03743055012260085,0.09090909090909091,1000,2,True,0.1,uniform
13,True,76.0,85.0,0.05564310394274544,0.06066148601537769,0.012724442107865998,0.03103420721991217,0.07692307692307693,1000,2,True,0.1,uniform
17,True,58.0,67.0,0.05514419266112351,0.04553822363869497,0.009967715706636598,0.02313535980870657,0.058823529411764705,1000,2,True,0.1,uniform
19,True,52.0,61.0,0.054979114845664874,0.04066589099124877,0.00904606151762048,0.020719115909496624,0.05263157894736842,1000,2,True,0.1,uniform
23,True,43.0,52.0,0.054712756062359064,0.032990652147313476,0.007671861416969,0.017736507382465943,0.043478260869565216,1000,2,True,0.1,uniform
29,True,34.0,43.0,0.0544810817752945,0.026253692262775328,0.006297813538762161,0.013666304915469886,0.034482758620689655,1000,2,True,0.1,uniform
31,True,32.0,41.0,0.054423972069889116,0.024588860615323706,0.006007355774950284,0.013200240989152115,0.03225806451612903,1000,2,True,0.1,uniform
37,True,27.0,36.0,0.05427248102994615,0.02077769315085766,0.005143881845630549,0.010150430992114367,0.02702702702702703,1000,2,True,0.1,uniform
41,True,24.0,33.0,0.05421207851984877,0.018923057920306966,0.004649270779838129,0.008626863336282193,0.024390243902439025,1000,2,True,0.1,uniform
43,True,23.0,32.0,0.05416457859607675,0.017510600847421218,0.004509665036331078,0.008605800188966556,0.023255813953488372,1000,2,True,0.1,uniform
47,True,21.0,30.0,0.05411118599818894,0.016443859463600746,0.004195581445086004,0.007615497929459215,0.02127659574468085,1000,2,True,0.1,uniform
53,True,18.0,27.0,0.05404755194391409,0.014470862740654835,0.0037295781256123325,0.006240709647523245,0.018867924528301886,1000,2,True,0.1,uniform
59,True,16.0,25.0,0.05399377666815575,0.01298954463090759,0.0034156575116492498,0.005274145220704993,0.01694915254237288,1000,2,True,0.1,uniform
61,True,16.0,25.0,0.05399377666815579,0.012989544643922086,0.0034156575116492498,0.005274145220704998,0.01639344262295082,1000,2,True,0.1,uniform
67,True,14.0,23.0,0.053939786308738275,0.011308630330861423,0.003107338122564511,0.004892333883649849,0.014925373134328358,1000,2,True,0.1,uniform
71,True,14.0,23.0,0.05393978630873825,0.011308630340061002,0.003107338122564511,0.004892333883649849,0.014084507042253521,1000,2,True,0.1,uniform
73,True,13.0,22.0,0.05389263271190313,0.010265936242601413,0.0029684855457851166,0.004880297799469476,0.0136986301369863,1000,2,True,0.1,uniform
79,True,12.0,21.0,0.053886310264875774,0.010159632597648892,0.0027952732918013305,0.00394950728952065,0.012658227848101266,1000,2,True,0.1,uniform
83,True,12.0,21.0,0.053886310264875774,0.010159632597516224,0.0027952732918013305,0.00394950728952065,0.012048192771084338,1000,2,True,0.1,uniform
89,True,11.0,20.0,0.05383886204217274,0.008785655505812562,0.002656272772339491,0.003939811555042016,0.011235955056179775,1000,2,True,0.1,uniform
97,True,10.0,19.0,0.05383252100646741,0.00866318892259534,0.002483975564284708,0.0030240661503186557,0.010309278350515464,1000,2,True,0.1,uniform
101,True,9.0,18.0,0.05378529168090991,0.007538380348597748,0.0023455423136345232,0.0030160420941984073,0.009900990099009901,1000,2,True,0.1,uniform
103,True,9.0,18.0,0.05378529168090994,0.007538380342530493,0.0023455423136345232,0.0030160420941984073,0.009708737864077669,1000,2,True,0.1,uniform
107,True,9.0,18.0,0.05378529168090992,0.007538380346338206,0.0023455423136345232,0.0030160420941984073,0.009345794392523364,1000,2,True,0.1,uniform
109,True,9.0,18.0,0.05378529168090989,0.007538380346002763,0.0023455423136345232,0.0030160420941984073,0.009174311926605505,1000,2,True,0.1,uniform
113,True,8.0,17.0,0.05377856795199326,0.007010191445550936,0.0021737053147166904,0.002344027394127595,0.008849557522123894,1000,2,True,0.1,uniform
2,True,499.0,499.0,0.5598980431314977,0.5598980431319687,0.11590594574842034,0.5385439415130081,0.5,1000,2,False,0.1,uniform
3,True,332.0,332.0,0.3488184602629756,0.3488184602633275,0.07423165978194786,0.2759787755867279,0.3333333333333333,1000,2,False,0.1,uniform
5,True,199.0,199.0,0.18375195229866073,0.18375195229915356,0.043724566719517556,0.1314623111754807,0.2,1000,2,False,0.1,uniform
7,True,141.0,141.0,0.1212022617605865,0.12120226176042269,0.030815599344808493,0.0802174181973394,0.14285714285714285,1000,2,False,0.1,uniform
11,True,89.0,89.0,0.07153182899354842,0.07153182899222897,0.019485974383684084,0.041312541380517515,0.09090909090909091,1000,2,False,0.1,uniform
13,True,75.0,75.0,0.05891696169734725,0.05891696168745213,0.016468782289209782,0.03201841085700653,0.07692307692307693,1000,2,False,0.1,uniform
17,True,57.0,57.0,0.04368038096287833,0.04368038097877155,0.012593387737348374,0.01988100465282314,0.058823529411764705,1000,2,False,0.1,uniform
19,True,51.0,51.0,0.03877274235075167,0.0387727423347003,0.011316776312665349,0.016877019289703737,0.05263157894736842,1000,2,False,0.1,uniform
23,True,42.0,42.0,0.031039247240498943,0.031039247241907698,0.009409107288860614,0.013096439599651727,0.043478260869565216,1000,2,False,0.1,uniform
29,True,33.0,33.0,0.02426171226133438,0.024261712267944463,0.00751932096534958,0.007906829321296792,0.034482758620689655,1000,2,False,0.1,uniform
30,False,3.0,3.0,0.04220565026121749,0.04220565026126132,0.0007343174349998047,0.0013258807269581816,,1000,2,False,0.1,uniform
31,True,31.0,31.0,0.022586013137906487,0.02258601313208894,0.007120801401663812,0.007430143234036904,0.03225806451612903,1000,2,False,0.1,uniform
37,True,26.0,26.0,0.018749603466955873,0.018749603466132345,0.005930927325618206,0.004043769466730452,0.02702702702702703,1000,2,False,0.1,uniform
41,True,23.0,23.0,0.016883098064317942,0.016883098068048732,0.005267150184106435,0.0034369832701746663,0.024390243902439025,1000,2,False,0.1,uniform
43,True,22.0,22.0,0.015454709801607026,0.015454709803381012,0.005065343444116029,0.0032356685068517126,0.023255813953488372,1000,2,False,0.1,uniform
47,True,20.0,20.0,0.014387978185278698,0.014387978187970652,0.004632343281413749,0.0024242640472039918,0.02127659574468085,1000,2,False,0.1,uniform
60,False,3.0,3.0,0.04220565026121749,0.04220565026126132,0.0007343174349998047,0.0013258807269581816,,1000,2,False,0.1,uniform
90,False,3.0,3.0,0.04220565026121749,0.04220565026126132,0.0007343174349998047,0.0013258807269581816,,1000,2,False,0.1,uniform
120,False,3.0,3.0,0.04220565026121749,0.04220565026126132,0.0007343174349998047,0.0013258807269581816,,1000,2,False,0.1,uniform
150,False,3.0,3.0,0.04220565026121749,0.04220565026126132,0.0007343174349998047,0.0013258807269581816,,1000,2,False,0.1,uniform
180,False,3.0,3.0,0.04220565026121749,0.04220565026126132,0.0007343174349998047,0.0013258807269581816,,1000,2,False,0.1,uniform
210,False,4.0,4.0,0.046888092343745386,0.04688809234377295,0.0009200852326670904,0.0023467901443539356,,1000,2,False,0.1,uniform
240,False,3.0,3.0,0.04220565026121749,0.04220565026126132,0.0007343174349998047,0.0013258807269581816,,1000,2,False,0.1,uniform
330,False,4.0,4.0,0.0449691601281435,0.04496916012762397,0.00092041943773919,0.002219219223583207,,1000,2,False,0.1,uniform
390,False,4.0,4.0,0.044481806307485466,0.04448180630801196,0.0009209636344760976,0.002174942634360178,,1000,2,False,0.1,uniform
420,False,4.0,4.0,0.046888092343745386,0.04688809234377295,0.0009200852326670904,0.0023467901443539356,,1000,2,False,0.1,uniform
462,False,4.0,4.0,0.04255265981732185,0.04255265981674304,0.0009194240105265367,0.002129574942294708,,1000,2,False,0.1,uniform
510,False,4.0,4.0,0.04389316706933322,0.043893167069704225,0.0009221135681237573,0.0020585920247441296,,1000,2,False,0.1,uniform
546,False,4.0,4.0,0.04206530599666382,0.04206530599713105,0.0009199682072634446,0.0020873841986525695,,1000,2,False,0.1,uniform
570,False,4.0,4.0,0.043703568845880315,0.043703568845256745,0.0009229303737428092,0.0020390012298944463,,1000,2,False,0.1,uniform
630,False,4.0,4.0,0.046888092343745386,0.04688809234377295,0.0009200852326670904,0.0023467901443539356,,1000,2,False,0.1,uniform
660,False,4.0,4.0,0.0449691601281435,0.04496916012762397,0.00092041943773919,0.002219219223583207,,1000,2,False,0.1,uniform
690,False,4.0,4.0,0.04340479848860962,0.043404798489343886,0.0009247398446158041,0.002040158723831256,,1000,2,False,0.1,uniform
780,False,4.0,4.0,0.044481806307485466,0.04448180630801196,0.0009209636344760976,0.002174942634360178,,1000,2,False,0.1,uniform
840,False,4.0,4.0,0.046888092343745386,0.04688809234377295,0.0009200852326670904,0.0023467901443539356,,1000,2,False,0.1,uniform
870,False,4.0,4.0,0.04314296001717606,0.043142960018358795,0.0009279969146089063,0.001927218603170438,,1000,2,False,0.1,uniform
924,False,4.0,4.0,0.04255265981732185,0.04255265981674304,0.0009194240105265367,0.002129574942294708,,1000,2,False,0.1,uniform
930,False,4.0,4.0,0.04307822225223043,0.04307822224918977,0.000929565215566588,0.0019428662390318584,,1000,2,False,0.1,uniform
990,False,4.0,4.0,0.0449691601281435,0.04496916012762397,0.00092041943773919,0.002219219223583207,,1000,2,False,0.1,uniform
2,True,666.0,2015.8804430994135,0.7019233665596053,0.6779485372483608,0.13638865250465074,0.9580642767015513,0.5,1000,2,True,0.1,log
3,True,333.0,374.73927983781175,0.06416973766089787,0.18336398705184395,0.033803207096960844,0.057185441954981035,0.3333333333333333,1000,2,True,0.1,log
5,True,200.0,330.2781445743848,0.06301546160028187,0.0678672974124019,0.02953403755771574,0.0880138655689758,0.2,1000,2,True,0.1,log
7,True,142.0,284.37333101679945,0.06173930806639177,0.03963149722964858,0.025162748866576132,0.10319136772042584,0.14285714285714285,1000,2,True,0.1,log
11,True,90.0,223.4126792790547,0.05996617248313706,0.021060918096674933,0.019467547584992115,0.0966999063191448,0.09090909090909091,1000,2,True,0.1,log
13,True,76.0,202.37120180961523,0.05935216916008855,0.016979955127743536,0.01750461906743792,0.09396370318214006,0.07692307692307693,1000,2,True,0.1,log
17,True,58.0,171.49316061120442,0.05841585567660241,0.012313574284487086,0.014712012702584288,0.08409612016826445,0.058823529411764705,1000,2,True,0.1,log
19,True,52.0,160.16638793748842,0.05808515582757326,0.01089027989168119,0.013655147340891415,0.08203995578745078,0.05263157894736842,1000,2,True,0.1,log
23,True,43.0,141.69075706902444,0.05751908751974084,0.00875358674682367,0.011915303617212228,0.07080226519104274,0.043478260869565216,1000,2,True,0.1,log
29,True,34.0,121.12076238955365,0.056889123180475475,0.007066366216464547,0.010160558393896846,0.061943707234288395,0.034482758620689655,1000,2,True,0.1,log
31,True,32.0,116.45360333903959,0.05673008239261265,0.006663956878772387,0.009764985534166472,0.06019847502813435,0.03225806451612903,1000,2,True,0.1,log
37,True,27.0,103.88386572874985,0.056340976760462486,0.00564628115893609,0.008535372691711897,0.050573619711896264,0.02702702702702703,1000,2,True,0.1,log
41,True,24.0,95.41215753419905,0.05614528537002669,0.005256242003616113,0.007745917754200243,0.04484043161397871,0.024390243902439025,1000,2,True,0.1,log
43,True,23.0,92.7464025452584,0.05602502627580862,0.004941679078912759,0.007497164314847685,0.04288456793466813,0.023255813953488372,1000,2,True,0.1,log
47,True,21.0,87.00295203420116,0.055832405707467656,0.0046429159539429065,0.007025229778795441,0.03917143596502314,0.02127659574468085,1000,2,True,0.1,log
53,True,18.0,77.49496253038608,0.055565239906642146,0.0042891190319152206,0.006231212797130778,0.033382079474263845,0.018867924528301886,1000,2,True,0.1,log
59,True,16.0,71.16306165858579,0.05536839354111599,0.003976245671674976,0.0056888333472121305,0.02955861673296543,0.01694915254237288,1000,2,True,0.1,log
61,True,16.0,71.6631079625997,0.05539164246333396,0.003960421251623942,0.005714258700188772,0.029570652817145802,0.01639344262295082,1000,2,True,0.1,log
67,True,14.0,64.66100405208257,0.05518059875091526,0.0036636279411450165,0.005101159298849041,0.02563284727613385,0.014925373134328358,1000,2,True,0.1,log
71,True,14.0,65.4148384015371,0.05521629050100692,0.0036413528289893876,0.005138926698706637,0.02563284727613385,0.014084507042253521,1000,2,True,0.1,log
73,True,13.0,61.485513293780706,0.055021523854360745,0.0034220294058942514,0.004836668452877416,0.023656923456522656,0.0136986301369863,1000,2,True,0.1,log
79,True,12.0,58.06392637713723,0.054965207191181385,0.0033952900755388963,0.004550226870874664,0.021787318380504753,0.012658227848101266,1000,2,True,0.1,log
83,True,12.0,58.60724668576257,0.05499117740466848,0.0033799976371358393,0.004576531602826382,0.021787318380504753,0.012048192771084338,1000,2,True,0.1,log
89,True,11.0,54.88636369732141,0.054817082779956464,0.0031300937774885944,0.004268381938145294,0.019807382532833435,0.011235955056179775,1000,2,True,0.1,log
97,True,10.0,51.172398806530445,0.0547522254450287,0.003107498494514461,0.003961566012208849,0.01792774738666522,0.010309278350515464,1000,2,True,0.1,log
101,True,9.0,46.92096413473008,0.05454337917937094,0.002899720394169374,0.0036359137863573427,0.01594379951093378,0.009900990099009901,1000,2,True,0.1,log
103,True,9.0,47.07783190583709,0.05455072491067973,0.0028960337804948303,0.0036431893057985486,0.01594379951093378,0.009708737864077669,1000,2,True,0.1,log
107,True,9.0,47.382630675695246,0.05456505750037034,0.002888959199964029,0.0036572611985587616,0.01594379951093378,0.009345794392523364,1000,2,True,0.1,log
109,True,9.0,47.530783057833155,0.05457205254074335,0.0028855620593550833,0.0036640704277335866,0.01594379951093378,0.009174311926605505,1000,2,True,0.1,log
113,True,8.0,43.09171473098638,0.054495104491868174,0.00284726000819239,0.003293509485956697,0.013957845621172275,0.008849557522123894,1000,2,True,0.1,log
2,True,499.0,345.88044309941347,0.22916623383472162,0.678459763141833,0.03925629446105357,0.12041500418253928,0.5,1000,2,False,0.1,log
3,True,332.0,364.73927983781175,0.2887811260064133,0.1816231017396259,0.040454982393715,0.19000563689942448,0.3333333333333333,1000,2,False,0.1,log
5,True,199.0,320.2781445743848,0.3125867368863041,0.06593241662403704,0.03483833305650361,0.1926154611525353,0.2,1000,2,False,0.1,log
7,True,141.0,274.37333101679945,0.2874586413887055,0.03766060821096679,0.029432462541155408,0.15436077359925054,0.14285714285714285,1000,2,False,0.1,log
11,True,89.0,213.4126792790547,0.22214364890616717,0.01906538397498385,0.0225429829729528,0.08641707840104634,0.09090909090909091,1000,2,False,0.1,log
13,True,75.0,192.37120180961523,0.19487598909213882,0.014978535012417039,0.020191805534213295,0.08251136908451538,0.07692307692307693,1000,2,False,0.1,log
17,True,57.0,161.49316061120442,0.15461761036614396,0.010304858246745964,0.016852479164784342,0.05851944128497235,0.058823529411764705,1000,2,False,0.1,log
19,True,51.0,150.16638793748842,0.1396939815780509,0.008879183416351157,0.015601561122781233,0.0568905578925619,0.05263157894736842,1000,2,False,0.1,log
23,True,42.0,131.69075706902444,0.11482815733706532,0.006738231575580175,0.013540217589347205,0.05189758897173727,0.043478260869565216,1000,2,False,0.1,log
29,True,33.0,111.12076238955365,0.08700954341167941,0.005048724219325555,0.011474458351638659,0.040330912074399046,0.034482758620689655,1000,2,False,0.1,log
31,True,31.0,106.45360333903959,0.0796875834013609,0.004645689408411415,0.01101294644083297,0.03989961905793569,0.03225806451612903,1000,2,False,0.1,log
37,True,26.0,93.88386572874985,0.0685018322953379,0.003625222425885038,0.009558344436619175,0.033875558925659126,0.02702702702702703,1000,2,False,0.1,log
41,True,23.0,85.41215753419905,0.06003219471239429,0.0032347701432263267,0.00864199907313517,0.03022661940497612,0.024390243902439025,1000,2,False,0.1,log
43,True,22.0,82.7464025452584,0.05763968512463496,0.002919192863531478,0.008338169276700245,0.029037053085149277,0.023255813953488372,1000,2,False,0.1,log
47,True,20.0,77.00295203420116,0.051930543392863154,0.0026196644398299245,0.007789662480306951,0.02590767119825236,0.02127659574468085,1000,2,False,0.1,log
53,True,17.0,67.49496253038608,0.04075133761772835,0.0022656592435176693,0.006872972497594047,0.02222864146711842,0.018867924528301886,1000,2,False,0.1,log
59,True,15.0,61.16306165858579,0.03578565137609972,0.0019520521586654184,0.006238494547514803,0.01805813829861926,0.01694915254237288,1000,2,False,0.1,log
61,True,15.0,61.66310796259969,0.03627824458062019,0.0019361969020749565,0.006266824403867477,0.018114306691461,0.01639344262295082,1000,2,False,0.1,log
67,True,13.0,54.66100405208257,0.030552759281152003,0.0016387775862254112,0.005539548239183687,0.015843498809430673,0.014925373134328358,1000,2,False,0.1,log
71,True,13.0,55.4148384015371,0.03123569698573183,0.001616455577063097,0.005581322974808575,0.015843498809430673,0.014084507042253521,1000,2,False,0.1,log
73,True,12.0,51.485513293780706,0.02681866668626749,0.0013962899922434686,0.005224966974537132,0.015125345786668432,0.0136986301369863,1000,2,False,0.1,log
79,True,11.0,48.06392637713723,0.024139439692260574,0.0013697510593315939,0.004905057263356122,0.013424245889175748,0.012658227848101266,1000,2,False,0.1,log
83,True,11.0,48.60724668576257,0.024562287545217953,0.0013544246771627557,0.004933448006326636,0.013464366169776991,0.012048192771084338,1000,2,False,0.1,log
89,True,10.0,44.88636369732141,0.021826957341856287,0.0011036639732093542,0.004561018361642248,0.012214619429048288,0.011235955056179775,1000,2,False,0.1,log
97,True,9.0,41.172398806530445,0.01885005835475778,0.001081267961082642,0.004219552713240046,0.010549627784096722,0.010309278350515464,1000,2,False,0.1,log
101,True,8.0,36.92096413473008,0.014882870722441117,0.0008727160898711582,0.003839293413405322,0.010118334767633365,0.009900990099009901,1000,2,False,0.1,log
103,True,8.0,37.07783190583709,0.014972545659657307,0.0008690213465295741,0.0038466752938221024,0.010118334767633365,0.009708737864077669,1000,2,False,0.1,log
107,True,8.0,37.382630675695246,0.015148023051679074,0.0008619310969916292,0.003860927385448699,0.010118334767633365,0.009345794392523364,1000,2,False,0.1,log
109,True,8.0,37.530783057833155,0.015233913974536054,0.0008585264003957072,0.0038678117580154075,0.010118334767633365,0.009174311926605505,1000,2,False,0.1,log
113,True,7.0,33.09171473098638,0.013195370537590997,0.0008204448295203422,0.0034408204544048755,0.00882244970421323,0.008849557522123894,1000,2,False,0.1,log
210,False,4.0,5.3471075307174685,0.04884864054696598,0.03614230857270915,0.0006567489278387239,0.0003132964306828135,,1000,2,False,0.1,log
330,False,4.0,5.799092654460526,0.04800119821529088,0.035800140176004296,0.0006946173411456342,0.0005479577340836699,,1000,2,False,0.1,log
385,False,3.0,5.953243334287784,0.050644800493527264,0.0020486194676028707,0.0007016031373038501,0.0008241135495644493,,1000,2,False,0.1,log
420,False,4.0,5.3471075307174685,0.04884864054696598,0.03614230857270915,0.0006567489278387239,0.0003132964306828135,,1000,2,False,0.1,log
455,False,3.0,6.12029741895095,0.04960245786898049,0.0019852685949760676,0.0007151454480513283,0.001250859600893001,,1000,2,False,0.1,log
462,False,4.0,6.135564891081739,0.0497880542597042,0.03515161088294291,0.0007232401296583185,0.0007098039191520053,,1000,2,False,0.1,log
546,False,4.0,6.302618975744904,0.04874571163515744,0.035088260010316105,0.0007367824404057965,0.0010961075545268787,,1000,2,False,0.1,log
630,False,4.0,5.3471075307174685,0.04884864054696598,0.03614230857270915,0.0006567489278387239,0.0003132964306828135,,1000,2,False,0.1,log
660,False,4.0,5.799092654460526,0.04800119821529088,0.035800140176004296,0.0006946173411456342,0.0005479577340836699,,1000,2,False,0.1,log
715,False,3.0,6.572282542694008,0.04875501553730542,0.0016431001982712163,0.0007530138613582383,0.0014895991515897983,,1000,2,False,0.1,log
770,False,4.0,6.646390514847729,0.05568808597758087,0.03142007331706933,0.0007684725768299175,0.0009278712505196752,,1000,2,False,0.1,log
840,False,4.0,5.3471075307174685,0.04884864054696598,0.03614230857270915,0.0006567489278387239,0.0003132964306828135,,1000,2,False,0.1,log
910,False,4.0,6.813444599510895,0.05464574335303407,0.03135672244444253,0.0007820148875773956,0.0013681901570106948,,1000,2,False,0.1,log
924,False,4.0,6.135564891081739,0.0497880542597042,0.03515161088294291,0.0007232401296583185,0.0007098039191520053,,1000,2,False,0.1,log
990,False,4.0,5.799092654460526,0.04800119821529088,0.035800140176004296,0.0006946173411456342,0.0005479577340836699,,1000,2,False,0.1,log
2,True,2025.0,9185.0,0.6991920632551669,0.5178199911906268,0.19329920409345477,0.8896143098175685,0.5,3162,2,True,0.1,padic
3,True,1054.0,2641.0,0.08441656829209938,0.3742101990274671,0.060457387429888,0.24267585098984673,0.3333333333333333,3162,2,True,0.1,padic
5,True,632.0,1429.0,0.05691590074244141,0.21471897196990453,0.033000866801458216,0.10821870449051571,0.2,3162,2,True,0.1,padic
7,True,451.0,984.0,0.04744233581252787,0.14575658623043442,0.022834330162173247,0.06668018185774122,0.14285714285714285,3162,2,True,0.1,padic
11,True,287.0,610.0,0.0396096456932833,0.08777074731960416,0.014254069730894114,0.0376716762974911,0.09090909090909091,3162,2,True,0.1,padic
13,True,243.0,513.0,0.03762698221392643,0.07327645827052018,0.012018165355351204,0.03054856992593,0.07692307692307693,3162,2,True,0.1,padic
17,True,186.0,390.0,0.03516402180123108,0.055544341184875494,0.009162037243633963,0.021786671552158514,0.058823529411764705,3162,2,True,0.1,padic
19,True,166.0,348.0,0.03434364787343925,0.04926802554032344,0.008188359054645326,0.019131770777020267,0.05263157894736842,3162,2,True,0.1,padic
23,True,137.0,287.0,0.033104252694249686,0.040251263135973644,0.006780765024927339,0.015378118338345646,0.043478260869565216,3162,2,True,0.1,padic
29,True,109.0,229.0,0.03189500768150683,0.03202305452067927,0.005445372369538731,0.012619434244090295,0.034482758620689655,3162,2,True,0.1,padic
31,True,102.0,215.0,0.03164992111162193,0.030375020190505916,0.005104924716573514,0.011565332767363804,0.03225806451612903,3162,2,True,0.1,padic
37,True,85.0,180.0,0.030954951429945986,0.0253257273829984,0.004291754261059819,0.009559511557657484,0.02702702702702703,3162,2,True,0.1,padic
41,True,77.0,163.0,0.030607987923595665,0.02313134647754225,0.0038923556774310536,0.008116789938557628,0.024390243902439025,3162,2,True,0.1,padic
43,True,73.0,155.0,0.030469781612094474,0.021924359527482968,0.0037117063332139885,0.007928711872144292,0.023255813953488372,3162,2,True,0.1,padic
47,True,67.0,143.0,0.030232141267998787,0.020330623726844476,0.0034268144078581403,0.007140392467800467,0.02127659574468085,3162,2,True,0.1,padic
53,True,59.0,127.0,0.029869333447959022,0.01798989187520441,0.0030562862883410703,0.0063282129113121435,0.018867924528301886,3162,2,True,0.1,padic
59,True,53.0,114.0,0.02965046998289534,0.01632884471189625,0.0027350894268769847,0.0053723718793257475,0.01694915254237288,3162,2,True,0.1,padic
61,True,51.0,110.0,0.02957647142744163,0.016015260578291415,0.002635090801705307,0.005058418996285203,0.01639344262295082,3162,2,True,0.1,padic
67,True,47.0,102.0,0.0293923366011577,0.01479310698731112,0.002455234337481598,0.004904779638980842,0.014925373134328358,3162,2,True,0.1,padic
71,True,44.0,96.0,0.0293272634705497,0.014069928089068684,0.002307940162304783,0.004587389559197844,0.014084507042253521,3162,2,True,0.1,padic
73,True,43.0,94.0,0.029256942411849948,0.013772694506581832,0.0022650779527007324,0.004587389559197843,0.0136986301369863,3162,2,True,0.1,padic
79,True,40.0,88.0,0.029195304199296335,0.013026759743469243,0.00210976320219672,0.003960284693328629,0.012658227848101266,3162,2,True,0.1,padic
83,True,38.0,84.0,0.029092425238444387,0.012399100291015748,0.0020221614153774284,0.0038127522001396093,0.012048192771084338,3162,2,True,0.1,padic
89,True,35.0,78.0,0.028964950419306235,0.011589405973343396,0.0018784509422316877,0.0034988326879411965,0.011235955056179775,3162,2,True,0.1,padic
97,True,32.0,72.0,0.028898958851774664,0.01064515358236229,0.001738325403839795,0.003189051160170755,0.010309278350515464,3162,2,True,0.1,padic
101,True,31.0,70.0,0.028765273756890274,0.010524279016765581,0.0016988207508535135,0.0031890511601707504,0.009900990099009901,3162,2,True,0.1,padic
103,True,30.0,68.0,0.028761475874115427,0.01049731924988727,0.00164200795751392,0.0028790360365050843,0.009708737864077669,3162,2,True,0.1,padic
107,True,29.0,66.0,0.028706833348536985,0.00976134421966983,0.0016006351593379695,0.002877434236081403,0.009345794392523364,3162,2,True,0.1,padic
109,True,29.0,66.0,0.02870683334853694,0.009761344219669716,0.0016006351593379695,0.0028774342360814,0.009174311926605505,3162,2,True,0.1,padic
113,True,27.0,62.0,0.028632320809328364,0.009404437633029809,0.0015009975637475404,0.0025680197875746105,0.008849557522123894,3162,2,True,0.1,padic
1024,False,1.0,11.0,0.03046220677428579,0.0023944426235808732,0.0002442227302325197,0.0,,3162,2,True,0.1,padic
2048,False,1.0,12.0,0.03323149829922086,0.0021949057382824656,0.00026211106154102015,0.0,,3162,2,True,0.1,padic
3072,False,2.0,13.0,0.031130904545387614,0.011911527253094637,0.0002831388825432782,0.0,,3162,2,True,0.1,padic
2,True,1580.0,4735.0,0.6511352003564231,0.5109750005933653,0.13001898043182614,0.5987580802727024,0.5,3162,2,False,0.1,padic
3,True,1053.0,2631.0,0.23265603648918284,0.38159006702579323,0.07178974563784404,0.2795343601490617,0.3333333333333333,3162,2,False,0.1,padic
5,True,631.0,1419.0,0.10695713005314525,0.21683482367292994,0.03850893230298774,0.12579672292470676,0.2,3162,2,False,0.1,padic
7,True,450.0,974.0,0.06982597290866302,0.14595150697597126,0.02641833900908166,0.07423073745080307,0.14285714285714285,3162,2,False,0.1,padic
11,True,286.0,600.0,0.04100433633991649,0.08661187348292762,0.016326876521571422,0.039939474924875776,0.09090909090909091,3162,2,False,0.1,padic
13,True,242.0,503.0,0.03402943253973226,0.07182394060975313,0.013713569771446365,0.03272651989036263,0.07692307692307693,3162,2,False,0.1,padic
17,True,185.0,380.0,0.025365879125170313,0.05376046912383437,0.010387579567178035,0.022654293388516118,0.058823529411764705,3162,2,False,0.1,padic
19,True,165.0,338.0,0.02251543404162865,0.04736949383624785,0.009257553726272716,0.019610344114978782,0.05263157894736842,3162,2,False,0.1,padic
23,True,136.0,277.0,0.018248055471021627,0.038196881795877144,0.007624654493215443,0.015009636485837072,0.043478260869565216,3162,2,False,0.1,padic
29,True,108.0,219.0,0.014154021392415138,0.029833059883480447,0.0060797964213888216,0.010736059518454964,0.034482758620689655,3162,2,False,0.1,padic
31,True,101.0,205.0,0.013319934989690547,0.028164171874909934,0.0056865858754569735,0.008985785593465448,0.03225806451612903,3162,2,False,0.1,padic
37,True,84.0,170.0,0.010961051683162687,0.023037729695179632,0.004748384381446136,0.007027294000535789,0.02702702702702703,3162,2,False,0.1,padic
41,True,76.0,153.0,0.009758795455278425,0.020805065997764723,0.004287217061278996,0.005159945343216818,0.024390243902439025,3162,2,False,0.1,padic
43,True,72.0,145.0,0.00929687658801626,0.019580591645453702,0.004079444983064347,0.005064595401592001,0.023255813953488372,3162,2,False,0.1,padic
256,False,1.0,9.0,0.0420989157800483,0.002921126143437851,0.0002601675645425634,0.0,,3162,2,False,0.1,padic
384,False,2.0,10.0,0.04076399039210157,0.013102847444796395,0.0002832136846684048,0.0,,3162,2,False,0.1,padic
512,False,1.0,10.0,0.04677657308894256,0.002629013529094066,0.00028350782494017884,0.0,,3162,2,False,0.1,padic
576,False,2.0,10.0,0.03775769904368109,0.010300120635277396,0.0002830666145325178,0.0,,3162,2,False,0.1,padic
640,False,2.0,10.0,0.03895798632999986,0.008864442794266745,0.00028296203612853977,0.0,,3162,2,False,0.1,padic
768,False,2.0,11.0,0.04544164770099582,0.012737706676866668,0.0003065539450660202,0.0,,3162,2,False,0.1,padic
896,False,2.0,10.0,0.03842449703773145,0.007040936767876385,0.00028293734126745134,0.0,,3162,2,False,0.1,padic
1024,False,1.0,11.0,0.05145423039783683,0.0023900122991764245,0.0003068480853377943,0.0,,3162,2,False,0.1,padic
1152,False,2.0,11.0,0.04243535635257533,0.009830653933653462,0.00030640687493013323,0.0,,3162,2,False,0.1,padic
1280,False,2.0,11.0,0.04363564363889411,0.008499302026337013,0.00030630229652615513,0.0,,3162,2,False,0.1,padic
1323,False,2.0,7.0,0.008190321691761178,0.007411403504386945,0.00021204303769469324,0.004054041742919039,,3162,2,False,0.1,padic
1408,False,2.0,10.0,0.03801039643657763,0.005514397317966549,0.0002830867874603923,0.0,,3162,2,False,0.1,padic
1536,False,2.0,12.0,0.05011930500989007,0.012445594062522882,0.0003298942054636357,0.0,,3162,2,False,0.1,padic
1664,False,2.0,10.0,0.037910183117679595,0.005133970921902514,0.0002831753529119482,0.0,,3162,2,False,0.1,padic
1728,False,2.0,11.0,0.03942906500415484,0.008664023879705931,0.0003062598047942462,0.0,,3162,2,False,0.1,padic
1792,False,2.0,11.0,0.0431021543466257,0.0066757959999466515,0.00030627760166506687,0.0,,3162,2,False,0.1,padic
1856,False,2.0,9.0,0.03294696188237012,0.004523202842962323,0.00026068181032636565,0.00600434888815028,,3162,2,False,0.1,padic
1920,False,3.0,12.0,0.04230071825094739,0.018681023327695567,0.0003293484166519966,0.0,,3162,2,False,0.1,padic
1936,False,2.0,8.0,0.024271993492606666,0.006743447329254107,0.00023619574792526816,0.019713811180910198,,3162,2,False,0.1,padic
1984,False,2.0,9.0,0.03293497797992942,0.0044802699289452005,0.0002606440971863417,0.005042067283626796,,3162,2,False,0.1,padic
2000,False,2.0,9.0,0.026461742262162927,0.008047114999637716,0.00025907598691928517,0.05427438774515889,,3162,2,False,0.1,padic
2025,False,2.0,8.0,0.010661921590637558,0.007645416135304306,0.00023527327024805417,0.020371580990366577,,3162,2,False,0.1,padic
2048,False,1.0,12.0,0.056131887706731054,0.0021908446075783864,0.0003301883457354098,0.0,,3162,2,False,0.1,padic
2176,False,2.0,10.0,0.037785707789272024,0.004669279783747615,0.00028329805467787683,0.0,,3162,2,False,0.1,padic
2304,False,2.0,12.0,0.04711301366146961,0.009465513165723728,0.00032974713532774865,0.0,,3162,2,False,0.1,padic
2312,False,2.0,7.0,0.019257303212754026,0.007494542404321856,0.00021317238835387938,0.011959924860304871,,3162,2,False,0.1,padic
2368,False,2.0,9.0,0.03290108625442148,0.004348389838618091,0.00026097088739945255,0.00408889591901297,,3162,2,False,0.1,padic
2432,False,2.0,10.0,0.037744753452073274,0.0045048689957867686,0.0002833889647360493,0.0,,3162,2,False,0.1,padic
2560,False,2.0,12.0,0.04831330094778838,0.008207189411993231,0.00032964255692377066,0.0,,3162,2,False,0.1,padic
2592,False,2.0,11.0,0.03642277365573436,0.008308321428528302,0.0003061127346583592,0.10510310255393727,,3162,2,False,0.1,padic
2601,False,2.0,6.0,0.005560771858598295,0.007466395603872563,0.00018939091754860288,0.004411624192315221,,3162,2,False,0.1,padic
2646,False,3.0,9.0,0.017545636309549688,0.020556471149857272,0.00025872355848992416,0.004054041742919039,,3162,2,False,0.1,padic
2688,False,3.0,12.0,0.04176722895867898,0.0168575173013052,0.0003293237217909082,0.0,,3162,2,False,0.1,padic
2704,False,2.0,8.0,0.024121673514259617,0.006489829731878084,0.000236328596102602,0.017160674788938957,,3162,2,False,0.1,padic
2816,False,2.0,11.0,0.04268805374547189,0.005149256550036818,0.00030642704785800777,0.0,,3162,2,False,0.1,padic
2880,False,3.0,12.0,0.0392944269025269,0.015878296518176557,0.0003292013465161096,0.0,,3162,2,False,0.1,padic
2888,False,2.0,7.0,0.019195871706955848,0.007384935212347954,0.00021330875344113828,0.01082222608688355,,3162,2,False,0.1,padic
2944,False,2.0,10.0,0.037683441040919634,0.004268899318960476,0.00028362121242472306,0.008219438649041523,,3162,2,False,0.1,padic
3072,False,2.0,13.0,0.05479696231878432,0.012206592832605237,0.0003532344658612511,0.0,,3162,2,False,0.1,padic
3087,False,2.0,7.0,0.007020575014576122,0.008421721950540273,0.00021190486599421656,0.004017816025212336,,3162,2,False,0.1,padic
3136,False,2.0,10.0,0.0342484590121259,0.006258846850664056,0.00028265209943108765,0.03477608832327536,,3162,2,False,0.1,padic
2,True,2025.0,6030.0,0.705827404224142,0.5594171970417489,0.213790603748684,0.8332829099908297,0.5,3162,2,True,0.1,uniform
3,True,1054.0,1063.0,0.04280220346629279,0.34775940644373526,0.050333045070647287,0.1829298464807795,0.3333333333333333,3162,2,True,0.1,uniform
5,True,632.0,641.0,0.03878666701392022,0.1838879538962983,0.03025108392427362,0.0916502148414835,0.2,3162,2,True,0.1,uniform
7,True,451.0,460.0,0.03704763203594187,0.12255870389717784,0.02172760989568301,0.060846057635448904,0.14285714285714285,3162,2,True,0.1,uniform
11,True,287.0,296.0,0.03547910084865826,0.07306807778933838,0.014006895866716846,0.036373433739523196,0.09090909090909091,3162,2,True,0.1,uniform
13,True,243.0,252.0,0.03505873184005358,0.060870886870376555,0.011940414477671834,0.030449091445451316,0.07692307692307693,3162,2,True,0.1,uniform
17,True,186.0,195.0,0.03452386982999413,0.04582082566299833,0.009230354573960901,0.02263834550034241,0.058823529411764705,3162,2,True,0.1,uniform
19,True,166.0,175.0,0.03433301312357511,0.04058073721598622,0.008285510813871012,0.01998523006526011,0.05263157894736842,3162,2,True,0.1,uniform
23,True,137.0,146.0,0.0340496730950478,0.033030675433892716,0.006925450987812762,0.016637717461092914,0.043478260869565216,3162,2,True,0.1,uniform
29,True,109.0,118.0,0.033784220214567416,0.026101066015147757,0.005592414541606811,0.013291890084454736,0.034482758620689655,3162,2,True,0.1,uniform
31,True,102.0,111.0,0.03372623834823107,0.02465428014853933,0.005250050390715788,0.012219267790329487,0.03225806451612903,3162,2,True,0.1,uniform
37,True,85.0,94.0,0.03355811866066741,0.02041202477058109,0.004446428316330499,0.010339855330725158,0.02702702702702703,3162,2,True,0.1,uniform
41,True,77.0,86.0,0.03348315100091835,0.01845041345661962,0.004054292315245633,0.009292261168219785,0.024390243902439025,3162,2,True,0.1,uniform
43,True,73.0,82.0,0.03344497264451817,0.01749488472867017,0.0038710225183181657,0.00898668436656134,0.023255813953488372,3162,2,True,0.1,uniform
47,True,67.0,76.0,0.03338850904590896,0.01610707151968466,0.003582701717729035,0.00819396001105246,0.02127659574468085,3162,2,True,0.1,uniform
53,True,59.0,68.0,0.03331284561808609,0.01415097048226685,0.003199104067300593,0.007252451755773475,0.018867924528301886,3162,2,True,0.1,uniform
59,True,53.0,62.0,0.0332570924352636,0.012763135185750302,0.002888773121871791,0.006309091418754851,0.01694915254237288,3162,2,True,0.1,uniform
61,True,51.0,60.0,0.033238942061227725,0.01244797996993196,0.002788405474612528,0.005990633472022712,0.01639344262295082,3162,2,True,0.1,uniform
67,True,47.0,56.0,0.03320136762198856,0.011391587691206382,0.0025963228730921757,0.005570661423439987,0.014925373134328358,3162,2,True,0.1,uniform
71,True,44.0,53.0,0.03318076468285037,0.010832652276929661,0.0024482659963755865,0.005137608004730629,0.014084507042253521,3162,2,True,0.1,uniform
73,True,43.0,52.0,0.033164046964217604,0.0105266158853125,0.002404297423443912,0.005133303166092003,0.0136986301369863,3162,2,True,0.1,uniform
79,True,40.0,49.0,0.033143496765200176,0.010005375828443514,0.002251119952320819,0.004507466392224849,0.012658227848101266,3162,2,True,0.1,uniform
83,True,38.0,47.0,0.033124314436187116,0.009449185648710163,0.002159428807241294,0.0043705124560005785,0.012048192771084338,3162,2,True,0.1,uniform
89,True,35.0,44.0,0.033089314769988123,0.008711809727384612,0.00201517135003422,0.0040537230513764235,0.011235955056179775,3162,2,True,0.1,uniform
97,True,32.0,41.0,0.033067869568587725,0.008068844392698072,0.0018758098056801393,0.0037722066269153314,0.010309278350515464,3162,2,True,0.1,uniform
101,True,31.0,40.0,0.03305192425232888,0.007800414768880287,0.0018251851648538602,0.003769136509436622,0.009900990099009901,3162,2,True,0.1,uniform
103,True,30.0,39.0,0.0330504832146314,0.007785070457662279,0.0017690685241732727,0.00346142397388,0.009708737864077669,3162,2,True,0.1,uniform
107,True,29.0,38.0,0.033032778354714694,0.007265788943272348,0.0017283760951365935,0.0034588544190336935,0.009345794392523364,3162,2,True,0.1,uniform
109,True,29.0,38.0,0.0330327783547147,0.007265788943604804,0.0017283760951365935,0.0034588544190336957,0.009174311926605505,3162,2,True,0.1,uniform
113,True,27.0,36.0,0.03301459397281508,0.006924629485468219,0.001628304685767927,0.0031493398580004286,0.008849557522123894,3162,2,True,0.1,uniform
2,True,1580.0,1580.0,0.5585388520584961,0.5585388520586545,0.10617217329083539,0.5410824382226928,0.5,3162,2,False,0.1,uniform
3,True,1053.0,1053.0,0.34925504620083825,0.349255046200992,0.06821799968250156,0.2809658565006644,0.3333333333333333,3162,2,False,0.1,uniform
5,True,631.0,631.0,0.18381697113289253,0.1838169711330516,0.04001846536823958,0.1340023630584503,0.2,3162,2,False,0.1,uniform
7,True,450.0,450.0,0.12201891765022918,0.1220189176514772,0.02837074420690619,0.08392480941573233,0.14285714285714285,3162,2,False,0.1,uniform
11,True,286.0,286.0,0.07221230980045669,0.07221230980206299,0.018001980157793186,0.045195236316348156,0.09090909090909091,3162,2,False,0.1,uniform
13,True,242.0,242.0,0.059948120292556896,0.05994812027400622,0.0152485930037623,0.03592537142231603,0.07692307692307693,3162,2,False,0.1,uniform
17,True,185.0,185.0,0.04481961181281023,0.04481961180898075,0.01166684292158632,0.024290016426303945,0.058823529411764705,3162,2,False,0.1,uniform
19,True,165.0,165.0,0.03955331523112513,0.03955331522968489,0.010426244661497223,0.020444161985197443,0.05263157894736842,3162,2,False,0.1,uniform
23,True,136.0,136.0,0.031966235979751505,0.031966236012173396,0.008636299024784378,0.015578740998540739,0.043478260869565216,3162,2,False,0.1,uniform
29,True,108.0,108.0,0.02500476067781889,0.025004760655630027,0.006900973837631485,0.011409779871385247,0.034482758620689655,3162,2,False,0.1,uniform
31,True,101.0,101.0,0.02355262203570072,0.02355262203524907,0.006454019934776002,0.009684441351173374,0.03225806451612903,3162,2,False,0.1,uniform
37,True,84.0,84.0,0.019290825763864667,0.019290825767982946,0.005407423502629075,0.0072662983323824055,0.02702702702702703,3162,2,False,0.1,uniform
41,True,76.0,76.0,0.017319404358702967,0.01731940437162649,0.004899278350684263,0.00600493229408067,0.024390243902439025,3162,2,False,0.1,uniform
43,True,72.0,72.0,0.01636012406752483,0.01636012407051461,0.004661982197211006,0.005727369295773986,0.023255813953488372,3162,2,False,0.1,uniform
47,True,66.0,66.0,0.014966518111841184,0.01496651811545613,0.004288625265305451,0.004695371392812738,0.02127659574468085,3162,2,False,0.1,uniform
53,True,58.0,58.0,0.013001260122615675,0.013001260116645293,0.003791827882675374,0.0036132917974477387,0.018867924528301886,3162,2,False,0.1,uniform
59,True,52.0,52.0,0.011607032188101794,0.011607032192357748,0.003395010357687739,0.002716592922059261,0.01694915254237288,3162,2,False,0.1,uniform
61,True,50.0,50.0,0.01129185201669061,0.01129185201504456,0.0032655675966884335,0.0023783540345529005,0.01639344262295082,3162,2,False,0.1,uniform
67,True,46.0,46.0,0.010229303086517446,0.010229303084714848,0.003018198484128088,0.002147026950606479,0.014925373134328358,3162,2,False,0.1,uniform
71,True,43.0,43.0,0.00966831390740617,0.009668313901930202,0.002829918537043577,0.0018048869293968027,0.014084507042253521,3162,2,False,0.1,uniform
73,True,42.0,42.0,0.009361192442682286,0.00936119244492362,0.002770409207138917,0.001756538980517093,0.0136986301369863,3162,2,False,0.1,uniform
79,True,39.0,39.0,0.008838465089478373,0.008838465107211405,0.002577041120926336,0.0012678687793272153,0.012658227848101266,3162,2,False,0.1,uniform
83,True,37.0,37.0,0.00827908413275723,0.008279084134382568,0.0024587642063693222,0.0011858793049456414,0.012048192771084338,3162,2,False,0.1,uniform
89,True,34.0,34.0,0.0075385956246722665,0.00753859563126923,0.0022697534413316425,0.0009295145074258316,0.011235955056179775,3162,2,False,0.1,uniform
97,True,31.0,31.0,0.006893019383779338,0.0068930193743132855,0.002093874748855912,0.0008234476209423377,0.010309278350515464,3162,2,False,0.1,uniform
101,True,30.0,30.0,0.006623410728890757,0.006623410727313278,0.0020228295199697073,0.0007958552859128055,0.009900990099009901,3162,2,False,0.1,uniform
210,False,4.0,4.0,0.02631351165252578,0.026313511653500144,0.0002697867063471486,0.000726673934245989,,3162,2,False,0.1,uniform
330,False,4.0,4.0,0.025233621583133758,0.025233621582645232,0.0002696999114260687,0.0006958021600936064,,3162,2,False,0.1,uniform
420,False,4.0,4.0,0.02631351165252578,0.026313511653500144,0.0002697867063471486,0.000726673934245989,,3162,2,False,0.1,uniform
630,False,4.0,4.0,0.02631351165252578,0.026313511653500144,0.0002697867063471486,0.000726673934245989,,3162,2,False,0.1,uniform
660,False,4.0,4.0,0.025233621583133758,0.025233621582645232,0.0002696999114260687,0.0006958021600936064,,3162,2,False,0.1,uniform
840,False,4.0,4.0,0.02631351165252578,0.026313511653500144,0.0002697867063471486,0.000726673934245989,,3162,2,False,0.1,uniform
990,False,4.0,4.0,0.025233621583133758,0.025233621582645232,0.0002696999114260687,0.0006958021600936064,,3162,2,False,0.1,uniform
1050,False,4.0,4.0,0.02631351165252578,0.026313511653500144,0.0002697867063471486,0.000726673934245989,,3162,2,False,0.1,uniform
1260,False,4.0,4.0,0.02631351165252578,0.026313511653500144,0.0002697867063471486,0.000726673934245989,,3162,2,False,0.1,uniform
1320,False,4.0,4.0,0.025233621583133758,0.025233621582645232,0.0002696999114260687,0.0006958021600936064,,3162,2,False,0.1,uniform
1470,False,4.0,4.0,0.02631351165252578,0.026313511653500144,0.0002697867063471486,0.000726673934245989,,3162,2,False,0.1,uniform
1650,False,4.0,4.0,0.025233621583133758,0.025233621582645232,0.0002696999114260687,0.0006958021600936064,,3162,2,False,0.1,uniform
1680,False,4.0,4.0,0.02631351165252578,0.026313511653500144,0.0002697867063471486,0.000726673934245989,,3162,2,False,0.1,uniform
1890,False,4.0,4.0,0.02631351165252578,0.026313511653500144,0.0002697867063471486,0.000726673934245989,,3162,2,False,0.1,uniform
1980,False,4.0,4.0,0.025233621583133758,0.025233621582645232,0.0002696999114260687,0.0006958021600936064,,3162,2,False,0.1,uniform
2100,False,4.0,4.0,0.02631351165252578,0.026313511653500144,0.0002697867063471486,0.000726673934245989,,3162,2,False,0.1,uniform
2310,False,5.0,5.0,0.027879194595329934,0.0278791945951364,0.0003232890947368363,0.001077505751267023,,3162,2,False,0.1,uniform
2520,False,4.0,4.0,0.02631351165252578,0.026313511653500144,0.0002697867063471486,0.000726673934245989,,3162,2,False,0.1,uniform
2730,False,5.0,5.0,0.027613286574668695,0.027613286572530347,0.00032334581381382525,0.0010632207342551744,,3162,2,False,0.1,uniform
2940,False,4.0,4.0,0.02631351165252578,0.026313511653500144,0.0002697867063471486,0.000726673934245989,,3162,2,False,0.1,uniform
3150,False,4.0,4.0,0.02631351165252578,0.026313511653500144,0.0002697867063471486,0.000726673934245989,,3162,2,False,0.1,uniform
2,True,2025.0,5545.172545284669,0.7027766744203077,0.6780434440316451,0.10464383474721148,0.9703300509772985,0.5,3162,2,True,0.1,log
3,True,1054.0,1166.8387399675505,0.04420010882765403,0.1830024756866379,0.027824377583154477,0.025144262150657338,0.3333333333333333,3162,2,True,0.1,log
5,True,632.0,1025.555322745929,0.04295117721945432,0.06691196741885315,0.024373828389469342,0.04441071764663482,0.2,3162,2,True,0.1,log
7,True,451.0,885.6595670748853,0.04160431897562634,0.03883075370129496,0.020970684271003702,0.061027394791745924,0.14285714285714285,3162,2,True,0.1,log
11,True,287.0,695.7980480203337,0.03973451630501923,0.020253355347280125,0.016336104165429705,0.06165009470645005,0.09090909090909091,3162,2,True,0.1,log
13,True,243.0,630.7177445056923,0.03907796598881764,0.01621887472105247,0.014770477597580546,0.06625406957420141,0.07692307692307693,3162,2,True,0.1,log
17,True,186.0,534.1444686504002,0.038121133699267,0.01159009348817828,0.01242657855522513,0.061736191479222643,0.058823529411764705,3162,2,True,0.1,log
19,True,166.0,495.8324315624614,0.03772729787980588,0.010098851297328855,0.011521556867037762,0.06209179117327877,0.05263157894736842,3162,2,True,0.1,log
23,True,137.0,436.42721336636515,0.037104824683981796,0.008022379419054494,0.010105238691791273,0.057759721927446446,0.043478260869565216,3162,2,True,0.1,log
29,True,109.0,373.6679496385383,0.03646891224940488,0.006224673732262836,0.00858841373839456,0.05027931394887854,0.034482758620689655,3162,2,True,0.1,log
31,True,102.0,356.8327076529999,0.03631169823625822,0.005848227038685343,0.008201969231204738,0.05024527568987542,0.03225806451612903,3162,2,True,0.1,log
37,True,85.0,313.31710466211456,0.03584812712458864,0.004827563538259231,0.007173743661044779,0.04425253985479679,0.02702702702702703,3162,2,True,0.1,log
41,True,77.0,292.2314770695273,0.03564270424701387,0.0043784483164947706,0.006649150397124094,0.04180358723204882,0.024390243902439025,3162,2,True,0.1,log
43,True,73.0,280.80640832993635,0.03552070774913252,0.00417112397511213,0.0063866793888975445,0.04000256288067788,0.023255813953488372,3162,2,True,0.1,log
47,True,67.0,264.10974171286404,0.03534669201997608,0.003854467512599218,0.006002099656233594,0.03819773425330071,0.02127659574468085,3162,2,True,0.1,log
53,True,59.0,240.27693098602325,0.035098303844143586,0.0034476343814925817,0.005446761857662547,0.03515251142283927,0.018867924528301886,3162,2,True,0.1,log
59,True,53.0,222.03194708309763,0.03492136051742843,0.0031539182602835086,0.004988264015123784,0.03210989151806631,0.01694915254237288,3162,2,True,0.1,log
61,True,51.0,215.54369320866542,0.03485286925278827,0.0030694634020811185,0.004844294156264609,0.03092055470348672,0.01639344262295082,3162,2,True,0.1,log
67,True,47.0,203.4158604919843,0.03473914603398565,0.0028672921899783525,0.004538088627103379,0.028466196004308844,0.014925373134328358,3162,2,True,0.1,log
71,True,44.0,193.29523471277656,0.034653402127083587,0.0027644688674902163,0.00431003438554537,0.026637740820682446,0.014084507042253521,3162,2,True,0.1,log
73,True,43.0,190.1992965282323,0.03460075267612385,0.0026886814344852243,0.0042374020429745,0.026034462736115392,0.0136986301369863,3162,2,True,0.1,log
79,True,40.0,180.4084662462139,0.034517811360687864,0.0025848044687468634,0.004019154370071661,0.024192992924046627,0.012658227848101266,3162,2,True,0.1,log
83,True,38.0,173.4971024884741,0.0344462688831199,0.0024920337998126474,0.0038580368016621863,0.02297462347678791,0.012048192771084338,3162,2,True,0.1,log
89,True,35.0,162.61363657089274,0.03431159002978105,0.002336485407035683,0.0036119314225755103,0.021142163792102323,0.011235955056179775,3162,2,True,0.1,log
97,True,32.0,151.81604033360497,0.03421528129966062,0.002238333287684243,0.0033707605380974494,0.019311105682787454,0.010309278350515464,3162,2,True,0.1,log
101,True,31.0,148.45361550523782,0.03416731571407876,0.002168591657811485,0.0032760930261638865,0.018724646502669,0.009900990099009901,3162,2,True,0.1,log
103,True,30.0,144.4071406586595,0.03414664297663381,0.0021641080738884553,0.0031893986442698198,0.018118164817254593,0.009708737864077669,3162,2,True,0.1,log
107,True,29.0,140.8392073649334,0.03408366077901615,0.0020837513731518814,0.003109643245766796,0.01749266175180903,0.009345794392523364,3162,2,True,0.1,log
109,True,29.0,141.35774070241595,0.03409087677749695,0.0020800274511042385,0.0031167869843677022,0.01749326242696791,0.009174311926605505,3162,2,True,0.1,log
113,True,27.0,132.91208328652093,0.03399966101608499,0.002012839239655485,0.0029348371120586155,0.016260677000949065,0.008849557522123894,3162,2,True,0.1,log
2,True,1580.0,1095.1725452846686,0.22212745931366926,0.6783141752251849,0.03072736780290019,0.09150705392861569,0.5,3162,2,False,0.1,log
3,True,1053.0,1156.8387399675505,0.2789297839773691,0.18211833468187863,0.03189809566095257,0.15003964456048602,0.3333333333333333,3162,2,False,0.1,log
5,True,631.0,1015.555322745929,0.30063021107421506,0.06585193007326758,0.02759665812250885,0.14684985924178776,0.2,3162,2,False,0.1,log
7,True,450.0,875.6595670748853,0.27976157143316766,0.03773755178442334,0.023615790054160594,0.14331368458146956,0.14285714285714285,3162,2,False,0.1,log
11,True,286.0,685.7980480203337,0.22129027109719268,0.019138343220930203,0.018292410875494894,0.08590956234807924,0.09090909090909091,3162,2,False,0.1,log
13,True,242.0,620.7177445056923,0.19602308733998278,0.015098926159090413,0.016505651224100065,0.08562424164761191,0.07692307692307693,3162,2,False,0.1,log
17,True,185.0,524.1444686504002,0.1584309891418221,0.010464290834796405,0.013842489354830408,0.05933869669508528,0.058823529411764705,3162,2,False,0.1,log
19,True,165.0,485.8324315624614,0.1426376511210326,0.008971095259605922,0.01281794375144429,0.057886664611022785,0.05263157894736842,3162,2,False,0.1,log
23,True,136.0,426.42721336636515,0.11921839814833539,0.006891708233266223,0.011214476796945228,0.04938731133794385,0.043478260869565216,3162,2,False,0.1,log
29,True,108.0,363.6679496385383,0.09471476775221395,0.005091492827540434,0.009506837584798606,0.04162538693491484,0.034482758620689655,3162,2,False,0.1,log
31,True,101.0,346.8327076529999,0.08994141326755413,0.004714533550594067,0.009070339447186366,0.03896779980698305,0.03225806451612903,3162,2,False,0.1,log
37,True,84.0,303.31710466211456,0.07452531247307484,0.0036922742351828994,0.007913057923805188,0.033422767190321924,0.02702702702702703,3162,2,False,0.1,log
41,True,76.0,282.2314770695273,0.06795571488891701,0.0032424709756576396,0.007322896265916483,0.02893252015265158,0.024390243902439025,3162,2,False,0.1,log
43,True,72.0,270.80640832993635,0.06319818759243306,0.003034859010903257,0.007029297660819935,0.02962249568515011,0.023255813953488372,3162,2,False,0.1,log
47,True,66.0,254.10974171286404,0.05817094757705206,0.0027177062075148133,0.00659702258619882,0.027218393474265072,0.02127659574468085,3162,2,False,0.1,log
53,True,58.0,230.27693098602325,0.050460008151410655,0.002310257263448327,0.005973609593244573,0.024247654363504578,0.018867924528301886,3162,2,False,0.1,log
59,True,52.0,212.03194708309763,0.045097806588368726,0.0020160592613894107,0.005460554452624935,0.022443426411286285,0.01694915254237288,3162,2,False,0.1,log
61,True,50.0,205.54369320866542,0.043655252227439,0.0019314342946116511,0.005299682835678323,0.02131215486206496,0.01639344262295082,3162,2,False,0.1,log
67,True,46.0,193.4158604919843,0.039994651148180876,0.0017289547566881917,0.00495572696973068,0.01974739607318626,0.014925373134328358,3162,2,False,0.1,log
71,True,43.0,183.29523471277656,0.03740047188761347,0.0016260240512924876,0.004702630571265457,0.01828455183626396,0.014084507042253521,3162,2,False,0.1,log
73,True,42.0,180.1992965282323,0.03635074232513947,0.0015500430675315516,0.004619921839566761,0.017952778923510024,0.0136986301369863,3162,2,False,0.1,log
79,True,39.0,170.4084662462139,0.034029745012639875,0.0014460477102202717,0.004378124468927034,0.01651796619400206,0.012658227848101266,3162,2,False,0.1,log
83,True,37.0,163.4971024884741,0.031619148422024845,0.0013531478850300116,0.004197633757398187,0.01584521001605805,0.012048192771084338,3162,2,False,0.1,log
89,True,34.0,152.61363657089274,0.029402975480825617,0.0011972475277394793,0.003920929321659534,0.014086833600967488,0.011235955056179775,3162,2,False,0.1,log
97,True,31.0,141.81604033360497,0.025266908713876542,0.001099031634849698,0.003654591569628696,0.01354822820850636,0.010309278350515464,3162,2,False,0.1,log
101,True,30.0,138.45361550523782,0.025126904826590715,0.0010290807900600826,0.0035447623503512262,0.01304946760158418,0.009900990099009901,3162,2,False,0.1,log
103,True,29.0,134.4071406586595,0.024543208184408066,0.0010246257086902251,0.0034505909806541515,0.012468414497895635,0.009708737864077669,3162,2,False,0.1,log
107,True,28.0,130.8392073649334,0.02298599607226608,0.0009441143181151804,0.003359673358385449,0.012124227631858208,0.009345794392523364,3162,2,False,0.1,log
109,True,28.0,131.35774070241595,0.023119121654751097,0.0009403847343240678,0.003367451239086459,0.01212743123270556,0.009174311926605505,3162,2,False,0.1,log
113,True,26.0,122.91208328652093,0.021212926330242923,0.0008730600725262746,0.003165604802952081,0.0109018536835403,0.008849557522123894,3162,2,False,0.1,log
1155,False,4.0,7.051855622955894,0.032557910970786606,0.003946483659379227,0.00021200165994620762,0.00011340666586484973,,3162,2,False,0.1,log
1365,False,4.0,7.21890970761906,0.03207195004467502,0.003911165705808864,0.00021561049793101386,0.0001849932270235492,,3162,2,False,0.1,log
1785,False,4.0,7.487173694213739,0.03113079533587816,0.0038741864572822836,0.0002212367298805242,0.00024862474810345215,,3162,2,False,0.1,log
2145,False,4.0,7.6708948313621175,0.03183177653103486,0.003718750396289239,0.00022536845125857994,0.00021455516653022207,,3162,2,False,0.1,log
2310,False,5.0,7.745002803515839,0.03524532650958542,0.020446522136136583,0.00022853220586307817,0.00012665043980102534,,3162,2,False,0.1,log
2730,False,5.0,7.912056888179006,0.03475936558347386,0.020411204182566225,0.00023214104384788447,0.0002010780837200909,,3162,2,False,0.1,log
3003,False,4.0,8.00736706798333,0.032888562378552685,0.003355856979955069,0.0002328014755810885,0.0002645025703794645,,3162,2,False,0.1,log
2,True,6227.0,27273.0,0.699940399957977,0.5160461190444403,0.1781778002169066,0.8902322402007496,0.5,10000,2,True,0.1,padic
3,True,3333.0,8337.0,0.0776353085848081,0.37569294287836064,0.05844998528494526,0.24071760380011387,0.3333333333333333,10000,2,True,0.1,padic
5,True,2000.0,4507.0,0.047952503095008724,0.2150883277996644,0.031820050535649055,0.10624011991116991,0.2,10000,2,True,0.1,padic
7,True,1428.0,3101.0,0.037711929603952,0.14563255506661266,0.021965841318642213,0.06557221368599621,0.14285714285714285,10000,2,True,0.1,padic
11,True,909.0,1915.0,0.029318445394835822,0.0872069753879797,0.013631223902753916,0.03602623048195356,0.09090909090909091,10000,2,True,0.1,padic
13,True,769.0,1609.0,0.027210284268171226,0.07248779073525938,0.011478419858199133,0.029474079967843365,0.07692307692307693,10000,2,True,0.1,padic
17,True,588.0,1220.0,0.024534230375002367,0.05442036406548724,0.008727406102951541,0.02128052039717657,0.058823529411764705,10000,2,True,0.1,padic
19,True,526.0,1088.0,0.023617887429936188,0.04839302715272625,0.00779657709621956,0.01877604743871174,0.05263157894736842,10000,2,True,0.1,padic
23,True,434.0,894.0,0.022299068852877142,0.03956198052882895,0.006419141058255848,0.01501108302468626,0.043478260869565216,10000,2,True,0.1,padic
29,True,344.0,707.0,0.021028714238797725,0.031226840668662947,0.005090700085905251,0.011651962022234454,0.034482758620689655,10000,2,True,0.1,padic
31,True,322.0,662.0,0.020736048885437914,0.02926406920910197,0.004773859696290276,0.010965287700337334,0.03225806451612903,10000,2,True,0.1,padic
37,True,270.0,555.0,0.02000098009738981,0.024573887835843144,0.00401314398080506,0.009152567253792102,0.02702702702702703,10000,2,True,0.1,padic
41,True,243.0,499.0,0.019606930454865088,0.022137339664687866,0.0036172358022920565,0.008081262550472859,0.024390243902439025,10000,2,True,0.1,padic
43,True,232.0,477.0,0.01947561339329803,0.021211008604380296,0.0034575730241746204,0.007669667413497411,0.023255813953488372,10000,2,True,0.1,padic
47,True,212.0,436.0,0.019204894914976255,0.01940896961179598,0.0031655338803329046,0.006928238332935035,0.02127659574468085,10000,2,True,0.1,padic
53,True,188.0,387.0,0.018861879581579227,0.017308348941297215,0.0028153436836736525,0.0061604913575307495,0.018867924528301886,10000,2,True,0.1,padic
59,True,169.0,348.0,0.018610365328387758,0.01561026318756816,0.002537241578447217,0.0055246606210262415,0.01694915254237288,10000,2,True,0.1,padic
61,True,163.0,336.0,0.018530514356681387,0.015078172182144802,0.0024508854389619712,0.005392589335615342,0.01639344262295082,10000,2,True,0.1,padic
67,True,149.0,308.0,0.018340548204387117,0.013842227597851153,0.002251166200000271,0.004925642594265141,0.014925373134328358,10000,2,True,0.1,padic
71,True,140.0,289.0,0.018224679134190895,0.013186211343608126,0.0021131268990369338,0.00446031300469476,0.014084507042253521,10000,2,True,0.1,padic
73,True,136.0,281.0,0.01817973061778705,0.012825496901182678,0.002052406772128878,0.004259496096972158,0.0136986301369863,10000,2,True,0.1,padic
79,True,126.0,261.0,0.018015796309791814,0.012039515518275062,0.001910873005265281,0.003951265300565027,0.012658227848101266,10000,2,True,0.1,padic
83,True,120.0,249.0,0.017950068802422836,0.011521992507671875,0.0018257480923426163,0.003901070243051365,0.012048192771084338,10000,2,True,0.1,padic
89,True,112.0,233.0,0.017849938456805575,0.01076893843169155,0.001712573118053938,0.003686202453678812,0.011235955056179775,10000,2,True,0.1,padic
97,True,103.0,215.0,0.017709833338344482,0.009966111383155866,0.0015851796406317125,0.003408462470571849,0.010309278350515464,10000,2,True,0.1,padic
101,True,99.0,206.0,0.017665107086964095,0.009655675716014061,0.0015110437341215395,0.003108509157243665,0.009900990099009901,10000,2,True,0.1,padic
103,True,97.0,202.0,0.017644495927636193,0.009451869902501072,0.0014838571263646114,0.0031078022785275446,0.009708737864077669,10000,2,True,0.1,padic
107,True,93.0,194.0,0.017577312716111557,0.009159170566830218,0.0014255123640443638,0.0029526323973332125,0.009345794392523364,10000,2,True,0.1,padic
109,True,91.0,190.0,0.01755081093559038,0.00898987370933627,0.0013975252434133814,0.0029045846506367532,0.009174311926605505,10000,2,True,0.1,padic
113,True,88.0,184.0,0.017528837669695332,0.008730394478267183,0.0013528041581313862,0.0027479543313403995,0.008849557522123894,10000,2,True,0.1,padic
1024,False,1.0,11.0,0.018030430425455796,0.0013464390042762233,7.608595400234549e-05,0.0,,10000,2,True,0.1,padic
2048,False,1.0,12.0,0.01966956046413359,0.001234235753919871,8.163910662906922e-05,0.0,,10000,2,True,0.1,padic
3072,False,2.0,13.0,0.01839404528858132,0.006737743914633428,8.80045069898348e-05,0.0,,10000,2,True,0.1,padic
4096,False,1.0,13.0,0.0213086905028114,0.0011392945420798809,8.719225925579296e-05,0.0,,10000,2,True,0.1,padic
5120,False,2.0,13.0,0.018255022085710133,0.004433020160000226,8.80881919928989e-05,0.0,,10000,2,True,0.1,padic
6144,False,2.0,14.0,0.020033175327259126,0.006625540664277079,9.355765961655853e-05,0.0,,10000,2,True,0.1,padic
7168,False,2.0,13.0,0.01820705905450492,0.0034363092670048013,8.812785362949134e-05,0.0,,10000,2,True,0.1,padic
8192,False,1.0,14.0,0.022947820541489194,0.0010579163605027465,9.274541188251668e-05,0.0,,10000,2,True,0.1,padic
9216,False,2.0,14.0,0.018575852720144097,0.004940642277847694,9.396378348357944e-05,0.0,,10000,2,True,0.1,padic
2,True,4999.0,14993.0,0.6507954899447135,0.5106327903739903,0.12287059081897385,0.6016186610724354,0.5,10000,2,False,0.1,padic
3,True,3332.0,8327.0,0.23272014566794152,0.3813930955702542,0.06781564033054457,0.28302822001116407,0.3333333333333333,10000,2,False,0.1,padic
5,True,1999.0,4497.0,0.10747740750583466,0.21704689345589312,0.03640136347323549,0.12789581487966648,0.2,10000,2,False,0.1,padic
7,True,1427.0,3091.0,0.07021242129444645,0.14621048799294892,0.024964884174215263,0.0764686963794132,0.14285714285714285,10000,2,False,0.1,padic
11,True,908.0,1905.0,0.04148680878621018,0.08680420546651768,0.015394647408979013,0.04054994326598115,0.09090909090909091,10000,2,False,0.1,padic
13,True,768.0,1599.0,0.03448739712999553,0.07186891564896358,0.01293764623213558,0.031295216531821546,0.07692307692307693,10000,2,False,0.1,padic
17,True,587.0,1210.0,0.025750046342979192,0.05355455076879446,0.009804485423413433,0.022398558711047154,0.058823529411764705,10000,2,False,0.1,padic
19,True,525.0,1078.0,0.022805242077274565,0.04744824880375154,0.008747643430814838,0.019361050787599053,0.05263157894736842,10000,2,False,0.1,padic
23,True,433.0,884.0,0.018568645806986247,0.03850616798247492,0.007185236295028689,0.015500504171474009,0.043478260869565216,10000,2,False,0.1,padic
29,True,343.0,697.0,0.014523742703438822,0.030072296818974144,0.005680643281550058,0.01155265684833847,0.034482758620689655,10000,2,False,0.1,padic
31,True,321.0,652.0,0.013589657956993349,0.02808793441149932,0.005323041073148436,0.01085575501775145,0.03225806451612903,10000,2,False,0.1,padic
37,True,269.0,545.0,0.011290293484167213,0.02334404345241064,0.004462948834499262,0.008799803233851605,0.02702702702702703,10000,2,False,0.1,padic
41,True,242.0,489.0,0.010052648731813172,0.020880135376681895,0.004015688162321716,0.007306881846786414,0.024390243902439025,10000,2,False,0.1,padic
43,True,231.0,467.0,0.009616532220379774,0.01994389391721606,0.0038357984360612063,0.006406569308558111,0.023255813953488372,10000,2,False,0.1,padic
47,True,211.0,426.0,0.00876393259054096,0.018121454965689097,0.003506411702622715,0.005799785013044065,0.02127659574468085,10000,2,False,0.1,padic
53,True,187.0,377.0,0.007693501399886816,0.015997332329348756,0.0031110241484561397,0.004818420235054381,0.018867924528301886,10000,2,False,0.1,padic
512,False,1.0,10.0,0.02622700208873806,0.0014769983112370827,8.54102672959049e-05,0.0,,10000,2,False,0.1,padic
1024,False,1.0,11.0,0.028849702297611877,0.001342725737488257,9.237618494919185e-05,0.0,,10000,2,False,0.1,padic
1536,False,2.0,12.0,0.028102722446616747,0.006992869683913436,9.92551802143886e-05,0.0,,10000,2,False,0.1,padic
2048,False,1.0,12.0,0.03147240250648567,0.0012308319260309027,9.934210260247883e-05,0.0,,10000,2,False,0.1,padic
2304,False,2.0,12.0,0.026417882416682265,0.005318356816492106,9.921171902034349e-05,0.0,,10000,2,False,0.1,padic
2560,False,2.0,12.0,0.027093268138426652,0.004616024056712769,9.917106752097071e-05,0.0,,10000,2,False,0.1,padic
3072,False,2.0,13.0,0.030725422655490553,0.006858597110164611,0.00010622109786767554,0.0,,10000,2,False,0.1,padic
3584,False,2.0,12.0,0.026792912992669303,0.0035915574222233804,9.91405499172401e-05,0.0,,10000,2,False,0.1,padic
3840,False,3.0,13.0,0.02634628828743151,0.01029600635285991,0.00010605006278616745,0.0,,10000,2,False,0.1,padic
4096,False,1.0,13.0,0.03409510271535951,0.001136152547105448,0.00010630802025576579,0.0,,10000,2,False,0.1,padic
4608,False,2.0,13.0,0.029040582625556078,0.005154245893021319,0.00010617763667363044,0.0,,10000,2,False,0.1,padic
5120,False,2.0,13.0,0.02971596834730047,0.004481751482963943,0.00010613698517425766,0.0,,10000,2,False,0.1,padic
5376,False,3.0,13.0,0.026045933141674176,0.009271539718370523,0.00010601954518243682,0.0,,10000,2,False,0.1,padic
5408,False,2.0,9.0,0.016153152991786542,0.0031545966800157568,7.817886576928563e-05,0.015041918020599555,,10000,2,False,0.1,padic
5488,False,2.0,9.0,0.01424532285223152,0.004011276177967314,7.804124427214051e-05,0.03374037477095699,,10000,2,False,0.1,padic
5632,False,2.0,12.0,0.02656138505158978,0.0027323981533469237,9.91482730150774e-05,0.0,,10000,2,False,0.1,padic
5776,False,2.0,8.0,0.0133892158307353,0.003411474642396405,7.127315676882002e-05,0.009645024981260545,,10000,2,False,0.1,padic
6075,False,2.0,9.0,0.006926560148168888,0.003931307621209241,7.79270298560851e-05,0.011981812927257755,,10000,2,False,0.1,padic
6144,False,2.0,14.0,0.033348122864364366,0.006746703298707255,0.00011318701552096251,0.0,,10000,2,False,0.1,padic
6656,False,2.0,12.0,0.02650496991443385,0.0025163975531680097,9.916511335359061e-05,0.0,,10000,2,False,0.1,padic
6728,False,2.0,7.0,0.010666392508810928,0.003982441458915607,6.439760288617772e-05,0.006132103270243766,,10000,2,False,0.1,padic
6912,False,2.0,13.0,0.027355742595621603,0.004399044921046045,0.00010613417547958531,0.0,,10000,2,False,0.1,padic
7168,False,2.0,13.0,0.02941561320154312,0.0034572848484745572,0.00010610646757052703,0.0,,10000,2,False,0.1,padic
7680,False,3.0,14.0,0.028968988496305328,0.010131895429389122,0.00011301598043945441,0.0,,10000,2,False,0.1,padic
7688,False,2.0,7.0,0.010655099448405562,0.003963308989164521,6.443340384615354e-05,0.005873493754610328,,10000,2,False,0.1,padic
7744,False,2.0,10.0,0.018860475906394215,0.0029469308155547743,8.511952291480278e-05,0.019841271984769992,,10000,2,False,0.1,padic
7776,False,2.0,12.0,0.021363362326878865,0.004300287642953921,9.908133543820812e-05,0.10513423377062031,,10000,2,False,0.1,padic
8000,False,2.0,11.0,0.020091433561493816,0.003679510460219389,9.203411478617565e-05,0.05414789845324467,,10000,2,False,0.1,padic
8192,False,1.0,14.0,0.03671780292423331,0.001054998793740773,0.00011327393790905275,0.0,,10000,2,False,0.1,padic
8448,False,3.0,13.0,0.025814405200594637,0.008412380449494066,0.00010602726828027413,0.0,,10000,2,False,0.1,padic
8464,False,2.0,8.0,0.013337995491498318,0.0033252584904574357,7.130732242423766e-05,0.008248957355560856,,10000,2,False,0.1,padic
8704,False,2.0,12.0,0.026434547017876907,0.0022515273126613457,9.918516432912897e-05,0.0,,10000,2,False,0.1,padic
9216,False,2.0,14.0,0.031663282834429894,0.005019973319272493,0.00011314355432691737,0.0,,10000,2,False,0.1,padic
9248,False,2.0,9.0,0.01604751864695111,0.00297801651967798,7.820894223259317e-05,0.011428705954640838,,10000,2,False,0.1,padic
9261,False,2.0,8.0,0.004883262523619825,0.0038152152418313265,7.090148184267308e-05,0.01301658936330245,,10000,2,False,0.1,padic
9472,False,2.0,11.0,0.023695301450502217,0.001978720855099526,9.236547460483197e-05,0.0048110232107427585,,10000,2,False,0.1,padic
9728,False,2.0,12.0,0.02641081194631559,0.002163215341120442,9.920525245547151e-05,0.0,,10000,2,False,0.1,padic
9801,False,2.0,8.0,0.005190875338974234,0.0030432817771437705,7.097038163800327e-05,0.00715772922323143,,10000,2,False,0.1,padic
2,True,6227.0,17279.0,0.706143726743391,0.5588537236273943,0.1942870422844031,0.8336031962868207,0.5,10000,2,True,0.1,uniform
3,True,3333.0,3342.0,0.030484085883490053,0.34789451674283695,0.04893771528257828,0.1783025692047065,0.3333333333333333,10000,2,True,0.1,uniform
5,True,2000.0,2009.0,0.026163384970182058,0.18392187279841715,0.029296999855399655,0.08849352995578331,0.2,10000,2,True,0.1,uniform
7,True,1428.0,1437.0,0.02430563705157891,0.12266466729020394,0.020964482783116235,0.05831687522956599,0.14285714285714285,10000,2,True,0.1,uniform
11,True,909.0,918.0,0.022619691651189783,0.07303201880043553,0.013432471072052574,0.03470557897958324,0.09090909090909091,10000,2,True,0.1,uniform
13,True,769.0,778.0,0.022166566698911785,0.06066375773855189,0.011404386574755513,0.028937971812783906,0.07692307692307693,10000,2,True,0.1,uniform
17,True,588.0,597.0,0.02158532342076812,0.045440471432436985,0.00877192823524009,0.021645158781398128,0.058823529411764705,10000,2,True,0.1,uniform
19,True,526.0,535.0,0.021385370262808793,0.04034252675438318,0.007871244511030788,0.01928735315353293,0.05263157894736842,10000,2,True,0.1,uniform
23,True,434.0,443.0,0.021089272559817556,0.032937254473029004,0.00652535028868327,0.01576216066628991,0.043478260869565216,10000,2,True,0.1,uniform
29,True,344.0,353.0,0.020800141842273818,0.025898179801878,0.0052107369452426165,0.012408507304021021,0.034482758620689655,10000,2,True,0.1,uniform
31,True,322.0,331.0,0.020729619828350265,0.024224009097056822,0.004889008077540194,0.011616319663572912,0.03225806451612903,10000,2,True,0.1,uniform
37,True,270.0,279.0,0.020562874292964696,0.020275218954068544,0.004127909473371864,0.00974481158191196,0.02702702702702703,10000,2,True,0.1,uniform
41,True,243.0,252.0,0.020473716325840923,0.018183083125350795,0.003732907669096699,0.008827084615509424,0.024390243902439025,10000,2,True,0.1,uniform
43,True,232.0,241.0,0.020441407831867736,0.017403168057074342,0.0035666611315427667,0.008343376179319992,0.023255813953488372,10000,2,True,0.1,uniform
47,True,212.0,221.0,0.020377327881343117,0.015891116873953254,0.003274298861744802,0.0076618350639488285,0.02127659574468085,10000,2,True,0.1,uniform
53,True,188.0,197.0,0.020300656567387224,0.014098891402964312,0.0029200459321339816,0.006807597142990887,0.018867924528301886,10000,2,True,0.1,uniform
59,True,169.0,178.0,0.02023718533042175,0.012670726272630335,0.0026421048530783885,0.006171469650799197,0.01694915254237288,10000,2,True,0.1,uniform
61,True,163.0,172.0,0.020218029555111164,0.012228893378935905,0.00255280471332094,0.005946863940244834,0.01639344262295082,10000,2,True,0.1,uniform
67,True,149.0,158.0,0.0201733112741242,0.011181973644453991,0.0023466987547704184,0.005437814568947903,0.014925373134328358,10000,2,True,0.1,uniform
71,True,140.0,149.0,0.020147624611816725,0.010594392708697133,0.002211662725193554,0.005137386113085874,0.014084507042253521,10000,2,True,0.1,uniform
73,True,136.0,145.0,0.020134879326988125,0.01031430557389313,0.002150811915643365,0.004934580275390715,0.0136986301369863,10000,2,True,0.1,uniform
79,True,126.0,135.0,0.020103163020807814,0.009608397786319554,0.0020014680471606905,0.0045912806256952,0.012658227848101266,10000,2,True,0.1,uniform
83,True,120.0,129.0,0.020084184975700213,0.009177841349899582,0.0019107143659640013,0.004370619431750499,0.012048192771084338,10000,2,True,0.1,uniform
89,True,112.0,121.0,0.02005845734968568,0.008567099814803861,0.00179526683962724,0.004117266764350544,0.011235955056179775,10000,2,True,0.1,uniform
97,True,103.0,112.0,0.02002705187011202,0.007860820052222054,0.0016634375027706782,0.0038443832380838146,0.010309278350515464,10000,2,True,0.1,uniform
101,True,99.0,108.0,0.020014654301109287,0.007601008234345143,0.0015928427771162194,0.003543222896004381,0.009900990099009901,10000,2,True,0.1,uniform
103,True,97.0,106.0,0.02000823527360072,0.007433556695097133,0.0015641766606033047,0.0035009435463783083,0.009708737864077669,10000,2,True,0.1,uniform
107,True,93.0,102.0,0.019995681369485437,0.007172515212425562,0.0015037801406692188,0.003348147710683591,0.009345794392523364,10000,2,True,0.1,uniform
109,True,91.0,100.0,0.01998930273574454,0.0070260797847144455,0.0014750234216224715,0.003303347604881203,0.009174311926605505,10000,2,True,0.1,uniform
113,True,88.0,97.0,0.019982372069501764,0.006831024258786069,0.0014296732882979315,0.003149601484119865,0.008849557522123894,10000,2,True,0.1,uniform
2,True,4999.0,4999.0,0.5581323127400708,0.5581323127410567,0.09926640629325828,0.5417201252674992,0.5,10000,2,False,0.1,uniform
3,True,3332.0,3332.0,0.3490642436342515,0.3490642436350451,0.06383497993413657,0.28312071837229263,0.3333333333333333,10000,2,False,0.1,uniform
5,True,1999.0,1999.0,0.18403053869955652,0.18403053870042352,0.03747673693654694,0.13568899812334156,0.2,10000,2,False,0.1,uniform
7,True,1427.0,1427.0,0.12245193615552759,0.12245193615653438,0.026554514128951063,0.0849811231795126,0.14285714285714285,10000,2,False,0.1,uniform
11,True,908.0,908.0,0.07260030072928113,0.07260030071566254,0.01683438061026202,0.04596413534648153,0.09090909090909091,10000,2,False,0.1,uniform
13,True,768.0,768.0,0.06018390253734821,0.06018390253695403,0.014242728617408456,0.036838011718866505,0.07692307692307693,10000,2,False,0.1,uniform
17,True,587.0,587.0,0.044905155107845596,0.044905155106641996,0.01089113465103876,0.025528492240777502,0.058823529411764705,10000,2,False,0.1,uniform
19,True,525.0,525.0,0.03978944907306578,0.03978944907165272,0.009751010254395957,0.022108370116755656,0.05263157894736842,10000,2,False,0.1,uniform
23,True,433.0,433.0,0.03235904044838819,0.03235904045166427,0.008049602020283122,0.017012779225130076,0.043478260869565216,10000,2,False,0.1,uniform
29,True,343.0,343.0,0.025297149618167532,0.02529714962132291,0.006393214501212933,0.012181398274351432,0.034482758620689655,10000,2,False,0.1,uniform
31,True,321.0,321.0,0.02361780726821929,0.023617807266964837,0.0059910168901279575,0.011301429143464109,0.03225806451612903,10000,2,False,0.1,uniform
37,True,269.0,269.0,0.019656847594545182,0.019656847587832812,0.005036129651196999,0.008751465497175212,0.02702702702702703,10000,2,False,0.1,uniform
41,True,242.0,242.0,0.017558073329945613,0.017558073331655964,0.00454083521531808,0.007577428038096184,0.024390243902439025,10000,2,False,0.1,uniform
43,True,231.0,231.0,0.01677571062670136,0.01677571062728469,0.004334170353012102,0.006924223751114858,0.023255813953488372,10000,2,False,0.1,uniform
47,True,211.0,211.0,0.015258961814704259,0.015258961815412657,0.003968786158593445,0.006092557562267081,0.02127659574468085,10000,2,False,0.1,uniform
53,True,187.0,187.0,0.013461196419816777,0.013461196417752062,0.0035258085055141575,0.004940695797948833,0.018867924528301886,10000,2,False,0.1,uniform
59,True,168.0,168.0,0.012028858318738397,0.012028858320387829,0.003179284976724562,0.00419012881317365,0.01694915254237288,10000,2,False,0.1,uniform
61,True,162.0,162.0,0.011585698559051899,0.011585698557249637,0.0030682704317549943,0.003935352309283669,0.01639344262295082,10000,2,False,0.1,uniform
67,True,148.0,148.0,0.010535497534922552,0.010535497534196485,0.0028116732180970003,0.0033146748069163125,0.014925373134328358,10000,2,False,0.1,uniform
71,True,139.0,139.0,0.009946241740860784,0.00994624173883111,0.0026436528121450238,0.003047141106044953,0.014084507042253521,10000,2,False,0.1,uniform
73,True,135.0,135.0,0.00966541799705651,0.009665417999134228,0.0025684171855178675,0.002750596028339892,0.0136986301369863,10000,2,False,0.1,uniform
79,True,125.0,125.0,0.00895748941001422,0.008957489410629633,0.0023823928843910193,0.0023741837850311197,0.012658227848101266,10000,2,False,0.1,uniform
83,True,119.0,119.0,0.008525599037789475,0.00852559903894646,0.0022702657327261094,0.0022673756622652655,0.012048192771084338,10000,2,False,0.1,uniform
89,True,111.0,111.0,0.007912956809049809,0.00791295680698972,0.002126970626064406,0.0020370447921113605,0.011235955056179775,10000,2,False,0.1,uniform
97,True,102.0,102.0,0.007204435020483565,0.007204435020036026,0.0019620907070759023,0.0017161451501051075,0.010309278350515464,10000,2,False,0.1,uniform
101,True,98.0,98.0,0.006943862648026247,0.00694386264736852,0.0018761452211427984,0.0013942397087902815,0.009900990099009901,10000,2,False,0.1,uniform
103,True,96.0,96.0,0.006775761839550837,0.006775761840224258,0.001840354195672902,0.0013666139313784002,0.009708737864077669,10000,2,False,0.1,uniform
107,True,92.0,92.0,0.006514052392302666,0.0065140523916781354,0.0017653080560618142,0.0012321411223669228,0.009345794392523364,10000,2,False,0.1,uniform
109,True,90.0,90.0,0.006367159872646177,0.00636715987246973,0.0017294910367281187,0.0012067744901274806,0.009174311926605505,10000,2,False,0.1,uniform
113,True,87.0,87.0,0.006171500543221493,0.006171500542872835,0.001674348539985815,0.0010885055836817026,0.008849557522123894,10000,2,False,0.1,uniform
2310,False,5.0,5.0,0.015672720421778617,0.01567272042141316,9.642616284273105e-05,0.00033516303271393576,,10000,2,False,0.1,uniform
2730,False,5.0,5.0,0.015521432335895056,0.01552143233628161,9.643054272487933e-05,0.0003313136370315677,,10000,2,False,0.1,uniform
3570,False,5.0,5.0,0.015335267845284823,0.015335267845433575,9.643791437216372e-05,0.0003236410399628603,,10000,2,False,0.1,uniform
3990,False,5.0,5.0,0.015272935326970745,0.015272935326724125,9.645445603973837e-05,0.0003215429847795785,,10000,2,False,0.1,uniform
4620,False,5.0,5.0,0.015672720421778617,0.01567272042141316,9.642616284273105e-05,0.00033516303271393576,,10000,2,False,0.1,uniform
4830,False,5.0,5.0,0.015182399224436652,0.015182399224646197,9.646886526626826e-05,0.0003166084796217757,,10000,2,False,0.1,uniform
5460,False,5.0,5.0,0.015521432335895056,0.01552143233628161,9.643054272487933e-05,0.0003313136370315677,,10000,2,False,0.1,uniform
6090,False,5.0,5.0,0.015096353341562407,0.015096353341865874,9.651034903708462e-05,0.0003093158901064326,,10000,2,False,0.1,uniform
6510,False,5.0,5.0,0.015075891329981307,0.015075891329699853,9.653116952027633e-05,0.0003090368489313861,,10000,2,False,0.1,uniform
6930,False,5.0,5.0,0.015672720421778617,0.01567272042141316,9.642616284273105e-05,0.00033516303271393576,,10000,2,False,0.1,uniform
7140,False,5.0,5.0,0.015335267845284823,0.015335267845433575,9.643791437216372e-05,0.0003236410399628603,,10000,2,False,0.1,uniform
7980,False,5.0,5.0,0.015272935326970745,0.015272935326724125,9.645445603973837e-05,0.0003215429847795785,,10000,2,False,0.1,uniform
8190,False,5.0,5.0,0.015521432335895056,0.01552143233628161,9.643054272487933e-05,0.0003313136370315677,,10000,2,False,0.1,uniform
9240,False,5.0,5.0,0.015672720421778617,0.01567272042141316,9.642616284273105e-05,0.00033516303271393576,,10000,2,False,0.1,uniform
9660,False,5.0,5.0,0.015182399224436652,0.015182399224646197,9.646886526626826e-05,0.0003166084796217757,,10000,2,False,0.1,uniform
2,True,6227.0,15745.042755619399,0.7037744752041102,0.6781945923405582,0.08400217842245504,0.978653256403856,0.5,10000,2,True,0.1,log
3,True,3333.0,3670.576145841963,0.031461937450682834,0.18242528904935998,0.023524477433899564,0.010373471834080788,0.3333333333333333,10000,2,True,0.1,log
5,True,2000.0,3227.2663869558505,0.030194642783465616,0.06645938046546263,0.020656728690664376,0.021286545537930468,0.2,10000,2,True,0.1,log
7,True,1428.0,2786.8137827019245,0.028825258313589223,0.03845384955763997,0.01779941558781689,0.03196840988359688,0.14285714285714285,10000,2,True,0.1,log
11,True,909.0,2187.2889077009536,0.026892578852412242,0.019834498751032496,0.013914290084427591,0.03647126064876942,0.09090909090909091,10000,2,True,0.1,log
13,True,769.0,1979.8811065304417,0.026213743016457534,0.01576643985614881,0.012577936893158916,0.04132065537019795,0.07692307692307693,10000,2,True,0.1,log
17,True,588.0,1673.096232961003,0.025213632729538516,0.011088069039861035,0.010601549865644589,0.04140071938780195,0.058823529411764705,10000,2,True,0.1,log
19,True,526.0,1555.830464062393,0.024827707978429675,0.009622643930343289,0.009845304940049907,0.043425726849540325,0.05263157894736842,10000,2,True,0.1,log
23,True,434.0,1367.6689954973247,0.024207716182970282,0.007588182735500139,0.008631361009022025,0.04174844369814057,0.043478260869565216,10000,2,True,0.1,log
29,True,344.0,1164.9824696853566,0.02353843106708077,0.0057617969951005155,0.007335648532275217,0.03799557791346248,0.034482758620689655,10000,2,True,0.1,log
31,True,322.0,1112.3098926397286,0.023366384827020692,0.0053415853212443664,0.00699471761869995,0.03815344527051225,0.03225806451612903,10000,2,True,0.1,log
37,True,270.0,981.3369185012983,0.022932610853558015,0.004388503550414565,0.006160875674044651,0.034885564971780234,0.02702702702702703,10000,2,True,0.1,log
41,True,243.0,908.6844401424402,0.022687532415497595,0.00390729232494575,0.005692696061885444,0.03313273915909295,0.024390243902439025,10000,2,True,0.1,log
43,True,232.0,878.8372267252116,0.0225978544564909,0.003729944369368018,0.005500199743995723,0.03311845487409313,0.023255813953488372,10000,2,True,0.1,log
47,True,212.0,822.3811439608235,0.022410716729656638,0.0033965384612731297,0.005142456167292998,0.0315895562350794,0.02127659574468085,10000,2,True,0.1,log
53,True,188.0,752.4445878342481,0.022181233760397573,0.0030095182826557483,0.004695372927463792,0.029461797950149086,0.018867924528301886,10000,2,True,0.1,log
59,True,169.0,695.0262905761618,0.021983046293554902,0.002704049947671418,0.004333263681052841,0.02735444578664708,0.01694915254237288,10000,2,True,0.1,log
61,True,163.0,675.961565996075,0.02191982216166383,0.0026141956841897605,0.004213864612084143,0.026980233530454468,0.01639344262295082,10000,2,True,0.1,log
67,True,149.0,632.2945076698626,0.0217764281269753,0.0024019693218256654,0.003936897501963096,0.02544441281495623,0.014925373134328358,10000,2,True,0.1,log
71,True,140.0,602.5125029087432,0.021688901798143756,0.0022833312364326417,0.0037427075667371868,0.02447886316937355,0.014084507042253521,10000,2,True,0.1,log
73,True,136.0,589.2120245550343,0.021643689682212176,0.0022269093757147124,0.0036629565396424533,0.024286045327877457,0.0136986301369863,10000,2,True,0.1,log
79,True,126.0,556.1809815583787,0.021536494347571693,0.0020848459613269374,0.003450850354590873,0.022931539003070142,0.012658227848101266,10000,2,True,0.1,log
83,True,120.0,535.8420323277951,0.021472139290346675,0.002000830368425807,0.003317166659841727,0.021966289447508464,0.012048192771084338,10000,2,True,0.1,log
89,True,112.0,508.23863704026815,0.02137895422845397,0.001889016126068183,0.003147147457464321,0.02081114292665514,0.011235955056179775,10000,2,True,0.1,log
97,True,103.0,476.62051980734566,0.02126668152146569,0.001757029789478015,0.0029479509400175377,0.019640051622685773,0.010309278350515464,10000,2,True,0.1,log
101,True,99.0,462.28181065044436,0.021223597958580784,0.0017050802101062944,0.0028476228394516013,0.019281243987571393,0.009900990099009901,10000,2,True,0.1,log
103,True,97.0,454.93398287004555,0.021200313066929734,0.0016778712155366576,0.002799044655414764,0.018885225189852452,0.009708737864077669,10000,2,True,0.1,log
107,True,93.0,439.9002527704946,0.021151306595639796,0.0016277594568933043,0.002705123610838262,0.01810759191542279,0.009345794392523364,10000,2,True,0.1,log
109,True,91.0,432.22130940062254,0.021125378745937975,0.0016018932953839337,0.0026586115605433734,0.017725237216660254,0.009174311926605505,10000,2,True,0.1,log
113,True,88.0,421.282740227973,0.02109748078693784,0.0015715522224061754,0.0025907933744531006,0.017137380871513837,0.008849557522123894,10000,2,True,0.1,log
127,True,78.0,383.00240565731144,0.020973425497580682,0.001447053473121787,0.002349184886331256,0.01518337470874513,0.007874015748031496,10000,2,True,0.1,log
2,True,4999.0,3465.0427556193986,0.2192284359014654,0.6783255537554721,0.025182047509915293,0.07648598426555997,0.5,10000,2,False,0.1,log
3,True,3332.0,3660.576145841963,0.27453210200350825,0.18201204193156584,0.026194092152869136,0.1173571648022974,0.3333333333333333,10000,2,False,0.1,log
5,True,1999.0,3217.2663869558505,0.2949329972219232,0.0658897433016178,0.022769654210823633,0.12315276336595452,0.2,10000,2,False,0.1,log
7,True,1427.0,2776.8137827019245,0.2752459134004544,0.03785377266575213,0.019541110698692778,0.11794722180759784,0.14285714285714285,10000,2,False,0.1,log
11,True,908.0,2177.2889077009536,0.2187821554057992,0.019214587285867644,0.015219278090640607,0.07871611325965563,0.09090909090909091,10000,2,False,0.1,log
13,True,768.0,1969.8811065304417,0.19453340856126153,0.015142122035203834,0.013742686398107712,0.08064503189666836,0.07692307692307693,10000,2,False,0.1,log
17,True,587.0,1663.096232961003,0.1578439033003758,0.01045856734968539,0.011562998778448606,0.05340968183635727,0.058823529411764705,10000,2,False,0.1,log
19,True,525.0,1545.830464062393,0.1433702489280994,0.008991489375837495,0.01073138338939656,0.05847464122287404,0.05263157894736842,10000,2,False,0.1,log
23,True,433.0,1357.6689954973247,0.12097705106546658,0.006954686012441139,0.009397310712526509,0.053569289715528864,0.043478260869565216,10000,2,False,0.1,log
29,True,343.0,1154.9824696853566,0.09777884203519219,0.005126151746834077,0.007975246874858406,0.032896448276554004,0.034482758620689655,10000,2,False,0.1,log
31,True,321.0,1102.3098926397286,0.09175321892169216,0.004705439397717299,0.007602366050749655,0.03895742644878611,0.03225806451612903,10000,2,False,0.1,log
37,True,269.0,971.3369185012983,0.07755042514753342,0.003751209016626532,0.0066889080363801276,0.03034672341008856,0.02702702702702703,10000,2,False,0.1,log
41,True,242.0,898.6844401424402,0.06988174755613785,0.0032693962362001965,0.006176291107780951,0.027425587127626546,0.024390243902439025,10000,2,False,0.1,log
43,True,231.0,868.8372267252116,0.06719803912060594,0.00309183638008172,0.005965826138157327,0.02691709459003512,0.023255813953488372,10000,2,False,0.1,log
47,True,211.0,812.3811439608235,0.061468175002369896,0.0027580198260232693,0.005574733238706595,0.02686639938248676,0.02127659574468085,10000,2,False,0.1,log
53,True,187.0,742.4445878342481,0.054668999286606575,0.0023705158792407042,0.005085510769398538,0.023237070656455524,0.018867924528301886,10000,2,False,0.1,log
59,True,168.0,685.0262905761618,0.049036463693497484,0.002064652783636556,0.004690027586689507,0.020181574068589097,0.01694915254237288,10000,2,False,0.1,log
61,True,162.0,665.961565996075,0.04721656423129602,0.001974684708587668,0.004559719238562209,0.020912213245729453,0.01639344262295082,10000,2,False,0.1,log
67,True,148.0,622.2945076698626,0.04320174727958528,0.001762189456243963,0.004256955003205813,0.018489786566174123,0.014925373134328358,10000,2,False,0.1,log
71,True,139.0,592.5125029087432,0.040854938001614674,0.001643401725218168,0.004045116575739578,0.018085845391900664,0.014084507042253521,10000,2,False,0.1,log
73,True,135.0,579.2120245550343,0.03975517005590329,0.001586906779216262,0.003957975604168288,0.017633949832270686,0.0136986301369863,10000,2,False,0.1,log
79,True,125.0,546.1809815583787,0.03697911467770386,0.001444656495420755,0.0037264139709792836,0.016101270058992298,0.012658227848101266,10000,2,False,0.1,log
83,True,119.0,525.8420323277951,0.03532231244570246,0.0013605290680372111,0.0035808970255283967,0.01567012072281443,0.012048192771084338,10000,2,False,0.1,log
89,True,111.0,498.23863704026815,0.03261823950219139,0.0012485761034949393,0.003395542173584712,0.014944843154049352,0.011235955056179775,10000,2,False,0.1,log
97,True,102.0,466.62051980734566,0.029902030737911197,0.0011164083789187782,0.003177753404949614,0.013932239393173165,0.010309278350515464,10000,2,False,0.1,log
101,True,98.0,452.28181065044436,0.029101499569444755,0.0010643825468640193,0.003068527677244973,0.013596118563646724,0.009900990099009901,10000,2,False,0.1,log
103,True,96.0,444.93398287004555,0.02831794917704289,0.0010371400975645426,0.0030154776909506807,0.0133679101056735,0.009708737864077669,10000,2,False,0.1,log
107,True,92.0,429.9002527704946,0.027354351796238397,0.0009869573471824372,0.002913007985266526,0.01269522831458981,0.009345794392523364,10000,2,False,0.1,log
109,True,90.0,422.22130940062254,0.02674911831240801,0.0009610562250376454,0.0028623801704951842,0.012445773483129469,0.009174311926605505,10000,2,False,0.1,log
113,True,87.0,411.282740227973,0.025690051602946205,0.0009306889138276101,0.002788714028175239,0.011966269641567077,0.008849557522123894,10000,2,False,0.1,log
2,True,19210.0,81422.0,0.7001952624458887,0.514856124462574,0.16566015164431863,0.8938816082139504,0.5,31623,2,True,0.1,padic
3,True,10541.0,26356.0,0.07609491394207145,0.3769547992802953,0.05688996908573628,0.22508533218079393,0.3333333333333333,31623,2,True,0.1,padic
5,True,6324.0,14234.0,0.043742357384575416,0.21537723119932886,0.030902746865814155,0.09801339334970778,0.2,31623,2,True,0.1,padic
7,True,4517.0,9793.0,0.03268497863053084,0.145450197700186,0.021319332553043743,0.0674330476582017,0.14285714285714285,31623,2,True,0.1,padic
11,True,2874.0,6042.0,0.023638199339705547,0.08686968555972688,0.013199598585021064,0.0351447793133254,0.09090909090909091,31623,2,True,0.1,padic
13,True,2432.0,5074.0,0.021352562427990298,0.0721303015652985,0.011099307749656166,0.0299770925791228,0.07692307692307693,31623,2,True,0.1,padic
17,True,1860.0,3843.0,0.018458470455834257,0.053932761839030965,0.008424544599004973,0.017327347156776973,0.058823529411764705,31623,2,True,0.1,padic
19,True,1664.0,3427.0,0.017493157739723965,0.04784012225500531,0.007522143183518133,0.01740955553447256,0.05263157894736842,31623,2,True,0.1,padic
23,True,1374.0,2817.0,0.016063826742149907,0.0391207058770347,0.006194642861649488,0.015441177979472207,0.043478260869565216,31623,2,True,0.1,padic
29,True,1090.0,2226.0,0.014709780793478,0.03075375852701453,0.004905092469557858,0.011112453397706876,0.034482758620689655,31623,2,True,0.1,padic
31,True,1020.0,2081.0,0.014364844566831902,0.02875094874303273,0.004590164552022706,0.008834628183099139,0.03225806451612903,31623,2,True,0.1,padic
37,True,854.0,1739.0,0.013579645199954147,0.023972457112162206,0.003842892825683741,0.010173267413708888,0.02702702702702703,31623,2,True,0.1,padic
41,True,771.0,1568.0,0.013195058616975458,0.021639738956607427,0.0034692603430711176,0.007045651799612751,0.024390243902439025,31623,2,True,0.1,padic
43,True,735.0,1495.0,0.013016224583656066,0.020632673620598608,0.0033097424312272423,0.006383289586034592,0.023255813953488372,31623,2,True,0.1,padic
47,True,672.0,1366.0,0.012733719237154655,0.01888157775140441,0.0030268870529046904,0.0073171802142739046,0.02127659574468085,31623,2,True,0.1,padic
53,True,596.0,1211.0,0.012375407197164469,0.016759489461166753,0.0026875412456235596,0.004352392397457384,0.018867924528301886,31623,2,True,0.1,padic
59,True,535.0,1087.0,0.012089381594172341,0.015087640272129088,0.00241593263939111,0.0062674207365709805,0.01694915254237288,31623,2,True,0.1,padic
61,True,518.0,1052.0,0.012017699521179159,0.014616768670433461,0.002339102858695335,0.003973199947995179,0.01639344262295082,31623,2,True,0.1,padic
67,True,471.0,957.0,0.011785337201642286,0.013337160757540035,0.00213295645807444,0.006795164254416013,0.014925373134328358,31623,2,True,0.1,padic
71,True,445.0,904.0,0.011666713233567258,0.012617448699778077,0.002014948420368853,0.0046023247560517105,0.014084507042253521,31623,2,True,0.1,padic
73,True,433.0,879.0,0.011614155889524717,0.012280195389160246,0.0019604431723843165,0.0052960760957029215,0.0136986301369863,31623,2,True,0.1,padic
79,True,400.0,813.0,0.01147030570206318,0.011405361879050412,0.0018149488456017282,0.004361665419253726,0.012658227848101266,31623,2,True,0.1,padic
89,True,355.0,721.0,0.011254486429679106,0.010186685680181072,0.0016123800404759527,0.0028161559301308273,0.011235955056179775,31623,2,True,0.1,padic
101,True,313.0,637.0,0.011062651380103507,0.009047161848279962,0.0014286806588884918,0.002558092547498323,0.009900990099009901,31623,2,True,0.1,padic
103,True,307.0,624.0,0.011035356116202044,0.008890467962305418,0.001398681391776628,0.00295424981288806,0.009708737864077669,31623,2,True,0.1,padic
113,True,279.0,568.0,0.010908209155735921,0.008141830794700204,0.0012756771648796301,0.004357037692953699,0.008849557522123894,31623,2,True,0.1,padic
131,True,241.0,491.0,0.01073183840675864,0.0071449314841301225,0.0011064317531891898,0.003441854744912838,0.007633587786259542,31623,2,True,0.1,padic
151,True,209.0,427.0,0.010589477870523993,0.006266944387394114,0.0009636995736324577,0.004050230332163227,0.006622516556291391,31623,2,True,0.1,padic
157,True,201.0,411.0,0.01055364842180434,0.006068922875923975,0.0009291944791071525,0.002556592138136048,0.006369426751592357,31623,2,True,0.1,padic
211,True,149.0,306.0,0.010317232307847252,0.0046805208308155636,0.000694089737959303,0.0027848159978073653,0.004739336492890996,31623,2,True,0.1,padic
4096,False,1.0,13.0,0.012557195946664127,0.00064058537650892,2.7225698638510722e-05,0.0,,31623,2,True,0.1,padic
6144,False,2.0,14.0,0.011801207747514057,0.0037425206375813077,2.916578470760431e-05,0.0,,31623,2,True,0.1,padic
8192,False,1.0,14.0,0.01352313409640752,0.0005948292781868541,2.8955097727444812e-05,0.0,,31623,2,True,0.1,padic
10240,False,2.0,14.0,0.011711945308029792,0.0024357915430175936,2.9187087209811614e-05,0.0,,31623,2,True,0.1,padic
12288,False,2.0,15.0,0.012767145897257458,0.0036891385228722297,3.0895183796538395e-05,0.0,,31623,2,True,0.1,padic
16384,False,1.0,15.0,0.014489072246150921,0.0005551739929743974,3.0684496816378896e-05,0.0,,31623,2,True,0.1,padic
18432,False,2.0,15.0,0.011906182722810726,0.002726336255460202,3.1000527286618144e-05,0.0,,31623,2,True,0.1,padic
20480,False,2.0,15.0,0.012677883457773188,0.0023824094283085174,3.0916486298745705e-05,0.0,,31623,2,True,0.1,padic
24576,False,2.0,16.0,0.013733084047000849,0.0036433824245501647,3.2624582885472485e-05,0.0,,31623,2,True,0.1,padic
28672,False,2.0,15.0,0.012647375556484658,0.0018168873063016764,3.092659383534625e-05,0.0,,31623,2,True,0.1,padic
30720,False,3.0,16.0,0.011921895258623116,0.0054843446893809026,3.2856572367839294e-05,0.0,,31623,2,True,0.1,padic
2,True,15810.0,47422.0,0.6505766396542771,0.5105122945221737,0.11716028899127494,0.6085179393891323,0.5,31623,2,False,0.1,padic
3,True,10540.0,26346.0,0.2330162317930852,0.3813882312550209,0.06470542996943054,0.2744670622109844,0.3333333333333333,31623,2,False,0.1,padic
5,True,6323.0,14224.0,0.10758061657563427,0.2170925082120131,0.0347196814508366,0.12688890544784867,0.2,31623,2,False,0.1,padic
7,True,4516.0,9783.0,0.07037180702900041,0.14615048363199262,0.02382642258826408,0.08166496930213211,0.14285714285714285,31623,2,False,0.1,padic
11,True,2873.0,6032.0,0.04165245177228123,0.08684507386131703,0.014678402123403968,0.04129654013960762,0.09090909090909091,31623,2,False,0.1,padic
13,True,2431.0,5064.0,0.03462374137176772,0.07194446771384364,0.012324680071542977,0.02801929531688709,0.07692307692307693,31623,2,False,0.1,padic
17,True,1859.0,3833.0,0.0258506201218314,0.053561389556200524,0.009334612043250362,0.01983045118358862,0.058823529411764705,31623,2,False,0.1,padic
19,True,1663.0,3417.0,0.02295057265046832,0.04740926246128736,0.008329092835721473,0.01947352765317083,0.05263157894736842,31623,2,False,0.1,padic
23,True,1373.0,2807.0,0.018696975988443946,0.038608735648767795,0.006850015878677641,0.01644354881553019,0.043478260869565216,31623,2,False,0.1,padic
29,True,1089.0,2216.0,0.014693585402387766,0.03016675957500629,0.005416184431371435,0.012032269422600043,0.034482758620689655,31623,2,False,0.1,padic
31,True,1019.0,2071.0,0.013681235749647991,0.028146626045874576,0.005066269306922093,0.006636788587470202,0.03225806451612903,31623,2,False,0.1,padic
37,True,853.0,1729.0,0.011373532675834706,0.0233269241083327,0.004236578371254887,0.009468377455191154,0.02702702702702703,31623,2,False,0.1,padic
41,True,770.0,1558.0,0.010251231017785226,0.020975038736607977,0.003822244263331034,0.007662639932989899,0.024390243902439025,31623,2,False,0.1,padic
43,True,734.0,1485.0,0.009733658000268628,0.01995950305127275,0.003645184786490804,0.006231366399305503,0.023255813953488372,31623,2,False,0.1,padic
67,True,470.0,947.0,0.006145864175374173,0.012604381545612928,0.0023410000590603783,0.005971990146953428,0.014925373134328358,31623,2,False,0.1,padic
71,True,444.0,894.0,0.0058018565834696,0.011878812728575888,0.002210387113127548,0.0051189213082831414,0.014084507042253521,31623,2,False,0.1,padic
79,True,399.0,803.0,0.005227697574438671,0.010657157878641093,0.001989150540177763,0.005315811980193185,0.012658227848101266,31623,2,False,0.1,padic
2048,False,1.0,12.0,0.017679906664348443,0.0006918431015594732,3.0150580902248878e-05,0.0,,31623,2,False,0.1,padic
3072,False,2.0,13.0,0.017261979499243164,0.0038558677506178064,3.222575767680649e-05,0.0,,31623,2,False,0.1,padic
4096,False,1.0,13.0,0.01915323221971081,0.0006386244014395143,3.225058192970291e-05,0.0,,31623,2,False,0.1,padic
6144,False,2.0,14.0,0.01873530505460554,0.003792972923203311,3.432575870426052e-05,0.0,,31623,2,False,0.1,padic
8192,False,1.0,14.0,0.02062655777507318,0.0005930083727652628,3.435058295715694e-05,0.0,,31623,2,False,0.1,padic
9216,False,2.0,14.0,0.017789678694371713,0.002822157810069863,3.43133465778123e-05,0.0,,31623,2,False,0.1,padic
10240,False,2.0,14.0,0.018167170614516573,0.0024570576417574028,3.4300149259594776e-05,0.0,,31623,2,False,0.1,padic
12288,False,2.0,15.0,0.020208630609967904,0.0037397542230833514,3.642575973171455e-05,0.0,,31623,2,False,0.1,padic
14336,False,2.0,14.0,0.017998641077339228,0.0018802164862006486,3.42909181884994e-05,0.0,,31623,2,False,0.1,padic
15360,False,3.0,15.0,0.017749243449411298,0.005621082290815738,3.637532603415238e-05,0.0,,31623,2,False,0.1,padic
16384,False,1.0,15.0,0.022099883330435555,0.000553474481247579,3.6450583984610966e-05,0.0,,31623,2,False,0.1,padic
16928,False,2.0,9.0,0.008966979408055907,0.0015929754813999665,2.3773425125055575e-05,0.008124967082855823,,31623,2,False,0.1,padic
18432,False,2.0,15.0,0.019263004249734088,0.0027592629826553635,3.641334760526633e-05,0.0,,31623,2,False,0.1,padic
18496,False,2.0,10.0,0.010488906370568615,0.0014763609998962744,2.586066223966142e-05,0.009855876369079619,,31623,2,False,0.1,padic
20000,False,2.0,11.0,0.010058113207594544,0.002089772019198117,2.792449563088945e-05,0.05397691407608867,,31623,2,False,0.1,padic
20480,False,2.0,15.0,0.01964049616987894,0.0024038389416374422,3.64001502870488e-05,0.0,,31623,2,False,0.1,padic
21504,False,3.0,15.0,0.01758071391223395,0.0050442411352589825,3.6366094963057e-05,0.0,,31623,2,False,0.1,padic
21632,False,2.0,11.0,0.012021835958493309,0.001427759441630452,2.7956725127654907e-05,0.01310704911293128,,31623,2,False,0.1,padic
21952,False,2.0,11.0,0.010950747713518163,0.0017802034378511136,2.793125033747977e-05,0.036450354722072885,,31623,2,False,0.1,padic
22528,False,2.0,14.0,0.017868562751576243,0.0013979945408106448,3.42873986067696e-05,0.0,,31623,2,False,0.1,padic
23104,False,2.0,10.0,0.01046920363091917,0.0014430117016622985,2.5866316882089886e-05,0.009780462350969292,,31623,2,False,0.1,padic
24576,False,2.0,16.0,0.021681956165330276,0.0036941381944091013,3.852576075916857e-05,0.0,,31623,2,False,0.1,padic
25600,False,2.0,14.0,0.016937477034238264,0.001931547622439256,3.427493241081369e-05,0.0,,31623,2,False,0.1,padic
26624,False,2.0,14.0,0.017836727674744677,0.0012768352854963358,3.42880131257303e-05,0.0,,31623,2,False,0.1,padic
26912,False,2.0,9.0,0.008939780624857655,0.0015472134265164218,2.3783097631010355e-05,0.006261217304353189,,31623,2,False,0.1,padic
27648,False,2.0,15.0,0.018317377889500264,0.0023053028397958908,3.640093547881812e-05,0.0,,31623,2,False,0.1,padic
27783,False,2.0,9.0,0.0032759648016243105,0.0018346386209781235,2.366918765033067e-05,0.013444651760960541,,31623,2,False,0.1,padic
28672,False,2.0,15.0,0.0194719666327016,0.001826997786080689,3.6390919215953424e-05,0.0,,31623,2,False,0.1,padic
29403,False,2.0,9.0,0.00344917930161299,0.001504477566715393,2.3681328535616537e-05,0.006796721387183422,,31623,2,False,0.1,padic
30375,False,2.0,10.0,0.004140723071107547,0.0019163172106469114,2.5775238693527247e-05,0.020193680109109727,,31623,2,False,0.1,padic
30625,False,2.0,8.0,0.0016962614949065046,0.0014983347391732884,2.153499539554106e-05,0.005686200099090266,,31623,2,False,0.1,padic
30720,False,3.0,16.0,0.01922256900477367,0.005558187463401239,3.847532706160641e-05,0.0,,31623,2,False,0.1,padic
30976,False,2.0,12.0,0.013542914129103033,0.0013932250949134123,3.0055804376667873e-05,0.0199251973899202,,31623,2,False,0.1,padic
31104,False,2.0,14.0,0.01495279961367025,0.0020714745928871563,3.4276110198467676e-05,0.10479415578254957,,31623,2,False,0.1,padic
2,True,19210.0,49810.0,0.7063562751386836,0.5585569376470549,0.17813143459080963,0.8372030324432774,0.5,31623,2,True,0.1,uniform
3,True,10541.0,10550.0,0.023595781023315183,0.3481804278680348,0.047900006436072645,0.1666009452227579,0.3333333333333333,31623,2,True,0.1,uniform
5,True,6324.0,6333.0,0.018861828633741425,0.18389555904063795,0.02860516665418316,0.0827777468559924,0.2,31623,2,True,0.1,uniform
7,True,4517.0,4526.0,0.016834266367716465,0.12253183564130359,0.020440352874689323,0.05908030457958702,0.14285714285714285,31623,2,True,0.1,uniform
11,True,2874.0,2883.0,0.014999397755896593,0.07289282838808846,0.013046510748885612,0.03485170403634697,0.09090909090909091,31623,2,True,0.1,uniform
13,True,2432.0,2441.0,0.014507004675858136,0.06054941420112514,0.01106047246262532,0.027424456321220928,0.07692307692307693,31623,2,True,0.1,uniform
17,True,1860.0,1869.0,0.013871261311466283,0.045244768946742654,0.008485453870972682,0.0189792774843722,0.058823529411764705,31623,2,True,0.1,uniform
19,True,1664.0,1673.0,0.013653679625637469,0.04014074905057661,0.007604419585164516,0.018064705241594033,0.05263157894736842,31623,2,True,0.1,uniform
23,True,1374.0,1383.0,0.013332268553128523,0.03278532202513252,0.006298691621044446,0.01560574442441561,0.043478260869565216,31623,2,True,0.1,uniform
29,True,1090.0,1099.0,0.013018025573807091,0.025752768110235018,0.005017801964796269,0.013571034017477855,0.034482758620689655,31623,2,True,0.1,uniform
31,True,1020.0,1029.0,0.012940710644794259,0.024049222511915186,0.004701640778746838,0.009451482664474037,0.03225806451612903,31623,2,True,0.1,uniform
37,True,854.0,863.0,0.012757303048787683,0.020027429577264156,0.003949759090524177,0.010686179016054726,0.02702702702702703,31623,2,True,0.1,uniform
41,True,771.0,780.0,0.0126648173669191,0.018050275661361335,0.0035741051093915637,0.0068225019238269844,0.024390243902439025,31623,2,True,0.1,uniform
43,True,735.0,744.0,0.012625084819344639,0.01719484714219697,0.0034116656634985876,0.007264398834810895,0.023255813953488372,31623,2,True,0.1,uniform
47,True,672.0,681.0,0.012556721433988139,0.015720972715453807,0.0031245193683722555,0.006526942362494671,0.02127659574468085,31623,2,True,0.1,uniform
53,True,596.0,605.0,0.01247293813894165,0.013924333315244068,0.0027796695499990947,0.004840211673676774,0.018867924528301886,31623,2,True,0.1,uniform
59,True,535.0,544.0,0.012404843517581062,0.012494408389927918,0.002503104132660712,0.007244970817564964,0.01694915254237288,31623,2,True,0.1,uniform
61,True,518.0,527.0,0.012387083581512338,0.01210269243628951,0.002425376449318134,0.005043887852306296,0.01639344262295082,31623,2,True,0.1,uniform
67,True,471.0,480.0,0.012334444184856165,0.011009846715560951,0.00221226186846081,0.006939821988903289,0.014925373134328358,31623,2,True,0.1,uniform
71,True,445.0,454.0,0.012305888419951441,0.010408063029990854,0.0020928688938476035,0.0056508593093900225,0.014084507042253521,31623,2,True,0.1,uniform
73,True,433.0,442.0,0.012292632571119332,0.01012145594571071,0.0020389266862525907,0.004888765904514938,0.0136986301369863,31623,2,True,0.1,uniform
79,True,400.0,409.0,0.012257347795031914,0.009383137916698397,0.0018884710306832074,0.005016922649856457,0.012658227848101266,31623,2,True,0.1,uniform
83,True,381.0,390.0,0.012235564827681544,0.00893882139283777,0.0018011654013179352,0.0025467463605409924,0.012048192771084338,31623,2,True,0.1,uniform
89,True,355.0,364.0,0.012207007650830543,0.008336392279171094,0.0016821044276155654,0.0029932885670212127,0.011235955056179775,31623,2,True,0.1,uniform
97,True,326.0,335.0,0.012176151235294225,0.007681472967856601,0.0015489906764777762,0.0027017453239584093,0.010309278350515464,31623,2,True,0.1,uniform
101,True,313.0,322.0,0.012160892786949493,0.007372127654614451,0.0014908397845990477,0.0029771635586758453,0.009900990099009901,31623,2,True,0.1,uniform
103,True,307.0,316.0,0.012154330507332695,0.007235246960080932,0.0014621778052269286,0.0033783034481304607,0.009708737864077669,31623,2,True,0.1,uniform
107,True,295.0,304.0,0.012141187292950571,0.006967719158682096,0.0014079025130061971,0.0029972451500233656,0.009345794392523364,31623,2,True,0.1,uniform
109,True,290.0,299.0,0.012136688479517252,0.006864011094521003,0.001384627813427616,0.0019691274082975795,0.009174311926605505,31623,2,True,0.1,uniform
113,True,279.0,288.0,0.012123616238211177,0.0066004615811899115,0.0013344459341924381,0.004473475784376763,0.008849557522123894,31623,2,True,0.1,uniform
131,True,241.0,250.0,0.01208203920201613,0.005738881819899813,0.001159182780474929,0.003988038891172876,0.007633587786259542,31623,2,True,0.1,uniform
151,True,209.0,218.0,0.012046945830457038,0.005007644014225275,0.0010121172635747932,0.00478673455404108,0.006622516556291391,31623,2,True,0.1,uniform
211,True,149.0,158.0,0.011981337833605723,0.0036552240262502523,0.0007334346146805978,0.0028384934062806286,0.004739336492890996,31623,2,True,0.1,uniform
2,True,15810.0,15810.0,0.5579618123087754,0.5579618123126554,0.09388302806445735,0.5411832450691921,0.5,31623,2,False,0.1,uniform
3,True,10540.0,10540.0,0.34908569024402397,0.34908569024705305,0.06045029377535562,0.273629733462426,0.3333333333333333,31623,2,False,0.1,uniform
5,True,6323.0,6323.0,0.1840690541988729,0.18406905420170533,0.03549549846127916,0.13413307036080482,0.2,31623,2,False,0.1,uniform
7,True,4516.0,4516.0,0.12248088815501815,0.12248088816368652,0.025164528397644725,0.09079441513017456,0.14285714285714285,31623,2,False,0.1,uniform
11,True,2873.0,2873.0,0.07268740030329503,0.0726874002820056,0.015928113093563623,0.04797648206459539,0.09090909090909091,31623,2,False,0.1,uniform
13,True,2431.0,2431.0,0.06030981070543843,0.060309810684281887,0.013467131580567955,0.03417666468927746,0.07692307692307693,31623,2,False,0.1,uniform
17,True,1859.0,1859.0,0.04496531666672944,0.04496531664507107,0.010290908188332622,0.023211517359797134,0.058823529411764705,31623,2,False,0.1,uniform
19,True,1663.0,1663.0,0.039848548150093296,0.03984854813752487,0.009210173743385779,0.021918239407315118,0.05263157894736842,31623,2,False,0.1,uniform
23,True,1373.0,1373.0,0.032475467719225805,0.03247546771047691,0.0076091633779717645,0.019199736680700113,0.043478260869565216,31623,2,False,0.1,uniform
29,True,1089.0,1089.0,0.02542658196555558,0.02542658196537308,0.006044252026708415,0.014079664226367522,0.034482758620689655,31623,2,False,0.1,uniform
31,True,1019.0,1019.0,0.02371915767318675,0.02371915768393135,0.005658936739885373,0.007918406130758128,0.03225806451612903,31623,2,False,0.1,uniform
37,True,853.0,853.0,0.019688304636442024,0.0196883046331661,0.004743504773755902,0.010461116418387989,0.02702702702702703,31623,2,False,0.1,uniform
41,True,770.0,770.0,0.01770683598435482,0.017706835982233368,0.004287174036802634,0.008028949255696489,0.024390243902439025,31623,2,False,0.1,uniform
43,True,734.0,734.0,0.016849544519003945,0.016849544520426748,0.004089653464461699,0.006554415829474192,0.023255813953488372,31623,2,False,0.1,uniform
47,True,671.0,671.0,0.015372410031991534,0.015372410027547485,0.0037413166233681242,0.00583269198440513,0.02127659574468085,31623,2,False,0.1,uniform
53,True,595.0,595.0,0.013571837233075722,0.013571837219044583,0.0033231493652090788,0.004208974898112156,0.018867924528301886,31623,2,False,0.1,uniform
59,True,534.0,534.0,0.012138842829383678,0.012138842822598188,0.002987694561372937,0.005423826968945815,0.01694915254237288,31623,2,False,0.1,uniform
61,True,517.0,517.0,0.011746255822817426,0.011746255819958456,0.002894154945131469,0.003763983689634802,0.01639344262295082,31623,2,False,0.1,uniform
67,True,470.0,470.0,0.010651102006982471,0.01065110200604565,0.0026358017852226106,0.006091722521249641,0.014925373134328358,31623,2,False,0.1,uniform
71,True,444.0,444.0,0.010048004424952545,0.010048004420233765,0.0024913137888805613,0.005087035401787556,0.014084507042253521,31623,2,False,0.1,uniform
73,True,432.0,432.0,0.00976076829102879,0.009760768286534865,0.0024260996190632756,0.004225890154077105,0.0136986301369863,31623,2,False,0.1,uniform
79,True,399.0,399.0,0.009020930364745538,0.00902093036334892,0.0022446184349204294,0.004599665233193263,0.012658227848101266,31623,2,False,0.1,uniform
83,True,380.0,380.0,0.008575651687002337,0.008575651686318771,0.002138696313640882,0.0015287649231201066,0.012048192771084338,31623,2,False,0.1,uniform
89,True,354.0,354.0,0.00797190462834492,0.007971904632129519,0.0019949584255890057,0.0022291499138395914,0.011235955056179775,31623,2,False,0.1,uniform
101,True,312.0,312.0,0.007005572017364951,0.007005572020092803,0.0017640146899683708,0.0016215056733365283,0.009900990099009901,31623,2,False,0.1,uniform
103,True,306.0,306.0,0.006868388897606505,0.006868388897629548,0.001729682774379638,0.001674538175222219,0.009708737864077669,31623,2,False,0.1,uniform
107,True,294.0,294.0,0.006600313707760522,0.006600313708967499,0.0016641133665645895,0.0016048249080862804,0.009345794392523364,31623,2,False,0.1,uniform
113,True,278.0,278.0,0.006232272930655475,0.006232272925895445,0.001575702019221801,0.00332248328125294,0.008849557522123894,31623,2,False,0.1,uniform
131,True,240.0,240.0,0.005368819803754181,0.005368819803614239,0.0013640676303870371,0.0017464673420985977,0.007633587786259542,31623,2,False,0.1,uniform
151,True,208.0,208.0,0.0046360011583703115,0.004636001156339947,0.0011870045845133275,0.002755013472841935,0.006622516556291391,31623,2,False,0.1,uniform
2310,False,5.0,5.0,0.008811459400499405,0.008811459400595958,2.9093641065816653e-05,0.00010731835562405503,,31623,2,False,0.1,uniform
4620,False,5.0,5.0,0.008811459400499405,0.008811459400595958,2.9093641065816653e-05,0.00010731835562405503,,31623,2,False,0.1,uniform
6930,False,5.0,5.0,0.008811459400499405,0.008811459400595958,2.9093641065816653e-05,0.00010731835562405503,,31623,2,False,0.1,uniform
9240,False,5.0,5.0,0.008811459400499405,0.008811459400595958,2.9093641065816653e-05,0.00010731835562405503,,31623,2,False,0.1,uniform
11550,False,5.0,5.0,0.008811459400499405,0.008811459400595958,2.9093641065816653e-05,0.00010731835562405503,,31623,2,False,0.1,uniform
13860,False,5.0,5.0,0.008811459400499405,0.008811459400595958,2.9093641065816653e-05,0.00010731835562405503,,31623,2,False,0.1,uniform
16170,False,5.0,5.0,0.008811459400499405,0.008811459400595958,2.9093641065816653e-05,0.00010731835562405503,,31623,2,False,0.1,uniform
30030,False,6.0,6.0,0.009224600744116598,0.009224600743352693,3.380242848217925e-05,0.00014097055009467673,,31623,2,False,0.1,uniform
2,True,19210.0,44958.65692465483,0.7045276370211891,0.6782602281863548,0.06872903604302531,0.9834045729104076,0.5,31623,2,True,0.1,log
3,True,10541.0,11589.373522560452,0.024003787976261667,0.18221259265758064,0.02034413978759268,0.0021188450713133674,0.3333333333333333,31623,2,True,0.1,log
5,True,6324.0,10186.475920320467,0.022698922037143673,0.06618160488331133,0.01786786451539054,0.010145915688940894,0.2,31623,2,True,0.1,log
7,True,4517.0,8797.730233134473,0.02127870335133858,0.03817729239692815,0.015409015028156038,0.01989222352234275,0.14285714285714285,31623,2,True,0.1,log
11,True,2874.0,6899.153118749909,0.01927448897205775,0.01957150269365988,0.012051683916972707,0.015389435290893183,0.09090909090909091,31623,2,True,0.1,log
13,True,2432.0,6245.391887989297,0.018572460666318538,0.015507777430445827,0.010900089872574617,0.02773768487186785,0.07692307692307693,31623,2,True,0.1,log
17,True,1860.0,5276.943606600586,0.017528740008751313,0.010812301315068329,0.009192208798174192,0.025796864952615878,0.058823529411764705,31623,2,True,0.1,log
19,True,1664.0,4906.602022353785,0.01712877484109793,0.009347006213713168,0.008539826075875263,0.039749322707483416,0.05263157894736842,31623,2,True,0.1,log
23,True,1374.0,4315.033558470702,0.01648788425631525,0.0073199563081868734,0.007502622928692991,0.029736019312060546,0.043478260869565216,31623,2,True,0.1,log
29,True,1090.0,3676.985158855365,0.01579680742996371,0.005495253443735247,0.006386142732136637,0.022515796464374942,0.034482758620689655,31623,2,True,0.1,log
31,True,1020.0,3509.232961370412,0.015616622455363298,0.00507138262403288,0.006089290001936864,0.029038550330476583,0.03225806451612903,31623,2,True,0.1,log
37,True,854.0,3090.1129794855424,0.015162745851715285,0.004108353020106475,0.005355055533111723,0.024465808587120372,0.02702702702702703,31623,2,True,0.1,log
41,True,771.0,2869.450491362297,0.014922639954673288,0.003646967237675021,0.004969696822388325,0.015142848107270485,0.024390243902439025,31623,2,True,0.1,log
43,True,735.0,2770.7208849190697,0.014815428828505336,0.003453384962089758,0.004798676495839911,0.02433686474178552,0.023255813953488372,31623,2,True,0.1,log
47,True,672.0,2593.4490407474195,0.01462841325968322,0.0031257455643009012,0.004486328031695139,0.02909066759432023,0.02127659574468085,31623,2,True,0.1,log
53,True,596.0,2372.323688563491,0.014389929361729885,0.0027375985205238536,0.004101540068181688,0.015389055796253543,0.018867924528301886,31623,2,True,0.1,log
59,True,535.0,2187.4049950456324,0.01418851746419044,0.0024348517308332793,0.0037804788780191,0.025258151228613895,0.01694915254237288,31623,2,True,0.1,log
61,True,518.0,2135.3217877775965,0.014135555683146556,0.0023553418075046174,0.0036885583501403483,0.019978621801967047,0.01639344262295082,31623,2,True,0.1,log
67,True,471.0,1986.2055311137408,0.01397328171631565,0.002131138150593426,0.0034257631769194974,0.025950180787029712,0.014925373134328358,31623,2,True,0.1,log
71,True,445.0,1902.6298654063592,0.013883902557172192,0.002010093915093578,0.0032811596500690546,0.02047360931026849,0.014084507042253521,31623,2,True,0.1,log
73,True,433.0,1863.4784785761133,0.013841598311092064,0.0019548659691832654,0.0032126105128357486,0.01778387780272604,0.0136986301369863,31623,2,True,0.1,log
79,True,400.0,1753.409693134327,0.01372579470592419,0.0018098098816992866,0.003024039596797421,0.02118419193995551,0.012658227848101266,31623,2,True,0.1,log
83,True,381.0,1689.1594309627237,0.013655084576205992,0.001722648731233451,0.002910306745652468,0.014555727733679094,0.012048192771084338,31623,2,True,0.1,log
89,True,355.0,1598.9772748851801,0.013559170200457797,0.001609384564577535,0.0027516592066068575,0.01277943982374582,0.011235955056179775,31623,2,True,0.1,log
97,True,326.0,1496.7810680136015,0.013453257459222928,0.001488169413978538,0.0025747516733736044,0.02016069489685125,0.010309278350515464,31623,2,True,0.1,log
101,True,313.0,1449.9176012544654,0.013400058492397518,0.0014309005308895705,0.0024929230354254987,0.014687834034344266,0.009900990099009901,31623,2,True,0.1,log
103,True,307.0,1428.2270703982726,0.013377349465114619,0.001405883971436358,0.0024540294626481884,0.015987771839389434,0.009708737864077669,31623,2,True,0.1,log
107,True,295.0,1383.8116773317968,0.013329943878198998,0.0013568690400780142,0.002377550648861578,0.01705988636243846,0.009345794392523364,31623,2,True,0.1,log
109,True,290.0,1365.7995379642211,0.013314054047157539,0.0013387052309704157,0.002346718836170447,0.014386220127974025,0.009174311926605505,31623,2,True,0.1,log
113,True,279.0,1324.213813602028,0.013266133514840628,0.0012918697605830498,0.0022746161455865993,0.012825696003710613,0.008849557522123894,31623,2,True,0.1,log
131,True,241.0,1180.047357568278,0.013114501893183094,0.001140093039451333,0.0020198741163288832,0.016001686642842836,0.007633587786259542,31623,2,True,0.1,log
151,True,209.0,1053.5942060575076,0.012979113051203759,0.0010166451527029716,0.0018042217192369401,0.017974974436819415,0.006622516556291391,31623,2,True,0.1,log
157,True,201.0,1021.2491610696636,0.012944192299026927,0.0009872651387550016,0.0017491560997924115,0.013839410518326429,0.006369426751592357,31623,2,True,0.1,log
283,True,111.0,630.9991587407552,0.012533267676609932,0.0006696333849879008,0.001071199736697834,0.014051379357599906,0.0035335689045936395,31623,2,True,0.1,log
2,True,15810.0,10958.65692465483,0.21765807333289877,0.6783128555761827,0.021264472908541443,0.07025967974869117,0.5,31623,2,False,0.1,log
3,True,10540.0,11579.373522560452,0.27220395853405094,0.1820536914256199,0.02215163476118632,0.09087834034344311,0.3333333333333333,31623,2,False,0.1,log
5,True,6323.0,10176.475920320467,0.2921203728003265,0.06588461956196082,0.0192914699045359,0.09561696341039226,0.2,31623,2,False,0.1,log
7,True,4516.0,8787.730233134473,0.2722980268541486,0.037852820066979834,0.016586619409513698,0.10679902596375812,0.14285714285714285,31623,2,False,0.1,log
11,True,2873.0,6889.153118749909,0.21721251018356058,0.01922930548527816,0.012938141791220036,0.06317291251594409,0.09090909090909091,31623,2,False,0.1,log
13,True,2431.0,6235.391887989297,0.19382088479073423,0.015161693746641983,0.01169290287320076,0.07922608393156443,0.07692307692307693,31623,2,False,0.1,log
17,True,1859.0,5266.943606600586,0.15761631941188825,0.010461680618591554,0.009850306218076688,0.04761388528720368,0.058823529411764705,31623,2,False,0.1,log
19,True,1663.0,4896.602022353785,0.14348397100453356,0.008994957420295496,0.009148048849395634,0.05930371166840598,0.05263157894736842,31623,2,False,0.1,log
23,True,1373.0,4305.033558470702,0.1214303965342499,0.006965911752305814,0.008031838930318154,0.05345692208764219,0.043478260869565216,31623,2,False,0.1,log
29,True,1089.0,3666.985158855365,0.0986402302754604,0.005139387929039028,0.006831724747996474,0.028424612335684083,0.034482758620689655,31623,2,False,0.1,log
31,True,1019.0,3499.232961370412,0.09278311838799991,0.004715090350661461,0.006512971497225252,0.0367520740436208,0.03225806451612903,31623,2,False,0.1,log
37,True,853.0,3080.1129794855424,0.0785690916046979,0.0037510856345497915,0.0057246493862793115,0.025261946175010253,0.02702702702702703,31623,2,False,0.1,log
41,True,770.0,2859.450491362297,0.07145524749643921,0.0032892251916036854,0.0053112545988239345,0.017222014905706125,0.024390243902439025,31623,2,False,0.1,log
43,True,734.0,2760.7208849190697,0.06824985653681702,0.003095444937813753,0.005127652239774647,0.023359876875072478,0.023255813953488372,31623,2,False,0.1,log
47,True,671.0,2583.4490407474195,0.06285770935148044,0.002767468010047805,0.0047927091009496115,0.028882957528224895,0.02127659574468085,31623,2,False,0.1,log
53,True,595.0,2362.323688563491,0.05604046045289731,0.002378919687116234,0.004380060138146542,0.016638562980297904,0.018867924528301886,31623,2,False,0.1,log
59,True,534.0,2177.4049950456324,0.05063433109676809,0.0020758546042345893,0.004035812842896254,0.020037443471110954,0.01694915254237288,31623,2,False,0.1,log
61,True,517.0,2125.3217877775965,0.04905548021588217,0.0019962642868479263,0.00393744007580436,0.016785511737980034,0.01639344262295082,31623,2,False,0.1,log
67,True,470.0,1976.2055311137408,0.044734223012274844,0.0017718234946814849,0.0036557543163344315,0.021437989521731333,0.014925373134328358,31623,2,False,0.1,log
71,True,444.0,1892.6298654063592,0.04253935105486994,0.0016506504473524596,0.0035007704028089666,0.016195734901911174,0.014084507042253521,31623,2,False,0.1,log
73,True,432.0,1853.4784785761133,0.04128361792797815,0.0015953658984325812,0.0034273188810375363,0.01641128785722568,0.0136986301369863,31623,2,False,0.1,log
79,True,399.0,1743.409693134327,0.03831917466005539,0.001450157846562751,0.0032253835530271302,0.01676729599527739,0.012658227848101266,31623,2,False,0.1,log
83,True,380.0,1679.1594309627237,0.03670447679622844,0.0013629011309890273,0.0031034763157908795,0.011435101145862978,0.012048192771084338,31623,2,False,0.1,log
89,True,354.0,1588.9772748851801,0.034237379416097474,0.0012495165256357112,0.002933584621290027,0.011142932439412627,0.011235955056179775,31623,2,False,0.1,log
97,True,325.0,1486.7810680136015,0.03160287589762235,0.0011281733765619204,0.0027442205030929357,0.014725319671526302,0.010309278350515464,31623,2,False,0.1,log
101,True,312.0,1439.9176012544654,0.03033045512038431,0.0010708419912883898,0.002656547439078083,0.011566827951888514,0.009900990099009901,31623,2,False,0.1,log
103,True,306.0,1418.2270703982726,0.02978569241675462,0.0010457982866915148,0.002614920358104264,0.011539124843194928,0.009708737864077669,31623,2,False,0.1,log
107,True,294.0,1373.8116773317968,0.02867629362034775,0.0009967302474744725,0.0025330643778769192,0.01261617279655925,0.009345794392523364,31623,2,False,0.1,log
109,True,289.0,1355.7995379642211,0.028304807880873566,0.0009785480846538908,0.0025001019760275108,0.010961871330234125,0.009174311926605505,31623,2,False,0.1,log
113,True,278.0,1314.213813602028,0.02712463848262164,0.0009316616984050346,0.0024228591077149315,0.011171816198096205,0.008849557522123894,31623,2,False,0.1,log
131,True,240.0,1170.047357568278,0.02363372706897164,0.0007797194989052716,0.0021501444444782616,0.012363387200489127,0.007633587786259542,31623,2,False,0.1,log
151,True,208.0,1043.5942060575076,0.020658470597160323,0.0006561373439340718,0.0019193289356587713,0.012963157395401792,0.006622516556291391,31623,2,False,0.1,log
2,True,59590.0,245902.0,0.7001735083579758,0.5140998663891023,0.15580095783078127,0.8899663508825747,0.5,100000,2,True,0.1,padic
3,True,33333.0,83336.0,0.07699709210729891,0.37780167950298765,0.05553602870551539,0.23188330322162165,0.3333333333333333,100000,2,True,0.1,padic
5,True,20000.0,45007.0,0.0421264635263598,0.21558029037639473,0.03014054688768487,0.11194978632906005,0.2,100000,2,True,0.1,padic
7,True,14285.0,30955.0,0.030257834127705267,0.14546149731758773,0.020774565398177416,0.06882550095446337,0.14285714285714285,100000,2,True,0.1,padic
11,True,9090.0,19095.0,0.020588667954549417,0.08668137849731211,0.012848493067141207,0.03509739705905243,0.09090909090909091,100000,2,True,0.1,padic
13,True,7692.0,16031.0,0.01813450643347494,0.07195174994412412,0.010798503685841501,0.02987974559491216,0.07692307692307693,100000,2,True,0.1,padic
17,True,5882.0,12139.0,0.015046535779205962,0.053636213478359646,0.00819176389771878,0.019687945092235374,0.058823529411764705,100000,2,True,0.1,padic
19,True,5263.0,10825.0,0.01401311130921759,0.04758189267526971,0.0073092222398307575,0.016150481231846963,0.05263157894736842,100000,2,True,0.1,padic
23,True,4347.0,8899.0,0.012501240400314648,0.038821414485586375,0.006016947639907427,0.01308503458958067,0.043478260869565216,100000,2,True,0.1,padic
29,True,3448.0,7026.0,0.011041126762693898,0.030445283992542697,0.004758189365788747,0.011398573304799368,0.034482758620689655,100000,2,True,0.1,padic
31,True,3225.0,6565.0,0.01068324456273524,0.0284025422425019,0.004448847739998196,0.012309196183923643,0.03225806451612903,100000,2,True,0.1,padic
37,True,2702.0,5486.0,0.009845918334568847,0.023669958581488203,0.003723527338924215,0.011927036540730797,0.02702702702702703,100000,2,True,0.1,padic
41,True,2439.0,4946.0,0.0094261997994316,0.021318599722709667,0.003360309677560137,0.007421359093848538,0.024390243902439025,100000,2,True,0.1,padic
43,True,2325.0,4713.0,0.009247549279316711,0.02030540244852152,0.0032029240378895546,0.007016761224113387,0.023255813953488372,100000,2,True,0.1,padic
47,True,2127.0,4307.0,0.00893291265047068,0.0185541273765728,0.0029293971860000854,0.006743649984110807,0.02127659574468085,100000,2,True,0.1,padic
53,True,1886.0,3815.0,0.008551871979184255,0.016444417865084,0.0025979312380691334,0.005574929498590001,0.018867924528301886,100000,2,True,0.1,padic
59,True,1694.0,3424.0,0.008251353996918087,0.014770832636119178,0.002334144309821923,0.0043243822654231165,0.01694915254237288,100000,2,True,0.1,padic
61,True,1639.0,3312.0,0.00816464760352063,0.014289407176390332,0.0022590525899895703,0.00747720021067091,0.01639344262295082,100000,2,True,0.1,padic
67,True,1492.0,3014.0,0.007936494102297801,0.013017031998593102,0.0020575133939071833,0.005355919785062388,0.014925373134328358,100000,2,True,0.1,padic
71,True,1408.0,2843.0,0.007807346868254611,0.01229694210286905,0.0019412383217869114,0.007017579240473731,0.014084507042253521,100000,2,True,0.1,padic
73,True,1369.0,2764.0,0.007743914092992928,0.011955360647003322,0.0018884428688894874,0.003949634992699867,0.0136986301369863,100000,2,True,0.1,padic
79,True,1265.0,2554.0,0.00758285952911608,0.011060932022904415,0.0017464221872632551,0.00405063456824693,0.012658227848101266,100000,2,True,0.1,padic
83,True,1204.0,2430.0,0.007487831538716869,0.01054590121677328,0.0016627918568494964,0.0044554411088221875,0.012048192771084338,100000,2,True,0.1,padic
89,True,1123.0,2266.0,0.00736190770419398,0.009854044715650797,0.001552129964149018,0.004645760026311654,0.011235955056179775,100000,2,True,0.1,padic
97,True,1030.0,2078.0,0.007220093841777878,0.009065008508469988,0.0014240493794190439,0.002862693920545079,0.010309278350515464,100000,2,True,0.1,padic
103,True,970.0,1957.0,0.007123968020965383,0.008562960397839773,0.0013423259046923494,0.005157597596396372,0.009708737864077669,100000,2,True,0.1,padic
107,True,934.0,1884.0,0.007068531085622921,0.008249782282754076,0.001293004010682308,0.002652833056661136,0.009345794392523364,100000,2,True,0.1,padic
113,True,884.0,1783.0,0.0069900452296350005,0.007822215262395743,0.0012249428433504651,0.0027524528268343183,0.008849557522123894,100000,2,True,0.1,padic
131,True,763.0,1539.0,0.006801288825430836,0.006805332595252763,0.001059289308511119,0.0026044363109484383,0.007633587786259542,100000,2,True,0.1,padic
179,True,558.0,1127.0,0.006488818611385431,0.005085586061014298,0.0007788917345465506,0.0025854572647008496,0.00558659217877095,100000,2,True,0.1,padic
16384,False,1.0,15.0,0.00846221888932783,0.0003121971038061272,9.578281263126805e-06,0.0,,100000,2,True,0.1,padic
24576,False,2.0,16.0,0.008022148065114976,0.002055202316230065,1.0172628886591481e-05,0.0,,100000,2,True,0.1,padic
32768,False,1.0,16.0,0.009026366815283019,0.00029268478481824433,1.011683249732803e-05,0.0,,100000,2,True,0.1,padic
40960,False,2.0,16.0,0.007965955728341717,0.0013163617060905095,1.0178195945087709e-05,0.0,,100000,2,True,0.1,padic
49152,False,2.0,17.0,0.008586295991070168,0.002032902523101057,1.0711180120792708e-05,0.0,,100000,2,True,0.1,padic
57344,False,2.0,16.0,0.007946830004276848,0.0009970042395767644,1.0180636674852756e-05,0.0,,100000,2,True,0.1,padic
65536,False,1.0,17.0,0.009590514741238206,0.00027546803277011227,1.0655383731529256e-05,0.0,,100000,2,True,0.1,padic
73728,False,2.0,17.0,0.00808418661598615,0.0014816338431317552,1.0739078315424434e-05,0.0,,100000,2,True,0.1,padic
81920,False,2.0,17.0,0.008530103654296909,0.0012940619129615002,1.0716747179288933e-05,0.0,,100000,2,True,0.1,padic
90112,False,2.0,16.0,0.007931248609159273,0.00072928899507647,1.0183612760807312e-05,0.0,,100000,2,True,0.1,padic
98304,False,2.0,18.0,0.009150443917025354,0.0020133902041131733,1.1249731354993932e-05,0.0,,100000,2,True,0.1,padic
2,True,49999.0,149992.0,0.650555309702899,0.5104986462795158,0.11257978369930718,0.5999110365648685,0.5,100000,2,False,0.1,padic
3,True,33332.0,83326.0,0.23296841645281005,0.3813546031584586,0.06221652430477564,0.28762036931692153,0.3333333333333333,100000,2,False,0.1,padic
5,True,19999.0,44997.0,0.10762411354191863,0.21707770384373024,0.03339459493740495,0.14185735508710096,0.2,100000,2,False,0.1,padic
7,True,14284.0,30945.0,0.07039682228547998,0.14618462667083262,0.0229106530827104,0.08673356099757216,0.14285714285714285,100000,2,False,0.1,padic
11,True,9089.0,19085.0,0.04171084282077567,0.08684546822273626,0.014109808620700803,0.03967491442122594,0.09090909090909091,100000,2,False,0.1,padic
13,True,7691.0,16021.0,0.03464993471018942,0.07199103252369059,0.01184486540201307,0.03406811620925874,0.07692307692307693,100000,2,False,0.1,padic
17,True,5881.0,12129.0,0.025887632162324335,0.05352967868018632,0.008971582477944409,0.021265075612479718,0.058823529411764705,100000,2,False,0.1,padic
19,True,5262.0,10815.0,0.02298422209764451,0.04742956448847189,0.008000108920954669,0.01997555173148809,0.05263157894736842,100000,2,False,0.1,padic
23,True,4346.0,8889.0,0.01876577226026267,0.038605010836064456,0.006580083798558083,0.01293202380050452,0.043478260869565216,100000,2,False,0.1,padic
29,True,3447.0,7016.0,0.014719389726171669,0.03016994071516792,0.005198607796017796,0.01027245346387024,0.034482758620689655,100000,2,False,0.1,padic
31,True,3224.0,6555.0,0.01373289228331037,0.028113292821860997,0.004859468640572386,0.011113362301579235,0.03225806451612903,100000,2,False,0.1,padic
37,True,2701.0,5476.0,0.011429533504082445,0.023348676074534374,0.004064660677843199,0.013576825475149143,0.02702702702702703,100000,2,False,0.1,padic
41,True,2438.0,4936.0,0.010279843365457566,0.020981837874165857,0.0036668912838748735,0.0062271612390754445,0.024390243902439025,100000,2,False,0.1,padic
43,True,2324.0,4703.0,0.009790484410009133,0.01996205591051056,0.0034945434535375904,0.006001882535407739,0.023255813953488372,100000,2,False,0.1,padic
53,True,1885.0,3805.0,0.00788864787122247,0.016075917527783794,0.0028324950441237172,0.0064562392822299745,0.018867924528301886,100000,2,False,0.1,padic
61,True,1638.0,3302.0,0.006833445923467549,0.013907177100541896,0.002461823669306437,0.008764629174081393,0.01639344262295082,100000,2,False,0.1,padic
71,True,1407.0,2833.0,0.0058600837013976685,0.011902117088989238,0.0021143468804538292,0.007123610393248183,0.014084507042253521,100000,2,False,0.1,padic
103,True,969.0,1947.0,0.004005880968052713,0.008144844133922736,0.0014598445523963228,0.006376596630612165,0.009708737864077669,100000,2,False,0.1,padic
8192,False,1.0,14.0,0.011593209777541403,0.0003334549336328605,1.0490910683478663e-05,0.0,,100000,2,False,0.1,padic
12288,False,2.0,15.0,0.011358210462516817,0.0021027965524733,1.1122253283582033e-05,0.0,,100000,2,False,0.1,padic
16384,False,1.0,15.0,0.012421296190222933,0.00031122460472400316,1.112889675394341e-05,0.0,,100000,2,False,0.1,padic
24576,False,2.0,16.0,0.012186296875198347,0.0020771461729630794,1.1760239354046782e-05,0.0,,100000,2,False,0.1,padic
32768,False,1.0,16.0,0.013249382602904461,0.00029177306692875285,1.1766882824408155e-05,0.0,,100000,2,False,0.1,padic
36864,False,2.0,16.0,0.01165475401134529,0.001521566139363226,1.175691761886609e-05,0.0,,100000,2,False,0.1,padic
40960,False,2.0,16.0,0.01186719744552819,0.0013260127454732898,1.17525682543326e-05,0.0,,100000,2,False,0.1,padic
49152,False,2.0,17.0,0.013014383287879874,0.002054915844054222,1.2398225424511525e-05,0.0,,100000,2,False,0.1,padic
55296,False,2.0,16.0,0.011123211147492236,0.0012608763755701136,1.1753595883685405e-05,0.0,,100000,2,False,0.1,padic
57344,False,2.0,16.0,0.011772424830162194,0.0010018639438809256,1.1749534252257487e-05,0.0,,100000,2,False,0.1,padic
61440,False,3.0,17.0,0.011632198130503606,0.0030953543643137287,1.2383910854435969e-05,0.0,,100000,2,False,0.1,padic
65536,False,1.0,17.0,0.01407746901558599,0.00027460994534470864,1.2404868894872902e-05,0.0,,100000,2,False,0.1,padic
67712,False,2.0,11.0,0.006696351685129437,0.0007012235197368179,8.550632015652056e-06,0.005958168605585411,,100000,2,False,0.1,padic
70304,False,2.0,10.0,0.005144940924454629,0.0009426460371864269,7.900756488631208e-06,0.01562788555771114,,100000,2,False,0.1,padic
73728,False,2.0,17.0,0.012482840424026819,0.0014959157598530056,1.2394903689330839e-05,0.0,,100000,2,False,0.1,padic
73984,False,2.0,12.0,0.0075516341655239225,0.0006818790483493091,9.18716493194968e-06,0.009994486556397794,,100000,2,False,0.1,padic
80000,False,2.0,13.0,0.007309660471419198,0.0009805692585936772,9.817138187825023e-06,0.056600505343440195,,100000,2,False,0.1,padic
81920,False,2.0,17.0,0.012695283858209718,0.0013037824165644325,1.2390554324797345e-05,0.0,,100000,2,False,0.1,padic
83349,False,2.0,10.0,0.0021376913982124103,0.0009154349182341053,7.884338846234204e-06,0.014753717550541496,,100000,2,False,0.1,padic
85184,False,2.0,11.0,0.006008978420651801,0.0008654543201991953,8.538675703663222e-06,0.017636506063454602,,100000,2,False,0.1,padic
86016,False,3.0,17.0,0.011537425515137607,0.0027712055627213635,1.2380876852360855e-05,0.0,,100000,2,False,0.1,padic
87616,False,2.0,10.0,0.0058402505615837395,0.0007380822644413559,7.917791917769139e-06,0.0070137017555165935,,100000,2,False,0.1,padic
87808,False,2.0,13.0,0.007811207819375335,0.0008529121796640377,9.818227468712574e-06,0.037088008426835205,,100000,2,False,0.1,padic
88209,False,2.0,10.0,0.002235084990710132,0.0007629234341961229,7.887006679038957e-06,0.006307748377189767,,100000,2,False,0.1,padic
90112,False,2.0,16.0,0.011699396543481955,0.0007305438394998084,1.1747744440197556e-05,0.0,,100000,2,False,0.1,padic
91125,False,2.0,11.0,0.0026237801777728815,0.0009944764028717056,8.52507118566849e-06,0.02226890537810756,,100000,2,False,0.1,padic
92160,False,3.0,17.0,0.011100655266650548,0.002544049393965579,1.238058911925528e-05,0.0,,100000,2,False,0.1,padic
92416,False,2.0,12.0,0.007540546986359572,0.0006632844287364662,9.187274894393339e-06,0.009417848356967138,,100000,2,False,0.1,padic
93312,False,2.0,15.0,0.008700496143251538,0.0010817436308089975,1.1105644607678592e-05,0.10739242784855696,,100000,2,False,0.1,padic
98304,False,2.0,18.0,0.013842469700561404,0.002035464306258972,1.3036211494976272e-05,0.0,,100000,2,False,0.1,padic
2,True,59590.0,145909.0,0.7065047541169244,0.5584217936930752,0.16536475660114924,0.8301842076841549,0.5,100000,2,True,0.1,uniform
3,True,33333.0,33342.0,0.01982747797162256,0.34834721306188127,0.04697549625099139,0.16906603020948885,0.3333333333333333,100000,2,True,0.1,uniform
5,True,20000.0,20009.0,0.014669597009714933,0.18389052797515415,0.028018846293587484,0.09163471891660308,0.2,100000,2,True,0.1,uniform
7,True,14285.0,14294.0,0.01246599181411099,0.12248942104105792,0.019996983801176822,0.05956202812945175,0.14285714285714285,100000,2,True,0.1,uniform
11,True,9090.0,9099.0,0.010473357642322977,0.07280125702126768,0.01274159124893455,0.03349991288714619,0.09090909090909091,100000,2,True,0.1,uniform
13,True,7692.0,7701.0,0.009939108186583473,0.060451996182786204,0.010793458292264605,0.02764072725898961,0.07692307692307693,100000,2,True,0.1,uniform
17,True,5882.0,5891.0,0.009248995043552964,0.04510900052516142,0.008271570696552882,0.01845292950303483,0.058823529411764705,100000,2,True,0.1,uniform
19,True,5263.0,5272.0,0.009013127277834612,0.040026516574350794,0.007407301850973552,0.017076956650244366,0.05263157894736842,100000,2,True,0.1,uniform
23,True,4347.0,4356.0,0.008665034984554012,0.032669569665499144,0.006129355664936298,0.013893805876117606,0.043478260869565216,100000,2,True,0.1,uniform
29,True,3448.0,3457.0,0.008324289658131655,0.025623550590788618,0.004873539246176675,0.011658179163583223,0.034482758620689655,100000,2,True,0.1,uniform
31,True,3225.0,3234.0,0.008239423893791316,0.02390181898361009,0.004562695149894477,0.01187217966581549,0.03225806451612903,100000,2,True,0.1,uniform
37,True,2702.0,2711.0,0.008041693768451642,0.019907653204618684,0.0038314269588368257,0.012404496312148414,0.02702702702702703,100000,2,True,0.1,uniform
41,True,2439.0,2448.0,0.007941839568612805,0.01791922647969614,0.003463599001182244,0.007751997928847437,0.024390243902439025,100000,2,True,0.1,uniform
43,True,2325.0,2334.0,0.007898738229454322,0.0170658889808671,0.0033035119894795216,0.0066535037367413735,0.023255813953488372,100000,2,True,0.1,uniform
47,True,2127.0,2136.0,0.007823871166690144,0.015582662884986853,0.0030252813436372336,0.006572366558442286,0.02127659574468085,100000,2,True,0.1,uniform
53,True,1886.0,1895.0,0.0077331589389826585,0.013794294480605611,0.0026875195567306813,0.006035164481067413,0.018867924528301886,100000,2,True,0.1,uniform
59,True,1694.0,1703.0,0.007660660319989966,0.01237595806480195,0.00241784390740517,0.004458234053569971,0.01694915254237288,100000,2,True,0.1,uniform
61,True,1639.0,1648.0,0.00763955666021189,0.011968687449923621,0.0023409330230141096,0.00852297979292921,0.01639344262295082,100000,2,True,0.1,uniform
67,True,1492.0,1501.0,0.007584417664320787,0.010893828959927429,0.002134160050764583,0.005165495087679552,0.014925373134328358,100000,2,True,0.1,uniform
71,True,1408.0,1417.0,0.0075527464755453235,0.010280640467947506,0.002015424044218473,0.007858724063370168,0.014084507042253521,100000,2,True,0.1,uniform
73,True,1369.0,1378.0,0.007537682987123395,0.009990389037106003,0.0019609807605463696,0.004316686778180023,0.0136986301369863,100000,2,True,0.1,uniform
79,True,1265.0,1274.0,0.007498458993824962,0.009232762845312157,0.001814577910452388,0.005471910104868786,0.012658227848101266,100000,2,True,0.1,uniform
83,True,1204.0,1213.0,0.007475809455780473,0.008793578986099362,0.0017286780237299047,0.004789374454155756,0.012048192771084338,100000,2,True,0.1,uniform
89,True,1123.0,1132.0,0.007444941175205956,0.00820305473172429,0.0016149459493663668,0.00528331566631333,0.011235955056179775,100000,2,True,0.1,uniform
97,True,1030.0,1039.0,0.007410249824780694,0.007535751980027011,0.0014833933595784674,0.0030259594080770543,0.010309278350515464,100000,2,True,0.1,uniform
101,True,990.0,999.0,0.007395207368472511,0.007249728659469184,0.0014266594471752036,0.002794945898917982,0.009900990099009901,100000,2,True,0.1,uniform
103,True,970.0,979.0,0.007387662118065504,0.007102903473901032,0.0013985719957464355,0.0056575031500630075,0.009708737864077669,100000,2,True,0.1,uniform
107,True,934.0,943.0,0.0073740808157949705,0.006839607020783803,0.00134784482168975,0.0030361985017478194,0.009345794392523364,100000,2,True,0.1,uniform
109,True,917.0,926.0,0.00736733874877978,0.00671383945968775,0.0013238612177543835,0.0024333635561600135,0.009174311926605505,100000,2,True,0.1,uniform
113,True,884.0,893.0,0.007355252086416068,0.006479658385446175,0.001277625287535081,0.002874881942083288,0.008849557522123894,100000,2,True,0.1,uniform
229,True,436.0,445.0,0.007186802026152876,0.0032809968992565013,0.0006417860856085684,0.002840732370202963,0.004366812227074236,100000,2,True,0.1,uniform
2,True,49999.0,49999.0,0.5579182005135417,0.5579182005133531,0.08961912146150396,0.5361437555439538,0.5,100000,2,False,0.1,uniform
3,True,33332.0,33332.0,0.3490613877719962,0.3490613877718379,0.0577833223704613,0.281807819348778,0.3333333333333333,100000,2,False,0.1,uniform
5,True,19999.0,19999.0,0.18408231194253857,0.18408231194222197,0.0339460706858072,0.14673820795192996,0.2,100000,2,False,0.1,uniform
7,True,14284.0,14284.0,0.12251883012765695,0.12251883012995378,0.02406058345534327,0.09420716779544218,0.14285714285714285,100000,2,False,0.1,uniform
11,True,9089.0,9089.0,0.07271755075748156,0.07271755075554488,0.01522331857851605,0.0462511950596752,0.09090909090909091,100000,2,False,0.1,uniform
13,True,7691.0,7691.0,0.060343062499813804,0.060343062500883886,0.012868405280470884,0.03932908541049242,0.07692307692307693,100000,2,False,0.1,uniform
17,True,5881.0,5881.0,0.044970431303565234,0.04497043129977131,0.009832680721255652,0.024616397537640163,0.058823529411764705,100000,2,False,0.1,uniform
19,True,5262.0,5262.0,0.03987854724352762,0.03987854724593688,0.008794294130500535,0.022412808303249845,0.05263157894736842,100000,2,False,0.1,uniform
23,True,4346.0,4346.0,0.03250839829112014,0.03250839829129959,0.007264384976168799,0.016474813323525555,0.043478260869565216,100000,2,False,0.1,uniform
29,True,3447.0,3447.0,0.025450135180974467,0.02545013518456236,0.005764611071944548,0.012641735985695013,0.034482758620689655,100000,2,False,0.1,uniform
31,True,3224.0,3224.0,0.023725492591729902,0.023725492592901194,0.00539409878484049,0.01284997665096758,0.03225806451612903,100000,2,False,0.1,uniform
37,True,2701.0,2701.0,0.01972461683113573,0.019724616830510144,0.0045235687702317425,0.015044407519533403,0.02702702702702703,100000,2,False,0.1,uniform
41,True,2438.0,2438.0,0.01773290846524729,0.01773290846456849,0.00408624659273178,0.007666293518916498,0.024390243902439025,100000,2,False,0.1,uniform
43,True,2324.0,2324.0,0.01687817470968923,0.01687817470995897,0.003895958232297551,0.006946031112794499,0.023255813953488372,100000,2,False,0.1,uniform
47,True,2126.0,2126.0,0.015392518610988604,0.015392518611445014,0.003565826132806993,0.005429307624746894,0.02127659574468085,100000,2,False,0.1,uniform
53,True,1885.0,1885.0,0.0136012382569015,0.013601238257116703,0.0031650626357823106,0.006328866351079277,0.018867924528301886,100000,2,False,0.1,uniform
59,True,1693.0,1693.0,0.012180609718635837,0.012180609717703857,0.0028454033367849157,0.004085145137444168,0.01694915254237288,100000,2,False,0.1,uniform
61,True,1638.0,1638.0,0.011772689028591805,0.011772689026164625,0.0027542388544924837,0.008978711766011935,0.01639344262295082,100000,2,False,0.1,uniform
67,True,1491.0,1491.0,0.010696111750298864,0.01069611175142798,0.0025094160612401215,0.0056807414065161614,0.014925373134328358,100000,2,False,0.1,uniform
71,True,1407.0,1407.0,0.010081939211495203,0.01008193921155178,0.0023687537770249825,0.007426386734591829,0.014084507042253521,100000,2,False,0.1,uniform
73,True,1368.0,1368.0,0.009791221414020394,0.009791221413714827,0.0023042900908147963,0.004356657415404158,0.0136986301369863,100000,2,False,0.1,uniform
79,True,1264.0,1264.0,0.009032390874856334,0.009032390875282454,0.0021311249864195093,0.004568713703564656,0.012658227848101266,100000,2,False,0.1,uniform
83,True,1203.0,1203.0,0.00859250958693173,0.00859250958685388,0.002029524907340954,0.0047493108317246055,0.012048192771084338,100000,2,False,0.1,uniform
89,True,1122.0,1122.0,0.008001048083490128,0.008001048083394894,0.0018949367792828818,0.004689824729656615,0.011235955056179775,100000,2,False,0.1,uniform
97,True,1029.0,1029.0,0.007332692456845818,0.007332692457462461,0.0017395856635489136,0.003624245250333879,0.010309278350515464,100000,2,False,0.1,uniform
101,True,989.0,989.0,0.007046216489822862,0.007046216489632051,0.0016724516589645567,0.001557414818009405,0.009900990099009901,100000,2,False,0.1,uniform
103,True,969.0,969.0,0.006899153382227894,0.00689915338164575,0.0016392540430165518,0.0061281442093133265,0.009708737864077669,100000,2,False,0.1,uniform
107,True,933.0,933.0,0.006635435426177068,0.00663543542608597,0.0015793989201464845,0.00240181146781786,0.009345794392523364,100000,2,False,0.1,uniform
109,True,916.0,916.0,0.0065094681720859054,0.006509468171434354,0.0015509967667351953,0.002335474123540166,0.009174311926605505,100000,2,False,0.1,uniform
113,True,883.0,883.0,0.006274917312403763,0.006274917312913252,0.0014963394649406892,0.001965775716281521,0.008849557522123894,100000,2,False,0.1,uniform
131,True,762.0,762.0,0.00540277715760805,0.005402777157446319,0.0012941098997293152,0.0020704854567401196,0.007633587786259542,100000,2,False,0.1,uniform
97534,False,2.0,2.0,0.002149083786606078,0.002149083786596941,6.900823340005818e-06,0.002557251145022928,,100000,2,False,0.1,uniform
2,True,59590.0,130566.66588077674,0.7051110904906637,0.6783035931294482,0.05780398855112719,0.9877838890111135,0.5,100000,2,True,0.1,log
3,True,33333.0,36628.94480588007,0.019608803258384443,0.1820719599841835,0.01790497859686412,0.0008300166003320066,0.3333333333333333,100000,2,True,0.1,log
5,True,20000.0,32197.14881075896,0.018273445439504835,0.06603179243986568,0.015722980500440645,0.006101562031240623,0.2,100000,2,True,0.1,log
7,True,14285.0,27805.38056909925,0.01680559936153956,0.038030171993652766,0.013559016685609422,0.015725967852690384,0.14285714285714285,100000,2,True,0.1,log
11,True,9090.0,21804.470134464023,0.014726092065077702,0.01941855077304462,0.010611130078049945,0.015690033800676014,0.09090909090909091,100000,2,True,0.1,log
13,True,7692.0,19737.025508236813,0.013998040176960293,0.015354783086827193,0.00959769129494569,0.011788849110315539,0.07692307692307693,100000,2,True,0.1,log
17,True,5882.0,16672.127676394924,0.012913158512325747,0.01065502636763889,0.008098050822732841,0.010041680833616671,0.058823529411764705,100000,2,True,0.1,log
19,True,5263.0,15503.637908372506,0.012498155784456679,0.009191077541979828,0.00752644587591596,0.018981366293992545,0.05263157894736842,100000,2,True,0.1,log
23,True,4347.0,13636.857862426734,0.011835805119300016,0.007164770872929847,0.0066145866279374394,0.01667628019227051,0.043478260869565216,100000,2,True,0.1,log
29,True,3448.0,11617.068725963974,0.011120405277459906,0.005339723887031826,0.005629292518399101,0.0167860023867144,0.034482758620689655,100000,2,True,0.1,log
31,True,3225.0,11081.17474726016,0.010929565606712073,0.00491188546416616,0.00536875212435878,0.01703915411641566,0.03225806451612903,100000,2,True,0.1,log
37,True,2702.0,9763.089282051731,0.01046414725401013,0.003953528542772145,0.0047263476312227465,0.019103328733241328,0.02702702702702703,100000,2,True,0.1,log
41,True,2439.0,9063.688698625632,0.010216408339889828,0.0034930306781849143,0.004385884652065614,0.013958039160783217,0.024390243902439025,100000,2,True,0.1,log
43,True,2325.0,8751.029068872384,0.010106115856526047,0.0032992439593590114,0.004234377157795614,0.015563017927025207,0.023255813953488372,100000,2,True,0.1,log
47,True,2127.0,8195.413801235438,0.009910410599673855,0.0029694660360398443,0.003962882670115441,0.018015786982406315,0.02127659574468085,100000,2,True,0.1,log
53,True,1886.0,7494.000257046018,0.009664837713892536,0.002582068240203507,0.0036218464193274106,0.011138316099655326,0.018867924528301886,100000,2,True,0.1,log
59,True,1694.0,6913.270892532188,0.009461178192778065,0.002283302930892446,0.0033397043483330523,0.014658866510663546,0.01694915254237288,100000,2,True,0.1,log
61,True,1639.0,6743.611389515866,0.009400865327560595,0.002198397239143246,0.003256795246000749,0.02250255671780102,0.01639344262295082,100000,2,True,0.1,log
67,True,1492.0,6279.19669551187,0.009239016553002527,0.0019796657866908594,0.003031787145784684,0.021067741354827096,0.014925373134328358,100000,2,True,0.1,log
71,True,1408.0,6007.590586997186,0.009144272585920288,0.0018567338203914294,0.002900072089328726,0.020817096341926838,0.014084507042253521,100000,2,True,0.1,log
73,True,1369.0,5879.348515491029,0.009098447260051786,0.0017994104964353433,0.0028376047829564628,0.018116762335246703,0.0136986301369863,100000,2,True,0.1,log
79,True,1265.0,5532.982085518244,0.008977393873621637,0.001651234944165628,0.0026697178240308603,0.01659734528023894,0.012658227848101266,100000,2,True,0.1,log
83,True,1204.0,5325.865251179248,0.00890626846812655,0.0015669390253148844,0.0025688483368304844,0.013820543077528218,0.012048192771084338,100000,2,True,0.1,log
89,True,1123.0,5046.250006839414,0.00880792308129866,0.0014543676096488041,0.0024332203615335386,0.013578418235031366,0.011235955056179775,100000,2,True,0.1,log
97,True,1030.0,4717.377596879987,0.008694459168543204,0.0013300049705550312,0.0022746746110001,0.009348933645339572,0.010309278350515464,100000,2,True,0.1,log
101,True,990.0,4574.354191156015,0.008645215312811708,0.0012768440061763696,0.00220429702918598,0.01181670300072668,0.009900990099009901,100000,2,True,0.1,log
103,True,970.0,4501.0523895945325,0.00861962483023942,0.0012505702851392506,0.00216890205302546,0.011793982546317592,0.009708737864077669,100000,2,True,0.1,log
107,True,934.0,4369.749302553015,0.008573852066295766,0.0012033673487518895,0.002105012949944901,0.01299597991959839,0.009345794392523364,100000,2,True,0.1,log
109,True,917.0,4307.274660121981,0.008551093160246345,0.0011802873685021382,0.0020750385816294247,0.013013540270805415,0.009174311926605505,100000,2,True,0.1,log
113,True,884.0,4184.283443923046,0.008509436081418326,0.0011387800696154395,0.0020154917953337805,0.012904524757161811,0.008849557522123894,100000,2,True,0.1,log
127,True,787.0,3817.531049956425,0.008381292219220224,0.0010151721096225048,0.0018381920764076497,0.015008740174803496,0.007874015748031496,100000,2,True,0.1,log
131,True,763.0,3724.9003602792336,0.008349383521718816,0.0009853568203546726,0.0017927555543750487,0.01228377900891351,0.007633587786259542,100000,2,True,0.1,log
139,True,719.0,3552.952283987895,0.008289985160319167,0.0009311815876542927,0.0017092470438441207,0.014753855077101542,0.007194244604316547,100000,2,True,0.1,log
151,True,662.0,3326.421972134635,0.008212822004647112,0.0008631910054614886,0.0015998744146770547,0.013168396701267357,0.006622516556291391,100000,2,True,0.1,log
157,True,636.0,3220.716086396142,0.008176321030836946,0.0008325601218277748,0.0015489623744526114,0.012986313059594523,0.006369426751592357,100000,2,True,0.1,log
227,True,440.0,2391.5530576743517,0.007891629652778185,0.0006087917904217468,0.0011469277730223834,0.011880317606352128,0.004405286343612335,100000,2,True,0.1,log
229,True,436.0,2373.669071546099,0.007885383109177796,0.0006045388930267674,0.0011385172136012783,0.01189027780555611,0.004366812227074236,100000,2,True,0.1,log
2,True,49999.0,34656.665880776745,0.2169337987977618,0.6783128715385901,0.018412226475483278,0.06092127175876788,0.5,100000,2,False,0.1,log
3,True,33332.0,36618.94480588007,0.2710851466439487,0.18204988397225688,0.0191936188346156,0.06863905278105605,0.3333333333333333,100000,2,False,0.1,log
5,True,19999.0,32187.14881075896,0.2906814867274357,0.06588633384011776,0.016733619316101383,0.07620868417368375,0.2,100000,2,False,0.1,log
7,True,14284.0,27795.38056909925,0.271018453448034,0.03785973213446353,0.014395858249580997,0.08573852810389611,0.14285714285714285,100000,2,False,0.1,log
11,True,9089.0,21794.470134464023,0.21643644511773963,0.019232095060368142,0.011243629029943285,0.05733178663573265,0.09090909090909091,100000,2,False,0.1,log
13,True,7691.0,19727.025508236813,0.19322332348464835,0.015164850619047801,0.010164454464543175,0.062402368047361025,0.07692307692307693,100000,2,False,0.1,log
17,True,5881.0,16662.127676394924,0.15717703127624752,0.010461059932748474,0.008570432704996281,0.039402054707760814,0.058823529411764705,100000,2,False,0.1,log
19,True,5262.0,15493.637908372506,0.143395290590519,0.008995847196749717,0.007963297880579843,0.04931921305092777,0.05263157894736842,100000,2,False,0.1,log
23,True,4346.0,13626.857862426734,0.12164698991907859,0.0069677847006444655,0.006995879970444003,0.04624035147369616,0.043478260869565216,100000,2,False,0.1,log
29,True,3447.0,11607.068725963974,0.09887671456259108,0.005141146226862463,0.005951301781371168,0.028536104055414454,0.034482758620689655,100000,2,False,0.1,log
31,True,3224.0,11071.17474726016,0.09302991005546302,0.004712932453663905,0.005675259504013681,0.03815272305446111,0.03225806451612903,100000,2,False,0.1,log
37,True,2701.0,9753.089282051731,0.07903301452902418,0.003753732390707005,0.004994813573133748,0.02803057394481225,0.02702702702702703,100000,2,False,0.1,log
41,True,2438.0,9053.688698625632,0.07187900695361653,0.003292827029206455,0.00463431092368099,0.01957344480222936,0.024390243902439025,100000,2,False,0.1,log
43,True,2324.0,8741.029068872384,0.06877324902643697,0.003098868224540919,0.004473886285258417,0.023456469129382585,0.023255813953488372,100000,2,False,0.1,log
47,True,2126.0,8185.413801235437,0.0632637192490928,0.002768797444288484,0.004186529802648686,0.024503823409801544,0.02127659574468085,100000,2,False,0.1,log
53,True,1885.0,7484.000257046018,0.05656608031861517,0.0023810542557715763,0.0038255938657886473,0.016805349440322134,0.018867924528301886,100000,2,False,0.1,log
59,True,1693.0,6903.270892532188,0.05117897994077689,0.0020820214072529842,0.003527062780700961,0.014811749568324697,0.01694915254237288,100000,2,False,0.1,log
61,True,1638.0,6733.611389515866,0.04962937962928785,0.0019970392990838657,0.0034393594189589985,0.025061274558824568,0.01639344262295082,100000,2,False,0.1,log
67,True,1491.0,6269.19669551187,0.04542566719796655,0.0017781117371970655,0.003201316530890832,0.02326726534530692,0.014925373134328358,100000,2,False,0.1,log
71,True,1407.0,5997.590586997186,0.04307957491005719,0.0016550686878008295,0.003061947191107971,0.020067668020027112,0.014084507042253521,100000,2,False,0.1,log
73,True,1368.0,5869.348515491029,0.04194719345262271,0.0015976934283505344,0.0029958861693732035,0.01807156143122863,0.0136986301369863,100000,2,False,0.1,log
79,True,1264.0,5522.982085518244,0.03895208660020361,0.0014493840295598684,0.00281832286723754,0.016679280252271694,0.012658227848101266,100000,2,False,0.1,log
83,True,1203.0,5315.865251179248,0.03717975656679435,0.0013650122049610493,0.0027116517198979,0.014879670926751876,0.012048192771084338,100000,2,False,0.1,log
89,True,1122.0,5036.250006839414,0.034872102254637785,0.0012523382874577273,0.0025682246331010204,0.014572491449829002,0.011235955056179775,100000,2,False,0.1,log
97,True,1029.0,4707.377596879987,0.03216828631700345,0.001127862878824156,0.002400570603205347,0.00968503370067401,0.010309278350515464,100000,2,False,0.1,log
101,True,989.0,4564.354191156015,0.03105930350220906,0.0010746532756908827,0.0023261445930928084,0.00944953565737981,0.009900990099009901,100000,2,False,0.1,log
103,True,969.0,4491.0523895945325,0.03044269256128333,0.0010483556824918876,0.0022887113994416283,0.01098065961319226,0.009708737864077669,100000,2,False,0.1,log
107,True,933.0,4359.749302553015,0.029318612231023097,0.0010011100522088821,0.002221172075914812,0.010917938358767178,0.009345794392523364,100000,2,False,0.1,log
109,True,916.0,4297.274660121981,0.028854637283578368,0.0009780085367811961,0.0021894739252685436,0.010588478436235381,0.009174311926605505,100000,2,False,0.1,log
113,True,883.0,4174.283443923046,0.027878122498124158,0.0009364636797556456,0.002126532928738195,0.013907211477562879,0.008849557522123894,100000,2,False,0.1,log
127,True,786.0,3807.531049956425,0.025033816025511902,0.0008127422938314942,0.0019390989675057016,0.01204541424161816,0.007874015748031496,100000,2,False,0.1,log
139,True,718.0,3542.952283987895,0.022994843302244557,0.0007286746699106528,0.0018027789901022633,0.012383274332153318,0.007194244604316547,100000,2,False,0.1,log
2,True,578496.0,2284961.0,0.699376055514011,0.5131590961546157,0.1407698420583138,,0.5,1000000,2,True,0.1,padic
3,True,333333.0,833334.0,0.08313700438570078,0.3788560354385574,0.053310096033470325,,0.3333333333333333,1000000,2,True,0.1,padic
5,True,200000.0,450006.0,0.04312212528188267,0.21590869016208594,0.028898548847249607,,0.2,1000000,2,True,0.1,padic
7,True,142857.0,309529.0,0.029661093045872007,0.14553514214854377,0.019905588777726583,,0.14285714285714285,1000000,2,True,0.1,padic
11,True,90909.0,190915.0,0.018723607494101485,0.08656421595662665,0.012297489292898178,,0.09090909090909091,1000000,2,True,0.1,padic
13,True,76923.0,160263.0,0.01595742525184458,0.07178689213336484,0.01032932907278142,,0.07692307692307693,1000000,2,True,0.1,padic
17,True,58823.0,121328.0,0.012479623994639014,0.05343422271332743,0.007827901615109583,,0.058823529411764705,1000000,2,True,0.1,padic
19,True,52631.0,108192.0,0.01131512072510949,0.04736212219365448,0.0069833625362510955,,0.05263157894736842,1000000,2,True,0.1,padic
23,True,43478.0,88939.0,0.009616450554500632,0.038583817393044846,0.005745298291344403,,0.043478260869565216,1000000,2,True,0.1,padic
29,True,34482.0,70203.0,0.007972587562875397,0.0301871185528982,0.0045396675312253335,,0.034482758620689655,1000000,2,True,0.1,padic
31,True,32258.0,65598.0,0.0075700786339811055,0.028145732652770903,0.004243170285534886,,0.03225806451612903,1000000,2,True,0.1,padic
37,True,27027.0,54811.0,0.006628584186576076,0.023402544983792635,0.003548631518281534,,0.02702702702702703,1000000,2,True,0.1,padic
41,True,24390.0,49396.0,0.0061572753279147095,0.021041682856506493,0.003199828284703018,,0.024390243902439025,1000000,2,True,0.1,padic
43,True,23255.0,47070.0,0.005954905041608145,0.020030539485866812,0.003049938489297554,,0.023255813953488372,1000000,2,True,0.1,padic
47,True,21276.0,43021.0,0.005603536866573017,0.01827856691489505,0.0027888274018142093,,0.02127659574468085,1000000,2,True,0.1,padic
53,True,18867.0,38103.0,0.005176657443010891,0.016160141986702826,0.0024717783547362642,,0.018867924528301886,1000000,2,True,0.1,padic
59,True,16949.0,34197.0,0.004838443852795818,0.014484280787566571,0.002219829102439654,,0.01694915254237288,1000000,2,True,0.1,padic
61,True,16393.0,33066.0,0.004741040025243994,0.01400101510674106,0.002146842083353989,,0.01639344262295082,1000000,2,True,0.1,padic
67,True,14925.0,30083.0,0.00448222365260115,0.012729282367290467,0.001954309150964129,,0.014925373134328358,1000000,2,True,0.1,padic
71,True,14084.0,28376.0,0.004335045269430445,0.012003172162691277,0.0018442076780412,,0.014084507042253521,1000000,2,True,0.1,padic
73,True,13698.0,27593.0,0.0042672670907017264,0.0116709684762547,0.0017936051346541964,,0.0136986301369863,1000000,2,True,0.1,padic
79,True,12658.0,25486.0,0.00408536591983173,0.010777052085952027,0.001657531008779801,,0.012658227848101266,1000000,2,True,0.1,padic
83,True,12048.0,24250.0,0.003978663416876934,0.01025463559874544,0.001577570787046834,,0.012048192771084338,1000000,2,True,0.1,padic
89,True,11235.0,22605.0,0.003836237884099329,0.009559263946515606,0.00147124755204356,,0.011235955056179775,1000000,2,True,0.1,padic
97,True,10309.0,20733.0,0.0036752451695478295,0.008768824616534538,0.0013503481926596089,,0.010309278350515464,1000000,2,True,0.1,padic
101,True,9900.0,19906.0,0.0036039382086766017,0.0084221498260892,0.0012968216103109633,,0.009900990099009901,1000000,2,True,0.1,padic
103,True,9708.0,19518.0,0.0035702598048909548,0.008258569986657525,0.0012717245478442588,,0.009708737864077669,1000000,2,True,0.1,padic
262144,False,1.0,19.0,0.0036007037656108467,7.791874624241393e-05,1.144954028853477e-06,,,1000000,2,True,0.1,padic
524288,False,1.0,20.0,0.003790214490116682,7.402280893029325e-05,1.1973200236615489e-06,,,1000000,2,True,0.1,padic
786432,False,2.0,21.0,0.003645759222714839,0.0006244156929693419,1.2537064162307315e-06,,,1000000,2,True,0.1,padic
2,True,499999.0,1499991.0,0.650513990136114,0.5104817048523395,0.10555085140242211,,0.5,1000000,2,False,0.1,padic
3,True,333332.0,833324.0,0.23301040481912458,0.3813506422063754,0.05839676774987242,,0.3333333333333333,1000000,2,False,0.1,padic
5,True,199999.0,449996.0,0.10763782170829554,0.2170754969512682,0.03136019727515802,,0.2,1000000,2,False,0.1,padic
7,True,142856.0,309519.0,0.07044663069183603,0.14619387620240415,0.021517761233623558,,0.14285714285714285,1000000,2,False,0.1,padic
11,True,90908.0,190905.0,0.04173981983002807,0.08684994605247458,0.013247307382411786,,0.09090909090909091,1000000,2,False,0.1,padic
13,True,76922.0,160253.0,0.03468161251651964,0.07198818104801027,0.011116769648130435,,0.07692307692307693,1000000,2,False,0.1,padic
17,True,58822.0,121318.0,0.0259193960673865,0.053536243695211705,0.008414573656926504,,0.058823529411764705,1000000,2,False,0.1,padic
19,True,52630.0,108182.0,0.02301327344237396,0.04743272651771456,0.007503592494934747,,0.05263157894736842,1000000,2,False,0.1,padic
23,True,43477.0,88929.0,0.01879837677291224,0.03861030845583457,0.006169542075154191,,0.043478260869565216,1000000,2,False,0.1,padic
29,True,34481.0,70193.0,0.014747126432828972,0.030172893216574233,0.004871942911226813,,0.034482758620689655,1000000,2,False,0.1,padic
31,True,32257.0,65588.0,0.013759127451329104,0.02812182396285841,0.004553037701537562,,0.03225806451612903,1000000,2,False,0.1,padic
37,True,27026.0,54801.0,0.011455167825611061,0.023356494369084848,0.003806439941569262,,0.02702702702702703,1000000,2,False,0.1,padic
41,True,24389.0,49386.0,0.010304801516699167,0.020984783519846464,0.003431672282716266,,0.024390243902439025,1000000,2,False,0.1,padic
43,True,23254.0,47060.0,0.00981151989093746,0.01996902745138085,0.0032706596875956215,,0.023255813953488372,1000000,2,False,0.1,padic
47,True,21275.0,43011.0,0.008956052124391913,0.018209120004568403,0.0029902234951790048,,0.02127659574468085,1000000,2,False,0.1,padic
53,True,18866.0,38093.0,0.007918386342701396,0.01608118946202211,0.002649813050210477,,0.018867924528301886,1000000,2,False,0.1,padic
59,True,16948.0,34187.0,0.007097419538357657,0.014397868452915467,0.0023793759047746658,,0.01694915254237288,1000000,2,False,0.1,padic
61,True,16392.0,33056.0,0.00686112772689985,0.01391246625005812,0.0023010516438257654,,0.01639344262295082,1000000,2,False,0.1,padic
67,True,14924.0,30073.0,0.006234309305877045,0.012635130266486659,0.002094442132341854,,0.014925373134328358,1000000,2,False,0.1,padic
71,True,14083.0,28366.0,0.005877694068453746,0.011905831865566886,0.0019763158360303007,,0.014084507042253521,1000000,2,False,0.1,padic
73,True,13697.0,27583.0,0.005713796495541057,0.011572173259749238,0.0019220249617597314,,0.0136986301369863,1000000,2,False,0.1,padic
79,True,12657.0,25476.0,0.005273690893532897,0.01067435552290487,0.0017760540969166444,,0.012658227848101266,1000000,2,False,0.1,padic
83,True,12047.0,24240.0,0.005015798896977274,0.010149670235279533,0.0016902828932759532,,0.012048192771084338,1000000,2,False,0.1,padic
262144,False,1.0,19.0,0.004974259017669271,7.769373994921329e-05,1.2913019015948986e-06,,,1000000,2,False,0.1,padic
393216,False,2.0,20.0,0.004900008673390466,0.0006333937710475919,1.3506200744366002e-06,,,1000000,2,False,0.1,padic
524288,False,1.0,20.0,0.005236062123862392,7.380905295175267e-05,1.3511143499687386e-06,,,1000000,2,False,0.1,padic
589824,False,2.0,20.0,0.0047319819481545025,0.00045442332141811226,1.3503729366705313e-06,,,1000000,2,False,0.1,padic
655360,False,2.0,20.0,0.0047990948354482525,0.00039587315513642414,1.3499622434278649e-06,,,1000000,2,False,0.1,padic
786432,False,2.0,21.0,0.005161811779583583,0.0006290774521615243,1.4104325228104404e-06,,,1000000,2,False,0.1,padic
917504,False,2.0,20.0,0.004769159216910386,0.00029338749797321083,1.3496733359047965e-06,,,1000000,2,False,0.1,padic
2,True,578496.0,1284969.0,0.7066384852296852,0.5582749714601901,0.1458874155534246,,0.5,1000000,2,True,0.1,uniform
3,True,333333.0,333342.0,0.017575297179196547,0.3485769567923129,0.04541914253034208,,0.3333333333333333,1000000,2,True,0.1,uniform
5,True,200000.0,200009.0,0.01145908176885082,0.1839039369726436,0.027052450239591186,,0.2,1000000,2,True,0.1,uniform
7,True,142857.0,142866.0,0.008854950702658253,0.12245315949911251,0.01928620761511735,,0.14285714285714285,1000000,2,True,0.1,uniform
11,True,90909.0,90918.0,0.006504129731764733,0.07271419883106839,0.01226749797502299,,0.09090909090909091,1000000,2,True,0.1,uniform
13,True,76923.0,76932.0,0.005874529069043548,0.060352824141485996,0.010382842283938008,,0.07692307692307693,1000000,2,True,0.1,uniform
17,True,58823.0,58832.0,0.005062089842458976,0.04500272274677094,0.007945806260952702,,0.058823529411764705,1000000,2,True,0.1,uniform
19,True,52631.0,52640.0,0.004784803108735697,0.03991858907191166,0.007112222745709114,,0.05263157894736842,1000000,2,True,0.1,uniform
23,True,43478.0,43487.0,0.004375591320344165,0.03255826185413358,0.005880251268693949,,0.043478260869565216,1000000,2,True,0.1,uniform
29,True,34482.0,34491.0,0.003974120812429482,0.025502636185325885,0.004669093269532332,,0.034482758620689655,1000000,2,True,0.1,uniform
31,True,32258.0,32267.0,0.003874986941888379,0.02378486682749242,0.004369512299973754,,0.03225806451612903,1000000,2,True,0.1,uniform
37,True,27027.0,27036.0,0.0036419777526320025,0.01978804172821518,0.003664693159169487,,0.02702702702702703,1000000,2,True,0.1,uniform
41,True,24390.0,24399.0,0.003524682753710114,0.01779588972836229,0.003309282118197703,,0.024390243902439025,1000000,2,True,0.1,uniform
43,True,23255.0,23264.0,0.0034741581807287637,0.016942029053547122,0.0031562434692165324,,0.023255813953488372,1000000,2,True,0.1,uniform
47,True,21276.0,21285.0,0.003386214700932478,0.015461965880713323,0.002889267284399579,,0.02127659574468085,1000000,2,True,0.1,uniform
53,True,18867.0,18876.0,0.003279123384768403,0.013670301006341569,0.002564289958885687,,0.018867924528301886,1000000,2,True,0.1,uniform
59,True,16949.0,16958.0,0.0031939363451523937,0.01225247754303548,0.002305444768655275,,0.01694915254237288,1000000,2,True,0.1,uniform
61,True,16393.0,16402.0,0.0031692514225167895,0.011843319822782177,0.0022303803316334444,,0.01639344262295082,1000000,2,True,0.1,uniform
67,True,14925.0,14934.0,0.003104091091595855,0.010765929715319816,0.002032029507164644,,0.014925373134328358,1000000,2,True,0.1,uniform
71,True,14084.0,14093.0,0.003066811317796307,0.01015050240661297,0.0019185193328622072,,0.014084507042253521,1000000,2,True,0.1,uniform
73,True,13698.0,13707.0,0.0030496865327865395,0.009868767027197571,0.0018663128248823289,,0.0136986301369863,1000000,2,True,0.1,uniform
79,True,12658.0,12667.0,0.003003552884249671,0.00911066924107539,0.0017257541008954746,,0.012658227848101266,1000000,2,True,0.1,uniform
83,True,12048.0,12057.0,0.002976500620124955,0.008667306500624243,0.0016431793095933594,,0.012048192771084338,1000000,2,True,0.1,uniform
89,True,11235.0,11244.0,0.002940411035148971,0.008077210211371989,0.0015331627012073452,,0.011235955056179775,1000000,2,True,0.1,uniform
97,True,10309.0,10318.0,0.0028993588498898953,0.007406479867823873,0.0014079599538495873,,0.010309278350515464,1000000,2,True,0.1,uniform
101,True,9900.0,9909.0,0.002881275591246223,0.007111896825696092,0.0013525324002450262,,0.009900990099009901,1000000,2,True,0.1,uniform
103,True,9708.0,9717.0,0.002872764429019068,0.0069729304216456164,0.001326526005537203,,0.009708737864077669,1000000,2,True,0.1,uniform
107,True,9345.0,9354.0,0.002856637550266739,0.006711015534055588,0.00127735842045755,,0.009345794392523364,1000000,2,True,0.1,uniform
109,True,9174.0,9183.0,0.0028491015294065643,0.006587921608833302,0.0012541949825104013,,0.009174311926605505,1000000,2,True,0.1,uniform
113,True,8849.0,8858.0,0.0028346573162838463,0.0063531667819326934,0.001210216824555035,,0.008849557522123894,1000000,2,True,0.1,uniform
2,True,499999.0,499999.0,0.5578911629127651,0.5578911629115183,0.0831893345347238,,0.5,1000000,2,False,0.1,uniform
3,True,333332.0,333332.0,0.34905970348326104,0.3490597034822023,0.05375797673610627,,0.3333333333333333,1000000,2,False,0.1,uniform
5,True,199999.0,199999.0,0.18408367777462273,0.18408367777344634,0.03161252326081437,,0.2,1000000,2,False,0.1,uniform
7,True,142856.0,142856.0,0.1225363148552249,0.12253631485341045,0.022410097104771903,,0.14285714285714285,1000000,2,False,0.1,uniform
11,True,90908.0,90908.0,0.07272854922974505,0.07272854926517461,0.014174130302013975,,0.09090909090909091,1000000,2,False,0.1,uniform
13,True,76922.0,76922.0,0.06035156766323736,0.060351567656599325,0.011976494843915731,,0.07692307692307693,1000000,2,False,0.1,uniform
17,True,58822.0,58822.0,0.04498298194457578,0.044982981947249,0.009144854715885248,,0.058823529411764705,1000000,2,False,0.1,uniform
19,True,52630.0,52630.0,0.03989295199544758,0.03989295197791019,0.008178545269726835,,0.05263157894736842,1000000,2,False,0.1,uniform
23,True,43477.0,43477.0,0.03252429311476464,0.032524293104649535,0.006753372691220463,,0.043478260869565216,1000000,2,False,0.1,uniform
29,True,34481.0,34481.0,0.025460910809676253,0.025460910814821686,0.00535538144321408,,0.034482758620689655,1000000,2,False,0.1,uniform
31,True,32257.0,32257.0,0.023741286309125455,0.023741286313891437,0.0050100316866954295,,0.03225806451612903,1000000,2,False,0.1,uniform
37,True,27026.0,27026.0,0.019740198692746482,0.019740198688675988,0.004198479498050926,,0.02702702702702703,1000000,2,False,0.1,uniform
41,True,24389.0,24389.0,0.017745948438072964,0.01774594843787735,0.0037896825861759593,,0.024390243902439025,1000000,2,False,0.1,uniform
43,True,23254.0,23254.0,0.01689119325677952,0.016891193265047476,0.0036137460284863224,,0.023255813953488372,1000000,2,False,0.1,uniform
47,True,21275.0,21275.0,0.015409588435525203,0.015409588436069693,0.0033069543370628915,,0.02127659574468085,1000000,2,False,0.1,uniform
53,True,18866.0,18866.0,0.013616070213369408,0.013616070215415485,0.0029337772022873724,,0.018867924528301886,1000000,2,False,0.1,uniform
59,True,16948.0,16948.0,0.01219678889018535,0.01219678889139211,0.0026367245848911884,,0.01694915254237288,1000000,2,False,0.1,uniform
61,True,16392.0,16392.0,0.011787212509670351,0.011787212506390582,0.002550624839746726,,0.01639344262295082,1000000,2,False,0.1,uniform
67,True,14924.0,14924.0,0.010708723189636867,0.010708723192622458,0.002323150608832551,,0.014925373134328358,1000000,2,False,0.1,uniform
71,True,14083.0,14083.0,0.010092669132896437,0.010092669135363257,0.002193034461434943,,0.014084507042253521,1000000,2,False,0.1,uniform
73,True,13697.0,13697.0,0.009810647853937923,0.009810647851407612,0.002133185967812419,,0.0136986301369863,1000000,2,False,0.1,uniform
79,True,12657.0,12657.0,0.009051781552847854,0.009051781542812429,0.0019721208459834547,,0.012658227848101266,1000000,2,False,0.1,uniform
83,True,12047.0,12047.0,0.008607970745775665,0.008607970746178032,0.0018775084248842315,,0.012048192771084338,1000000,2,False,0.1,uniform
89,True,11234.0,11234.0,0.008017279229264939,0.008017279231694296,0.001751500923557722,,0.011235955056179775,1000000,2,False,0.1,uniform
97,True,10308.0,10308.0,0.007345872868089929,0.0073458728636091025,0.0016081489076018695,,0.010309278350515464,1000000,2,False,0.1,uniform
101,True,9899.0,9899.0,0.007050994116165592,0.007050994119796278,0.0015447100947715575,,0.009900990099009901,1000000,2,False,0.1,uniform
103,True,9707.0,9707.0,0.0069118877100437315,0.006911887715069438,0.0015149320526607946,,0.009708737864077669,1000000,2,False,0.1,uniform
107,True,9344.0,9344.0,0.006649710387795769,0.0066497103881410944,0.0014586541310123203,,0.009345794392523364,1000000,2,False,0.1,uniform
109,True,9173.0,9173.0,0.006526492321458694,0.006526492317603637,0.0014321448707482131,,0.009174311926605505,1000000,2,False,0.1,uniform
113,True,8848.0,8848.0,0.006291502030956139,0.006291502028937418,0.0013818177019020081,,0.008849557522123894,1000000,2,False,0.1,uniform
2,True,578496.0,1131542.8971329904,0.7057582964721552,0.6783368353384761,0.04298821685095708,,0.5,1000000,2,True,0.1,log
3,True,333333.0,366212.6314066189,0.01627935081906654,0.1819696607454987,0.014428954927664977,,0.3333333333333333,1000000,2,True,0.1,log
5,True,200000.0,321895.97304884053,0.014843304369137675,0.06590259140420093,0.012658443932799109,,0.2,1000000,2,True,0.1,log
7,True,142857.0,277994.9402531475,0.013228882960599316,0.03790119339717211,0.010916434049163239,,0.14285714285714285,1000000,2,True,0.1,log
11,True,90909.0,217997.86345917228,0.010924745196388195,0.019284344803176392,0.008545037218619985,,0.09090909090909091,1000000,2,True,0.1,log
13,True,76923.0,197311.03447493527,0.010116108946041178,0.015218792758175158,0.007729468524530878,,0.07692307692307693,1000000,2,True,0.1,log
17,True,58823.0,166665.27532389545,0.008911748952800858,0.01051861800921479,0.006523151203008399,,0.058823529411764705,1000000,2,True,0.1,log
19,True,52631.0,154975.82347349406,0.00845141071152831,0.009055464838602085,0.0060635857792285,,0.05263157894736842,1000000,2,True,0.1,log
23,True,43478.0,136331.88202586246,0.0077173295841495085,0.007029766161021821,0.005331229613722611,,0.043478260869565216,1000000,2,True,0.1,log
29,True,34482.0,116117.72751377083,0.006922617836607389,0.005202274987812044,0.004538205836073835,,0.034482758620689655,1000000,2,True,0.1,log
31,True,32258.0,110780.12525502955,0.00671319209853873,0.004776276092028966,0.004328902110293892,,0.03225806451612903,1000000,2,True,0.1,log
37,True,27027.0,97598.66750716568,0.006197046344125881,0.003816497860635407,0.003812156529792026,,0.02702702702702703,1000000,2,True,0.1,log
41,True,24390.0,90580.30913483235,0.005923126853424442,0.0033560363427478546,0.0035372250420558056,,0.024390243902439025,1000000,2,True,0.1,log
43,True,23255.0,87472.94749036653,0.005801887459629521,0.003162629621796654,0.0034154735564762115,,0.023255813953488372,1000000,2,True,0.1,log
47,True,21276.0,81921.89022641075,0.005585935506174269,0.0028330940643017687,0.0031982025552855543,,0.02127659574468085,1000000,2,True,0.1,log
53,True,18867.0,74913.52724106386,0.005313653787555848,0.0024446827406024627,0.002923880329925673,,0.018867924528301886,1000000,2,True,0.1,log
59,True,16949.0,69116.1045993063,0.005089094458777609,0.0021460836122307527,0.0026970699381322393,,0.01694915254237288,1000000,2,True,0.1,log
61,True,16393.0,67395.44438151446,0.005022578104885179,0.002061384361248914,0.0026297788991599415,,0.01639344262295082,1000000,2,True,0.1,log
67,True,14925.0,62760.83265181306,0.004843637169577194,0.001841781004611398,0.0024484139853582923,,0.014925373134328358,1000000,2,True,0.1,log
71,True,14084.0,60041.32070838104,0.004738935011562162,0.0017187707418505707,0.002342111807564657,,0.014084507042253521,1000000,2,True,0.1,log
73,True,13698.0,58776.42296538778,0.0046902420454607565,0.0016629828959243914,0.002292628845885703,,0.0136986301369863,1000000,2,True,0.1,log
79,True,12658.0,55314.10146869003,0.004557117205642568,0.0015147823298454217,0.0021573284819728033,,0.012658227848101266,1000000,2,True,0.1,log
83,True,12048.0,53243.77280211841,0.004477623016410136,0.0014294040218858263,0.002076383421193359,,0.012048192771084338,1000000,2,True,0.1,log
89,True,11235.0,50435.34097756413,0.004369831449589319,0.0013173314177658182,0.001966627509234414,,0.011235955056179775,1000000,2,True,0.1,log
97,True,10309.0,47166.12076640599,0.004244689143402268,0.001192326385663166,0.0018388827737928837,,0.010309278350515464,1000000,2,True,0.1,log
101,True,9900.0,45695.07799621946,0.004188623016466417,0.0011381690525773098,0.001781342136582696,,0.009900990099009901,1000000,2,True,0.1,log
103,True,9708.0,44999.31428874762,0.004162018545385243,0.0011128661396756002,0.001754141353541976,,0.009708737864077669,1000000,2,True,0.1,log
107,True,9345.0,43672.91262920272,0.004111264644177559,0.0010653187142074774,0.0017023420072187346,,0.009345794392523364,1000000,2,True,0.1,log
109,True,9174.0,43043.73412369048,0.004087404682192677,0.001043196039994105,0.0016777237096110107,,0.009174311926605505,1000000,2,True,0.1,log
113,True,8849.0,41837.92741996153,0.004041263574383746,0.0010011870813464916,0.0016306970416960877,,0.008849557522123894,1000000,2,True,0.1,log
2,True,499999.0,346572.8971329904,0.2164446442436874,0.6783114000212398,0.014517710159436946,,0.5,1000000,2,False,0.1,log
3,True,333332.0,366202.6314066189,0.27033647706181463,0.1820537636530163,0.015147982206414086,,0.3333333333333333,1000000,2,False,0.1,log
5,True,199999.0,321885.97304884053,0.28968222685958117,0.06588585652577945,0.013217805621649049,,0.2,1000000,2,False,0.1,log
7,True,142856.0,277984.9402531475,0.27008468363854893,0.037863664798025755,0.011380139557061903,,0.14285714285714285,1000000,2,False,0.1,log
11,True,90908.0,217987.86345917228,0.21579528151664554,0.01923355543633973,0.008896880978081058,,0.09090909090909091,1000000,2,False,0.1,log
13,True,76922.0,197301.03447493527,0.19274346087133767,0.015165150007289338,0.008045252167518733,,0.07692307692307693,1000000,2,False,0.1,log
17,True,58822.0,166655.27532389545,0.15697210558445848,0.010461687244134573,0.006787103532580531,,0.058823529411764705,1000000,2,False,0.1,log
19,True,52630.0,154965.82347349406,0.14323171553347655,0.008997511706329064,0.0063081083343140215,,0.05263157894736842,1000000,2,False,0.1,log
23,True,43477.0,136321.88202586246,0.12160202587180283,0.0069703975212241495,0.0055451794537527965,,0.043478260869565216,1000000,2,False,0.1,log
29,True,34481.0,116107.72751377083,0.09894237118585286,0.005141628226114096,0.004719447331088085,,0.034482758620689655,1000000,2,False,0.1,log
31,True,32257.0,110770.12525502955,0.09314494531477029,0.004715331074714748,0.004501565984011086,,0.03225806451612903,1000000,2,False,0.1,log
37,True,27026.0,97588.66750716568,0.07925000593194825,0.0037548802348886627,0.0039637627227327435,,0.02702702702702703,1000000,2,False,0.1,log
41,True,24389.0,90570.30913483235,0.07210470921212422,0.0032940956328732698,0.0036776828051459424,,0.024390243902439025,1000000,2,False,0.1,log
43,True,23254.0,87462.94749036653,0.06900043583636913,0.003100553086854767,0.0035510056898443053,,0.023255813953488372,1000000,2,False,0.1,log
47,True,21275.0,81911.89022641075,0.06355825779891584,0.002770786000631106,0.00332495990790663,,0.02127659574468085,1000000,2,False,0.1,log
53,True,18866.0,74903.52724106386,0.05686816118641062,0.0023821014918808205,0.0030395933131703388,,0.018867924528301886,1000000,2,False,0.1,log
59,True,16948.0,69106.1045993063,0.051492562987683614,0.0020832920974624735,0.0028036729634608273,,0.01694915254237288,1000000,2,False,0.1,log
61,True,16392.0,67385.44438151446,0.04992923773870727,0.001998533165689153,0.002733684863432376,,0.01639344262295082,1000000,2,False,0.1,log
67,True,14924.0,62750.83265181306,0.04577756547191194,0.00177877497909039,0.002545055866398028,,0.014925373134328358,1000000,2,False,0.1,log
71,True,14083.0,60031.32070838104,0.043385652397354056,0.0016556779149871875,0.0024345048907218245,,0.014084507042253521,1000000,2,False,0.1,log
73,True,13697.0,58766.42296538778,0.04228425308735677,0.0015998506966082911,0.0023830428993291096,,0.0136986301369863,1000000,2,False,0.1,log
79,True,12657.0,55304.10146869003,0.03931363200433199,0.0014515454466019488,0.0022423412422275637,,0.012658227848101266,1000000,2,False,0.1,log
83,True,12047.0,53233.77280211841,0.037562652295548254,0.0013661068019910232,0.0021581646324216838,,0.012048192771084338,1000000,2,False,0.1,log
89,True,11234.0,50425.34097756413,0.035224981618758484,0.0012539549322335068,0.0020440350314735035,,0.011235955056179775,1000000,2,False,0.1,log
97,True,10308.0,47156.12076640599,0.03254150924185646,0.0011288614339129257,0.0019112082245295336,,0.010309278350515464,1000000,2,False,0.1,log
101,True,9899.0,45685.07799621946,0.03135517737471555,0.001074665756861547,0.0018513794418624958,,0.009900990099009901,1000000,2,False,0.1,log
103,True,9707.0,44989.31428874762,0.0307899201882071,0.0010493449276041266,0.00182309594914618,,0.009708737864077669,1000000,2,False,0.1,log
107,True,9344.0,43662.91262920272,0.02973410761718043,0.001001763807598767,0.0017692375062256216,,0.009345794392523364,1000000,2,False,0.1,log
109,True,9173.0,43033.73412369048,0.029232459562096965,0.0009796254567893436,0.001743641053476053,,0.009174311926605505,1000000,2,False,0.1,log
113,True,8848.0,41827.92741996153,0.02827900608281325,0.0009375867106740352,0.0016947472349899092,,0.008849557522123894,1000000,2,False,0.1,log
