N,anchor,hub_edges,hub_cost,weighting,metric,rank,node,is_prime,observed,null_mean,null_sd,null_min,null_max,z,p_empirical,null_degenerate,n_null_samples,pivots
1000,2,True,0.1,padic,degree,1,2,True,666.0,666.0,0.0,666.0,666.0,0.0,1.0,True,100,200
1000,2,True,0.1,padic,degree,2,3,True,333.0,333.0,0.0,333.0,333.0,0.0,1.0,True,100,200
1000,2,True,0.1,padic,degree,3,5,True,200.0,200.0,0.0,200.0,200.0,0.0,1.0,True,100,200
1000,2,True,0.1,padic,degree,4,7,True,142.0,142.0,0.0,142.0,142.0,0.0,1.0,True,100,200
1000,2,True,0.1,padic,degree,5,11,True,90.0,90.0,0.0,90.0,90.0,0.0,1.0,True,100,200
1000,2,True,0.1,padic,degree,6,13,True,76.0,76.0,0.0,76.0,76.0,0.0,1.0,True,100,200
1000,2,True,0.1,padic,degree,7,17,True,58.0,58.0,0.0,58.0,58.0,0.0,1.0,True,100,200
1000,2,True,0.1,padic,degree,8,19,True,52.0,52.0,0.0,52.0,52.0,0.0,1.0,True,100,200
1000,2,True,0.1,padic,degree,9,23,True,43.0,43.0,0.0,43.0,43.0,0.0,1.0,True,100,200
1000,2,True,0.1,padic,degree,10,29,True,34.0,34.0,0.0,34.0,34.0,0.0,1.0,True,100,200
1000,2,True,0.1,padic,degree,11,31,True,32.0,32.0,0.0,32.0,32.0,0.0,1.0,True,100,200
1000,2,True,0.1,padic,degree,12,37,True,27.0,27.0,0.0,27.0,27.0,0.0,1.0,True,100,200
1000,2,True,0.1,padic,degree,13,41,True,24.0,24.0,0.0,24.0,24.0,0.0,1.0,True,100,200
1000,2,True,0.1,padic,degree,14,43,True,23.0,23.0,0.0,23.0,23.0,0.0,1.0,True,100,200
1000,2,True,0.1,padic,degree,15,47,True,21.0,21.0,0.0,21.0,21.0,0.0,1.0,True,100,200
1000,2,True,0.1,padic,degree,16,53,True,18.0,18.0,0.0,18.0,18.0,0.0,1.0,True,100,200
1000,2,True,0.1,padic,degree,17,61,True,16.0,16.0,0.0,16.0,16.0,0.0,1.0,True,100,200
1000,2,True,0.1,padic,degree,18,59,True,16.0,16.0,0.0,16.0,16.0,0.0,1.0,True,100,200
1000,2,True,0.1,padic,degree,19,67,True,14.0,14.0,0.0,14.0,14.0,0.0,1.0,True,100,200
1000,2,True,0.1,padic,degree,20,71,True,14.0,14.0,0.0,14.0,14.0,0.0,1.0,True,100,200
1000,2,True,0.1,padic,degree_weighted,1,2,True,3162.0,3162.0,0.0,3162.0,3162.0,0.0,1.0,True,100,200
1000,2,True,0.1,padic,degree_weighted,2,3,True,839.0,839.0,0.0,839.0,839.0,0.0,1.0,True,100,200
1000,2,True,0.1,padic,degree_weighted,3,5,True,457.0,457.0,0.0,457.0,457.0,0.0,1.0,True,100,200
1000,2,True,0.1,padic,degree_weighted,4,7,True,314.0,314.0,0.0,314.0,314.0,0.0,1.0,True,100,200
1000,2,True,0.1,padic,degree_weighted,5,11,True,196.0,196.0,0.0,196.0,196.0,0.0,1.0,True,100,200
1000,2,True,0.1,padic,degree_weighted,6,13,True,165.0,165.0,0.0,165.0,165.0,0.0,1.0,True,100,200
1000,2,True,0.1,padic,degree_weighted,7,17,True,127.0,127.0,0.0,127.0,127.0,0.0,1.0,True,100,200
1000,2,True,0.1,padic,degree_weighted,8,19,True,114.0,114.0,0.0,114.0,114.0,0.0,1.0,True,100,200
1000,2,True,0.1,padic,degree_weighted,9,23,True,95.0,95.0,0.0,95.0,95.0,0.0,1.0,True,100,200
1000,2,True,0.1,padic,degree_weighted,10,29,True,77.0,77.0,0.0,77.0,77.0,0.0,1.0,True,100,200
1000,2,True,0.1,padic,degree_weighted,11,31,True,73.0,73.0,0.0,73.0,73.0,0.0,1.0,True,100,200
1000,2,True,0.1,padic,degree_weighted,12,37,True,62.0,62.0,0.0,62.0,62.0,0.0,1.0,True,100,200
1000,2,True,0.1,padic,degree_weighted,13,41,True,56.0,56.0,0.0,56.0,56.0,0.0,1.0,True,100,200
1000,2,True,0.1,padic,degree_weighted,14,43,True,54.0,54.0,0.0,54.0,54.0,0.0,1.0,True,100,200
1000,2,True,0.1,padic,degree_weighted,15,47,True,50.0,50.0,0.0,50.0,50.0,0.0,1.0,True,100,200
1000,2,True,0.1,padic,degree_weighted,16,53,True,44.0,44.0,0.0,44.0,44.0,0.0,1.0,True,100,200
1000,2,True,0.1,padic,degree_weighted,17,61,True,40.0,40.0,0.0,40.0,40.0,0.0,1.0,True,100,200
1000,2,True,0.1,padic,degree_weighted,18,59,True,40.0,40.0,0.0,40.0,40.0,0.0,1.0,True,100,200
1000,2,True,0.1,padic,degree_weighted,19,67,True,36.0,36.0,0.0,36.0,36.0,0.0,1.0,True,100,200
1000,2,True,0.1,padic,degree_weighted,20,71,True,36.0,36.0,0.0,36.0,36.0,0.0,1.0,True,100,200
1000,2,True,0.1,padic,eigenvector,1,2,True,0.6982439436623161,0.6980708335299144,0.0002050315583431534,0.6976227909163379,0.6986266218187536,0.8443096945685493,0.34,False,100,200
1000,2,True,0.1,padic,eigenvector,2,3,True,0.09755291275005781,0.09934985224766128,0.0021779847614954153,0.09463942823778289,0.10356290971458934,-0.8250468641340181,0.42,False,100,200
1000,2,True,0.1,padic,eigenvector,3,5,True,0.07284044560820044,0.07260182961915919,0.0013955372344731476,0.06880442388721085,0.07534512585984003,0.17098503941481658,0.94,False,100,200
1000,2,True,0.1,padic,eigenvector,4,7,True,0.06389518734543749,0.0634207684190262,0.0012753177902135701,0.06094806649030236,0.06643341028597086,0.3720005555100295,0.68,False,100,200
1000,2,True,0.1,padic,eigenvector,5,11,True,0.05679252181082462,0.05669608290481509,0.0009189368159192633,0.054901072987890265,0.05871335144488621,0.1049461772984418,0.82,False,100,200
1000,2,True,0.1,padic,eigenvector,6,13,True,0.05493853753195015,0.054580063039505806,0.0008709371789815285,0.05217048370694644,0.05710827234446249,0.4115962679002162,0.64,False,100,200
1000,2,True,0.1,padic,eigenvector,7,17,True,0.05263128256352284,0.05252518117170523,0.0007950074296691329,0.05087496763707226,0.054526282289808076,0.13345962296447209,0.84,False,100,200
1000,2,True,0.1,padic,eigenvector,8,19,True,0.051961248208582174,0.05181675217908116,0.000794903089489849,0.0499098196474099,0.05429940442763609,0.18177817071233507,0.88,False,100,200
1000,2,True,0.1,padic,eigenvector,9,23,True,0.050740044181949134,0.05075727391910714,0.0006754563266774498,0.049084508985460566,0.05239502640199519,-0.025508291916894816,0.9,False,100,200
1000,2,True,0.1,padic,eigenvector,10,29,True,0.04983387391017942,0.04972076743410818,0.0005946625766215119,0.04793382360121582,0.051701349153792056,0.1902027814056358,0.76,False,100,200
1000,2,True,0.1,padic,eigenvector,11,31,True,0.049657625460249884,0.04946530823611535,0.0005582074390152889,0.04811019805942077,0.05066128802430606,0.34452644427990203,0.7,False,100,200
1000,2,True,0.1,padic,eigenvector,12,37,True,0.04888051246902473,0.048832745705905393,0.0005289266035367717,0.04772790731888843,0.050157720974205185,0.09030886856505639,0.92,False,100,200
1000,2,True,0.1,padic,eigenvector,13,41,True,0.04866961337647827,0.04858660173285002,0.0004655544770104658,0.047303794391399825,0.04958398966588321,0.17830704617280818,0.98,False,100,200
1000,2,True,0.1,padic,eigenvector,14,43,True,0.04839947401669049,0.04850871334949604,0.0004906015142155531,0.04730668090025849,0.04969485246851244,-0.2226640759154998,0.8,False,100,200
1000,2,True,0.1,padic,eigenvector,15,47,True,0.04824148208606179,0.04816545894859778,0.0004176245038534258,0.04710136373742059,0.04920766705856367,0.18203706143327464,0.86,False,100,200
1000,2,True,0.1,padic,eigenvector,16,53,True,0.047982840857066056,0.04792248961793248,0.00042663762433349024,0.04696826666756571,0.049059376846569164,0.14145784546741844,0.84,False,100,200
1000,2,True,0.1,padic,eigenvector,17,59,True,0.04780914272062606,0.04773754892280462,0.00043137038421853225,0.046593268650761195,0.048987437743700575,0.16596827329983377,0.96,False,100,200
1000,2,True,0.1,padic,eigenvector,18,61,True,0.04780914272062602,0.047667527618682606,0.00038486247606070575,0.04664368180319855,0.04868353666220786,0.367962871810551,0.6,False,100,200
1000,2,True,0.1,padic,eigenvector,19,67,True,0.04745744801436887,0.0474860995420636,0.00036495787302758106,0.04645950006823279,0.048328570878904006,-0.07850639707270164,1.0,False,100,200
1000,2,True,0.1,padic,eigenvector,20,71,True,0.04745744801436886,0.04749971937640022,0.0003936435644124883,0.04666466972938303,0.04874066471680451,-0.10738486756272174,0.94,False,100,200
1000,2,True,0.1,padic,eigenvector_costweight,1,2,True,0.520856214580574,0.5301449236514425,0.0021896375309137022,0.5256983971025683,0.5357244090839143,-4.242121784874774,0.0,False,100,200
1000,2,True,0.1,padic,eigenvector_costweight,2,3,True,0.3718728367284351,0.3751381308663648,0.00615298226807967,0.36111152032787097,0.3904540568645966,-0.5306847957078199,0.5,False,100,200
1000,2,True,0.1,padic,eigenvector_costweight,3,5,True,0.21482983703532257,0.2057370635868945,0.007882141248832757,0.19114672115851544,0.2279367686493342,1.153591792049465,0.24,False,100,200
1000,2,True,0.1,padic,eigenvector_costweight,4,7,True,0.14653386287801565,0.13438925975513022,0.00685623130637795,0.11900526177684961,0.153722486524337,1.7713234253908459,0.1,False,100,200
1000,2,True,0.1,padic,eigenvector_costweight,5,11,True,0.08889741975889569,0.08078620417916417,0.004985778743299653,0.06854036000682633,0.09286382187802845,1.6268703441026369,0.08,False,100,200
1000,2,True,0.1,padic,eigenvector_costweight,6,13,True,0.0743827696699653,0.06631385004791207,0.004493396737357897,0.054683850987539,0.0763738269657554,1.7957282861245234,0.12,False,100,200
1000,2,True,0.1,padic,eigenvector_costweight,7,210,False,0.056493377578933204,0.031465793604378775,0.0106061913674365,0.009159389742565582,0.05192033565074334,2.3597145391318306,0.0,False,100,200
1000,2,True,0.1,padic,eigenvector_costweight,8,17,True,0.0562880623332346,0.05015668893670209,0.004216340965795599,0.04076552800477819,0.06016855207802425,1.4541929711738928,0.12,False,100,200
1000,2,True,0.1,padic,eigenvector_costweight,9,330,False,0.05389701671147626,0.03222168773820627,0.011879455163508603,0.0066142132292893235,0.05355252286220045,1.8246063203178222,0.0,False,100,200
1000,2,True,0.1,padic,eigenvector_costweight,10,390,False,0.0532431722433531,0.03040899736023893,0.010818735515672352,0.004377759291393825,0.05646707828133781,2.1106140223167387,0.04,False,100,200
1000,2,True,0.1,padic,eigenvector_costweight,11,510,False,0.05242805619012831,0.032043103458455124,0.010933292269641555,0.002104592075908516,0.05228839223203404,1.8644843866724414,0.0,False,100,200
1000,2,True,0.1,padic,eigenvector_costweight,12,570,False,0.05217089314530517,0.03242993151894357,0.010271574477301789,0.007621732850987674,0.053675167787276934,1.9219022039888176,0.02,False,100,200
1000,2,True,0.1,padic,eigenvector_costweight,13,690,False,0.051784670277780706,0.031218881321167968,0.012966266261247672,0.0021430083005642975,0.05657265640090563,1.5860995403185412,0.08,False,100,200
1000,2,True,0.1,padic,eigenvector_costweight,14,870,False,0.051399780514550665,0.03132659130868797,0.012614296313209757,0.0034968351573633647,0.05624173608488761,1.5913047154950641,0.08,False,100,200
1000,2,True,0.1,padic,eigenvector_costweight,15,930,False,0.051292367042166706,0.030292514020154534,0.0117705182251188,0.0023997756450587332,0.05482703810555986,1.7841060708098269,0.04,False,100,200
1000,2,True,0.1,padic,eigenvector_costweight,16,630,False,0.05090943318136721,0.029907703583521808,0.010964873332424975,0.004846996429448886,0.05440697853758168,1.915364542857029,0.06,False,100,200
1000,2,True,0.1,padic,eigenvector_costweight,17,462,False,0.05082047372737145,0.0306630954707435,0.01097804792978897,0.010014533881095307,0.0570916589207075,1.836153238312145,0.08,False,100,200
1000,2,True,0.1,padic,eigenvector_costweight,18,19,True,0.05057931691534215,0.045213845488755816,0.004004287885048506,0.035407423177204266,0.05479019179668586,1.3399314885975808,0.24,False,100,200
1000,2,True,0.1,padic,eigenvector_costweight,19,546,False,0.050166629259248335,0.031989132478066715,0.011451587176662772,0.005287099605987258,0.05406678071054609,1.5873342708533535,0.2,False,100,200
1000,2,True,0.1,padic,eigenvector_costweight,20,30,False,0.04989243611300201,0.027537295704877396,0.012128555936684568,0.0016614625887841907,0.05073189519339628,1.8431823643990684,0.1,False,100,200
1000,2,True,0.1,padic,pagerank,1,2,True,0.2143214394729103,0.2142960778890834,0.0002634648564188509,0.2134498740705821,0.21505594948180257,0.09626173362031139,0.96,False,100,200
1000,2,True,0.1,padic,pagerank,2,3,True,0.06301311473294254,0.06389814548807868,0.00032884549213625923,0.06299229638320272,0.06467615926577726,-2.69132701010057,0.02,False,100,200
1000,2,True,0.1,padic,pagerank,3,5,True,0.03471127303657962,0.03528892093072945,0.000231442976373017,0.034743008358392606,0.03585141946237636,-2.495854068255764,0.0,False,100,200
1000,2,True,0.1,padic,pagerank,4,7,True,0.02399661714915585,0.024399212496730133,0.0002451832137182411,0.023630069851059973,0.025093433622702922,-1.6420183970544469,0.08,False,100,200
1000,2,True,0.1,padic,pagerank,5,11,True,0.01508376336776602,0.015233130182575057,0.00019273833752954503,0.014760257149642944,0.015661314004198817,-0.7749719994660696,0.48,False,100,200
1000,2,True,0.1,padic,pagerank,6,13,True,0.01274556724150003,0.012874495978933692,0.00017995032111824,0.012504714095202506,0.013457206742563402,-0.716468504376538,0.5,False,100,200
1000,2,True,0.1,padic,pagerank,7,17,True,0.0098453492598238,0.009869169667826822,0.00017087868082281808,0.009459846853616767,0.010241240425914209,-0.13939953122485682,1.0,False,100,200
1000,2,True,0.1,padic,pagerank,8,19,True,0.00885098178001361,0.008868396304937074,0.00014701802087896523,0.008493140767129096,0.009211942735131788,-0.11845163483596127,0.98,False,100,200
1000,2,True,0.1,padic,pagerank,9,23,True,0.007429311538582441,0.007393430061337318,0.0001292053921203755,0.00708928035149258,0.007689942610904351,0.27770882202573394,0.82,False,100,200
1000,2,True,0.1,padic,pagerank,10,29,True,0.0060301810775604476,0.005992697334225309,0.00013670506282755868,0.005713925696583405,0.006325424250709542,0.27419425849955725,0.7,False,100,200
1000,2,True,0.1,padic,pagerank,11,31,True,0.005729521596011591,0.0056680023860515875,0.00012348443230258204,0.005431969381344185,0.005978131085225135,0.49819405420481777,0.6,False,100,200
1000,2,True,0.1,padic,pagerank,12,37,True,0.0048310183699871055,0.004834192065281629,0.00011481348676813387,0.004598476277849496,0.005221147328766284,-0.027642181975817658,0.98,False,100,200
1000,2,True,0.1,padic,pagerank,13,41,True,0.004367729309422131,0.004349756363241576,0.00011525793869688641,0.004125725126663079,0.004817612253488523,0.1559367309858118,0.86,False,100,200
1000,2,True,0.1,padic,pagerank,14,43,True,0.00423762844871709,0.00416512986858501,9.899510256931758e-05,0.003933776104326222,0.004384911519372915,0.7323451186013553,0.54,False,100,200
1000,2,True,0.1,padic,pagerank,15,47,True,0.003906654371959416,0.0038863751158638798,9.53405206493862e-05,0.0036719819872159847,0.004281019666629701,0.21270343351820975,0.7,False,100,200
1000,2,True,0.1,padic,pagerank,16,53,True,0.0034342999421095575,0.0033959318689682923,7.958996471948568e-05,0.0032334457820840153,0.0035903322922433223,0.4820717445533894,0.76,False,100,200
1000,2,True,0.1,padic,pagerank,17,61,True,0.0031129117031772013,0.003079521649340168,7.53922672988418e-05,0.002942900623028584,0.003309305919703883,0.44288433062613397,0.66,False,100,200
1000,2,True,0.1,padic,pagerank,18,59,True,0.0031129117031772013,0.003067134257433142,7.467705576901117e-05,0.002912201500045003,0.0032342335539130296,0.6130054977750732,0.5,False,100,200
1000,2,True,0.1,padic,pagerank,19,71,True,0.0028271311785423945,0.0027605789763676756,7.333818292633339e-05,0.0025943569265858384,0.0029418266793787757,0.9074700179246035,0.44,False,100,200
1000,2,True,0.1,padic,pagerank,20,67,True,0.0028271311785423945,0.0027532536968554746,7.25918157443836e-05,0.0025777459661464504,0.0029369931473684583,1.0177108938432269,0.26,False,100,200
1000,2,True,0.1,padic,betweenness,1,2,True,0.8789829659318636,0.8814205410821643,0.007548048095913228,0.8581371075484302,0.8982247828991314,-0.32294112588134244,0.66,False,100,200
1000,2,True,0.1,padic,betweenness,2,3,True,0.2526778557114226,0.24234768286573147,0.018618302703744878,0.20340931863727454,0.28530352371409495,0.5548396655734548,0.62,False,100,200
1000,2,True,0.1,padic,betweenness,3,5,True,0.12648046092184353,0.11233320390781562,0.013207166697853136,0.07605586172344687,0.1428415163660655,1.0711803172990566,0.3,False,100,200
1000,2,True,0.1,padic,betweenness,4,7,True,0.0849816299265196,0.0697555652972612,0.009863235447859685,0.048542919171676656,0.10073146292585174,1.5437190676171533,0.14,False,100,200
1000,2,True,0.1,padic,betweenness,5,11,True,0.03707331329325313,0.03764169589178357,0.007843628029639664,0.021207414829659325,0.062150551102204375,-0.07246424695085195,0.98,False,100,200
1000,2,True,0.1,padic,betweenness,6,13,True,0.027661155644622647,0.030932014028056117,0.007537271167778777,0.014172511690046746,0.051285070140280574,-0.43395790208744384,0.7,False,100,200
1000,2,True,0.1,padic,betweenness,7,17,True,0.026620741482965962,0.022222954241816972,0.005787336072490194,0.011644956579826322,0.040341933867735394,0.7598983687941765,0.32,False,100,200
1000,2,True,0.1,padic,betweenness,8,29,True,0.016651636606546418,0.012016495490981967,0.0042955254642586356,0.00384686038744155,0.02163911155644624,1.0790626558104761,0.32,False,100,200
1000,2,True,0.1,padic,betweenness,9,19,True,0.014468102872411487,0.01890354876419506,0.004889745387449551,0.008619739478957925,0.030654642618570496,-0.9070913800886181,0.42,False,100,200
1000,2,True,0.1,padic,betweenness,10,23,True,0.01158233132932531,0.014922044088176357,0.0044119427515726724,0.006348947895791583,0.03306947227788916,-0.7569710095763537,0.44,False,100,200
1000,2,True,0.1,padic,betweenness,11,43,True,0.008814295257181042,0.006970662157648632,0.0026672018229892992,0.001480460921843687,0.013421426185704743,0.6912236950506198,0.48,False,100,200
1000,2,True,0.1,padic,betweenness,12,37,True,0.008763360053440222,0.009478690714762863,0.0036079815668937885,0.002850701402805609,0.020717267869071507,-0.19826339133392265,0.9,False,100,200
1000,2,True,0.1,padic,betweenness,13,53,True,0.00853790915163658,0.005622724615898466,0.0026654354035374373,0.0011364395457581853,0.013280728122912493,1.0936991877084032,0.28,False,100,200
1000,2,True,0.1,padic,betweenness,14,47,True,0.008157982631930537,0.007612262024048098,0.00364728489382912,0.002403974615898466,0.019706913827655267,0.14962379517041444,0.8,False,100,200
1000,2,True,0.1,padic,betweenness,15,31,True,0.007701235804943223,0.011988836005344023,0.004979401809424324,0.0031078824315297245,0.025200400801603223,-0.86106732585545,0.42,False,100,200
1000,2,True,0.1,padic,betweenness,16,61,True,0.006902972611890446,0.005088435203740816,0.002641377304095289,0.0006362725450901787,0.011555611222444893,0.6869663812649185,0.52,False,100,200
1000,2,True,0.1,padic,betweenness,17,59,True,0.0064328657314629036,0.0052055736472945875,0.002907623694295205,0.00048096192384769563,0.013405561122244492,0.4220945394606176,0.68,False,100,200
1000,2,True,0.1,padic,betweenness,18,73,True,0.006099699398797595,0.00398304525718103,0.002237945052684721,0.0003365063460253846,0.010397461589846373,0.9458025517996304,0.36,False,100,200
1000,2,True,0.1,padic,betweenness,19,83,True,0.00562625250501002,0.003620933533734137,0.002320511678619569,0.000332331329325318,0.011485470941883772,0.8641710316531618,0.36,False,100,200
1000,2,True,0.1,padic,betweenness,20,107,True,0.0051578156312625245,0.0027304901469605903,0.0022373642314612962,1.3360053440213759e-05,0.011847027388109612,1.0849040358156472,0.24,False,100,200
1000,2,False,0.1,padic,degree,1,2,True,499.0,499.0,0.0,499.0,499.0,0.0,1.0,True,100,200
1000,2,False,0.1,padic,degree,2,3,True,332.0,332.0,0.0,332.0,332.0,0.0,1.0,True,100,200
1000,2,False,0.1,padic,degree,3,5,True,199.0,199.0,0.0,199.0,199.0,0.0,1.0,True,100,200
1000,2,False,0.1,padic,degree,4,7,True,141.0,141.0,0.0,141.0,141.0,0.0,1.0,True,100,200
1000,2,False,0.1,padic,degree,5,11,True,89.0,89.0,0.0,89.0,89.0,0.0,1.0,True,100,200
1000,2,False,0.1,padic,degree,6,13,True,75.0,75.0,0.0,75.0,75.0,0.0,1.0,True,100,200
1000,2,False,0.1,padic,degree,7,17,True,57.0,57.0,0.0,57.0,57.0,0.0,1.0,True,100,200
1000,2,False,0.1,padic,degree,8,19,True,51.0,51.0,0.0,51.0,51.0,0.0,1.0,True,100,200
1000,2,False,0.1,padic,degree,9,23,True,42.0,42.0,0.0,42.0,42.0,0.0,1.0,True,100,200
1000,2,False,0.1,padic,degree,10,29,True,33.0,33.0,0.0,33.0,33.0,0.0,1.0,True,100,200
1000,2,False,0.1,padic,degree,11,31,True,31.0,31.0,0.0,31.0,31.0,0.0,1.0,True,100,200
1000,2,False,0.1,padic,degree,12,37,True,26.0,26.0,0.0,26.0,26.0,0.0,1.0,True,100,200
1000,2,False,0.1,padic,degree,13,41,True,23.0,23.0,0.0,23.0,23.0,0.0,1.0,True,100,200
1000,2,False,0.1,padic,degree,14,43,True,22.0,22.0,0.0,22.0,22.0,0.0,1.0,True,100,200
1000,2,False,0.1,padic,degree,15,47,True,20.0,20.0,0.0,20.0,20.0,0.0,1.0,True,100,200
1000,2,False,0.1,padic,degree,16,53,True,17.0,17.0,0.0,17.0,17.0,0.0,1.0,True,100,200
1000,2,False,0.1,padic,degree,17,59,True,15.0,15.0,0.0,15.0,15.0,0.0,1.0,True,100,200
1000,2,False,0.1,padic,degree,18,61,True,15.0,15.0,0.0,15.0,15.0,0.0,1.0,True,100,200
1000,2,False,0.1,padic,degree,19,71,True,13.0,13.0,0.0,13.0,13.0,0.0,1.0,True,100,200
1000,2,False,0.1,padic,degree,20,67,True,13.0,13.0,0.0,13.0,13.0,0.0,1.0,True,100,200
1000,2,False,0.1,padic,degree_weighted,1,2,True,1492.0,1492.0,0.0,1492.0,1492.0,0.0,1.0,True,100,200
1000,2,False,0.1,padic,degree_weighted,2,3,True,829.0,829.0,0.0,829.0,829.0,0.0,1.0,True,100,200
1000,2,False,0.1,padic,degree_weighted,3,5,True,447.0,447.0,0.0,447.0,447.0,0.0,1.0,True,100,200
1000,2,False,0.1,padic,degree_weighted,4,7,True,304.0,304.0,0.0,304.0,304.0,0.0,1.0,True,100,200
1000,2,False,0.1,padic,degree_weighted,5,11,True,186.0,186.0,0.0,186.0,186.0,0.0,1.0,True,100,200
1000,2,False,0.1,padic,degree_weighted,6,13,True,155.0,155.0,0.0,155.0,155.0,0.0,1.0,True,100,200
1000,2,False,0.1,padic,degree_weighted,7,17,True,117.0,117.0,0.0,117.0,117.0,0.0,1.0,True,100,200
1000,2,False,0.1,padic,degree_weighted,8,19,True,104.0,104.0,0.0,104.0,104.0,0.0,1.0,True,100,200
1000,2,False,0.1,padic,degree_weighted,9,23,True,85.0,85.0,0.0,85.0,85.0,0.0,1.0,True,100,200
1000,2,False,0.1,padic,degree_weighted,10,29,True,67.0,67.0,0.0,67.0,67.0,0.0,1.0,True,100,200
1000,2,False,0.1,padic,degree_weighted,11,31,True,63.0,63.0,0.0,63.0,63.0,0.0,1.0,True,100,200
1000,2,False,0.1,padic,degree_weighted,12,37,True,52.0,52.0,0.0,52.0,52.0,0.0,1.0,True,100,200
1000,2,False,0.1,padic,degree_weighted,13,41,True,46.0,46.0,0.0,46.0,46.0,0.0,1.0,True,100,200
1000,2,False,0.1,padic,degree_weighted,14,43,True,44.0,44.0,0.0,44.0,44.0,0.0,1.0,True,100,200
1000,2,False,0.1,padic,degree_weighted,15,47,True,40.0,40.0,0.0,40.0,40.0,0.0,1.0,True,100,200
1000,2,False,0.1,padic,degree_weighted,16,53,True,34.0,34.0,0.0,34.0,34.0,0.0,1.0,True,100,200
1000,2,False,0.1,padic,degree_weighted,17,61,True,30.0,30.0,0.0,30.0,30.0,0.0,1.0,True,100,200
1000,2,False,0.1,padic,degree_weighted,18,59,True,30.0,30.0,0.0,30.0,30.0,0.0,1.0,True,100,200
1000,2,False,0.1,padic,degree_weighted,19,71,True,26.0,26.0,0.0,26.0,26.0,0.0,1.0,True,100,200
1000,2,False,0.1,padic,degree_weighted,20,67,True,26.0,26.0,0.0,26.0,26.0,0.0,1.0,True,100,200
1000,2,False,0.1,padic,eigenvector,1,2,True,0.6512841422532982,0.6498482443611038,0.0026327838786282406,0.6445777109982208,0.6563387906011223,0.5453914785221503,0.6,False,100,200
1000,2,False,0.1,padic,eigenvector,2,3,True,0.2332028125358158,0.2396893047825039,0.008152499462843528,0.22066641631550543,0.2554951131194303,-0.7956446089020269,0.44,False,100,200
1000,2,False,0.1,padic,eigenvector,3,5,True,0.1075280525583177,0.10491492866370139,0.005667613541693933,0.08986645292970542,0.11737263612595027,0.46106246930790407,0.72,False,100,200
1000,2,False,0.1,padic,eigenvector,4,512,False,0.08381067623693118,0.012241024212937374,0.014821524880932224,1.3168088335302794e-15,0.0668127938385728,4.828764421943359,0.0,False,100,200
1000,2,False,0.1,padic,eigenvector,5,768,False,0.08143156203140665,0.01759501295761511,0.016349939613220996,7.444211705177867e-05,0.06721127655707229,3.9043905105418015,0.0,False,100,200
1000,2,False,0.1,padic,eigenvector,6,256,False,0.07542960861323808,0.012188629641626609,0.013286964594132901,1.070101722271717e-06,0.05822185779601598,4.759625761292137,0.0,False,100,200
1000,2,False,0.1,padic,eigenvector,7,384,False,0.07305049440771351,0.01829411058456984,0.01342294744217617,6.352024693963016e-05,0.05962155015207019,4.079311496899253,0.0,False,100,200
1000,2,False,0.1,padic,eigenvector,8,640,False,0.06981599630272765,0.017423118857596433,0.0146694074806854,9.131697315599758e-05,0.0682495765113317,3.5715742107590063,0.0,False,100,200
1000,2,False,0.1,padic,eigenvector,9,7,True,0.06893038848427428,0.06571575576993685,0.005045992223574987,0.05548373726003601,0.07794246044802722,0.6370665216879611,0.56,False,100,200
1000,2,False,0.1,padic,eigenvector,10,896,False,0.06882260613172807,0.01933317940348343,0.014950598589204223,0.0001780248937611878,0.07616898657851297,3.3101970086990886,0.02,False,100,200
1000,2,False,0.1,padic,eigenvector,11,576,False,0.06767040349310466,0.016567018600607462,0.014390289933895259,2.2938599898661775e-05,0.06783152823258812,3.551240810800272,0.02,False,100,200
1000,2,False,0.1,padic,eigenvector,12,960,False,0.06743688209720308,0.021048619198607243,0.014535238956234865,0.00042462445599862516,0.05911807687787767,3.191434488161453,0.0,False,100,200
1000,2,False,0.1,padic,eigenvector,13,128,False,0.06704854098954496,0.00788676899732099,0.010331070910919326,0.0,0.050226044251174246,5.7265865758111785,0.0,False,100,200
1000,2,False,0.1,padic,eigenvector,14,192,False,0.06466942678402038,0.016780296799718476,0.011479514286206369,8.399333258431296e-05,0.04237810307357912,4.171703505072931,0.0,False,100,200
1000,2,False,0.1,padic,eigenvector,15,864,False,0.06229031257849581,0.020241130086329842,0.012832160631073411,0.000394100501269055,0.058315881830282586,3.276859112123548,0.0,False,100,200
1000,2,False,0.1,padic,eigenvector,16,320,False,0.06143492867903454,0.020426538158354303,0.015929884617306406,1.0828571284977141e-05,0.07270704862939358,2.5743055587564174,0.04,False,100,200
1000,2,False,0.1,padic,eigenvector,17,448,False,0.060441538508034964,0.017568284576320443,0.013296161873547775,7.954176420590554e-05,0.053027998887984686,3.2244834516500056,0.0,False,100,200
1000,2,False,0.1,padic,eigenvector,18,704,False,0.05970730040579474,0.016649560601039712,0.012855196754740745,0.00015668759528800723,0.05285738341969555,3.3494423015249586,0.0,False,100,200
1000,2,False,0.1,padic,eigenvector,19,832,False,0.059518563294365445,0.017512341739552104,0.01161527033420641,8.938443631433923e-05,0.04588102494270928,3.616465251876838,0.0,False,100,200
1000,2,False,0.1,padic,eigenvector,20,288,False,0.05928933586941153,0.017898412304910315,0.014799658731982024,0.00020702432697654012,0.06703484008700736,2.796748513873197,0.04,False,100,200
1000,2,False,0.1,padic,eigenvector_costweight,1,2,True,0.5120114176580204,0.5225376548950101,0.0022944815986534616,0.5179023196557972,0.5279525553058902,-4.5876320137704685,0.0,False,100,200
1000,2,False,0.1,padic,eigenvector_costweight,2,3,True,0.38143054916818947,0.38427260783206457,0.006123071622034501,0.3706747028050511,0.3992597317969387,-0.4641557112687974,0.54,False,100,200
1000,2,False,0.1,padic,eigenvector_costweight,3,5,True,0.2168805702871431,0.20671199475288632,0.008297395443651672,0.1914237486123368,0.23003519993482208,1.2255141511950973,0.2,False,100,200
1000,2,False,0.1,padic,eigenvector_costweight,4,7,True,0.1458484119646844,0.1326031068081,0.007207609522133269,0.11626754124705539,0.15269579371000658,1.8376835087847794,0.08,False,100,200
1000,2,False,0.1,padic,eigenvector_costweight,5,11,True,0.08629716485750483,0.07737930553462528,0.005198338924577803,0.06461942179897089,0.08991374113632482,1.71552094856991,0.04,False,100,200
1000,2,False,0.1,padic,eigenvector_costweight,6,13,True,0.0713540052722659,0.0625525465892123,0.004661749154835635,0.05056221516855887,0.0729583744105439,1.8880163626830555,0.08,False,100,200
1000,2,False,0.1,padic,eigenvector_costweight,7,210,False,0.057567067308159046,0.031606377514330236,0.010871535759101008,0.008560728474063674,0.05279928442463156,2.387950549865602,0.0,False,100,200
1000,2,False,0.1,padic,eigenvector_costweight,8,330,False,0.054837987597296516,0.03237117432034323,0.012229002995043948,0.005933213196494161,0.05451045771003251,1.837174566565926,0.0,False,100,200
1000,2,False,0.1,padic,eigenvector_costweight,9,390,False,0.05415318122259777,0.030539219794000094,0.011154920251073062,0.003635058041065932,0.05744065772283589,2.116909928273679,0.04,False,100,200
1000,2,False,0.1,padic,eigenvector_costweight,10,510,False,0.05330155409091296,0.03223302212135021,0.011242738248154025,0.001264773812730437,0.05318450615005267,1.8739680231390285,0.0,False,100,200
1000,2,False,0.1,padic,eigenvector_costweight,11,570,False,0.05303404511263614,0.03266688009719989,0.010550799468894171,0.007129644951656009,0.05451776322533206,1.9303906851307948,0.02,False,100,200
1000,2,False,0.1,padic,eigenvector_costweight,12,17,True,0.052770650026071536,0.04604635654122004,0.004383044946659486,0.03634650530381619,0.05636337845734407,1.534160285072223,0.08,False,100,200
1000,2,False,0.1,padic,eigenvector_costweight,13,690,False,0.052630977816887546,0.031378798947413716,0.013331184719082682,0.0013093517562762509,0.05755889334939416,1.5941703094889075,0.08,False,100,200
1000,2,False,0.1,padic,eigenvector_costweight,14,870,False,0.05223034291437154,0.03147889614709634,0.012992158228234811,0.0026831897438328875,0.05720945929295175,1.597228605342702,0.08,False,100,200
1000,2,False,0.1,padic,eigenvector_costweight,15,930,False,0.05211838808841284,0.030406671634837963,0.0120861991855253,0.00156412781496033,0.05584113682953899,1.7964056458358975,0.04,False,100,200
1000,2,False,0.1,padic,eigenvector_costweight,16,630,False,0.051740408626746004,0.030046973754013967,0.011275799198295697,0.004100170081776361,0.055277070283321274,1.9238933304178498,0.06,False,100,200
1000,2,False,0.1,padic,eigenvector_costweight,17,462,False,0.05158276740438088,0.03081984198820212,0.011268150545160468,0.009469463904143308,0.058135940330104316,1.8426205199305028,0.08,False,100,200
1000,2,False,0.1,padic,eigenvector_costweight,18,546,False,0.05089796102968213,0.032143587303957964,0.011761995728240401,0.004549359369833923,0.05491879073592913,1.5944890781328152,0.2,False,100,200
1000,2,False,0.1,padic,eigenvector_costweight,19,30,False,0.05088321161596893,0.027722613308195764,0.012473596855159193,0.001029213171894777,0.051743216672546465,1.8567698296416988,0.1,False,100,200
1000,2,False,0.1,padic,eigenvector_costweight,20,714,False,0.050046333897997335,0.03041067266595917,0.011831145142971518,0.006500570892990594,0.05359825573565465,1.6596585533145163,0.12,False,100,200
1000,2,False,0.1,padic,pagerank,1,2,True,0.13983760514729066,0.13805068443208948,0.0004219928561154689,0.13685504057612036,0.13937571060589132,4.234480961716144,0.0,False,100,200
1000,2,False,0.1,padic,pagerank,2,3,True,0.07715951762150539,0.0779904692557524,0.0004021656300547017,0.07707429870629239,0.07911104488858792,-2.0661925638300214,0.06,False,100,200
1000,2,False,0.1,padic,pagerank,3,5,True,0.04155691363977402,0.04263650335841263,0.0003269033701132113,0.04199703840725821,0.04348208052117915,-3.302473505442078,0.0,False,100,200
1000,2,False,0.1,padic,pagerank,4,7,True,0.02830145653131733,0.029238666563967307,0.00030033491125130675,0.028561558710939412,0.029961743651537903,-3.1205497514264815,0.0,False,100,200
1000,2,False,0.1,padic,pagerank,5,11,True,0.017441054586156777,0.018020768034382944,0.00025270250957227196,0.017355853864500014,0.018641149018771754,-2.294054970832708,0.04,False,100,200
1000,2,False,0.1,padic,pagerank,6,13,True,0.014612135453787048,0.01511172116360631,0.00023262319599134753,0.014585227069519925,0.015906617915754925,-2.1476177716939198,0.02,False,100,200
1000,2,False,0.1,padic,pagerank,7,17,True,0.011109791682014833,0.011441853482956364,0.0002257486972664534,0.011015707992046472,0.011978999220520977,-1.4709356242689449,0.1,False,100,200
1000,2,False,0.1,padic,pagerank,8,19,True,0.009922717867125825,0.010227936798464867,0.0002002182534749581,0.009745669736123242,0.010734180561377989,-1.524431094776372,0.12,False,100,200
1000,2,False,0.1,padic,pagerank,9,23,True,0.008218208234138172,0.0084035558471455,0.00018082006484118534,0.007975805863835967,0.008924823529605158,-1.0250389699291433,0.34,False,100,200
1000,2,False,0.1,padic,pagerank,10,29,True,0.006552839766815145,0.006676761780473492,0.00018258598554494782,0.00626024380689477,0.007211738562748492,-0.67870495804202,0.44,False,100,200
1000,2,False,0.1,padic,pagerank,11,31,True,0.0061971154726008365,0.006303003714789044,0.00015488098897348157,0.0059602037541807255,0.0066995340086571644,-0.683674884115962,0.58,False,100,200
1000,2,False,0.1,padic,pagerank,12,37,True,0.005122448140498267,0.0052670051586478596,0.00015867508349967063,0.004992597432178999,0.005724814229610867,-0.9110253163969061,0.32,False,100,200
1000,2,False,0.1,padic,pagerank,13,41,True,0.004577833638939671,0.004669175879935034,0.0001521367567922248,0.004394695233350819,0.005134742332392305,-0.600395610642011,0.72,False,100,200
1000,2,False,0.1,padic,pagerank,14,43,True,0.004417757431813953,0.004447660195673419,0.00012856025391814305,0.004148343876646635,0.004806782873021931,-0.23259726819228868,0.88,False,100,200
1000,2,False,0.1,padic,pagerank,15,47,True,0.004026192084744728,0.00411008907703656,0.0001309658601499315,0.003817125904957075,0.004619241551006002,-0.6406020026576753,0.56,False,100,200
1000,2,False,0.1,padic,pagerank,16,53,True,0.003469981935249081,0.003501952686220453,0.00010802274988541414,0.003268099017729856,0.00379063426258793,-0.2959631281862945,0.82,False,100,200
1000,2,False,0.1,padic,pagerank,17,59,True,0.003090680228129255,0.0031038265139958533,0.00011265676887628461,0.0028879705423267774,0.003471531942958225,-0.11669326217793191,0.92,False,100,200
1000,2,False,0.1,padic,pagerank,18,61,True,0.003090680228129255,0.003117395633812794,0.00010249483679043857,0.0028937451865742175,0.003417755025084677,-0.26065123395593304,0.84,False,100,200
1000,2,False,0.1,padic,pagerank,19,67,True,0.00274922139054003,0.0027245604871694966,0.0001058063469120707,0.0024815010026233352,0.002936044105520471,0.233075841764272,0.76,False,100,200
1000,2,False,0.1,padic,pagerank,20,71,True,0.00274922139054003,0.0027287489125705456,0.00010083066446325694,0.0025138263194052265,0.0029896747504065185,0.20303821340923492,0.84,False,100,200
1000,2,False,0.1,padic,betweenness,1,2,True,0.5804887115500841,0.5667350897317422,0.016468628586048983,0.5110228790915161,0.607330995323981,0.835140688641973,0.34,False,100,200
1000,2,False,0.1,padic,betweenness,2,3,True,0.26781788577154303,0.2784209747770769,0.02184315992300494,0.20494306675844756,0.3351167150012534,-0.48541919039684217,0.62,False,100,200
1000,2,False,0.1,padic,betweenness,3,5,True,0.14547120641107875,0.12327366331950618,0.018155820463526734,0.0871623445303305,0.167111596249998,1.222613053272105,0.24,False,100,200
1000,2,False,0.1,padic,betweenness,4,864,False,0.10296092184368735,0.0002586315048708217,0.000971359713215413,0.0,0.006381095524382097,105.73044047590724,0.0,False,100,200
1000,2,False,0.1,padic,betweenness,5,7,True,0.09053177236368619,0.07266111771693044,0.014485431253315516,0.037161143729906226,0.11031969092389449,1.2336984887947615,0.22,False,100,200
1000,2,False,0.1,padic,betweenness,6,800,False,0.04783817635270541,0.00025387485885857623,0.0011346307898113897,0.0,0.00912224448897795,41.93813698794201,0.0,False,100,200
1000,2,False,0.1,padic,betweenness,7,784,False,0.04341850367401469,0.0012768804769585005,0.010972752442379854,0.0,0.10971693386773547,3.840569940709986,0.02,False,100,200
1000,2,False,0.1,padic,betweenness,8,11,True,0.04158198053256554,0.035226998766243654,0.010608232300080641,0.01703778272662713,0.06839953536221068,0.5990613314787198,0.5,False,100,200
1000,2,False,0.1,padic,betweenness,9,675,False,0.02508350033400133,0.00023385821245665934,0.0009337334061772112,0.0,0.005551102204408818,26.61320882079324,0.0,False,100,200
1000,2,False,0.1,padic,betweenness,10,13,True,0.02454908551211452,0.02693283568822865,0.009074015417261848,0.011360655307173341,0.049804005585819225,-0.26270069715546374,0.98,False,100,200
1000,2,False,0.1,padic,betweenness,11,968,False,0.02223411903171422,0.001168443873678092,0.00845363270548811,0.0,0.08385771543086172,2.491908022495497,0.02,False,100,200
1000,2,False,0.1,padic,betweenness,12,17,True,0.02222802265026421,0.01784335734669641,0.007626048248825739,0.004534692400674365,0.03847234548462002,0.5749590299593185,0.52,False,100,200
1000,2,False,0.1,padic,betweenness,13,1000,False,0.017364729458917837,0.00033115084523025406,0.0016815760226537601,0.0,0.014894789579158315,10.129532286507162,0.0,False,100,200
1000,2,False,0.1,padic,betweenness,14,19,True,0.013335180061205638,0.015619250158332853,0.006796730592392376,0.003389108303186459,0.03806179131767809,-0.3360542346174195,0.8,False,100,200
1000,2,False,0.1,padic,betweenness,15,832,False,0.01314629258517034,0.0003753242444272298,0.0012992642307293979,0.0,0.008485721442885771,9.82938500013471,0.0,False,100,200
1000,2,False,0.1,padic,betweenness,16,544,False,0.011724615898463592,0.00017480223660716225,0.000753294496134053,0.0,0.005551102204408818,15.33240149918879,0.0,False,100,200
1000,2,False,0.1,padic,betweenness,17,29,True,0.009634656731600617,0.007684135002620255,0.004794277779125442,0.0016812077090133204,0.02206293069544572,0.406843703857345,0.54,False,100,200
1000,2,False,0.1,padic,betweenness,18,891,False,0.008001002004008016,0.0004170198039583005,0.001217030620287366,0.0,0.006091558116232464,6.231545923026149,0.0,False,100,200
1000,2,False,0.1,padic,betweenness,19,608,False,0.00760379091516366,0.0006363211148352814,0.004476524288372886,0.0,0.044224281897127585,1.5564463301194098,0.02,False,100,200
1000,2,False,0.1,padic,betweenness,20,441,False,0.007258266533066129,0.0010124931351713751,0.008007213068764006,0.0,0.07983967935871743,0.7800183839567607,0.02,False,100,200
1000,2,True,0.1,uniform,degree,1,2,True,666.0,666.0,0.0,666.0,666.0,0.0,1.0,True,100,200
1000,2,True,0.1,uniform,degree,2,3,True,333.0,333.0,0.0,333.0,333.0,0.0,1.0,True,100,200
1000,2,True,0.1,uniform,degree,3,5,True,200.0,200.0,0.0,200.0,200.0,0.0,1.0,True,100,200
1000,2,True,0.1,uniform,degree,4,7,True,142.0,142.0,0.0,142.0,142.0,0.0,1.0,True,100,200
1000,2,True,0.1,uniform,degree,5,11,True,90.0,90.0,0.0,90.0,90.0,0.0,1.0,True,100,200
1000,2,True,0.1,uniform,degree,6,13,True,76.0,76.0,0.0,76.0,76.0,0.0,1.0,True,100,200
1000,2,True,0.1,uniform,degree,7,17,True,58.0,58.0,0.0,58.0,58.0,0.0,1.0,True,100,200
1000,2,True,0.1,uniform,degree,8,19,True,52.0,52.0,0.0,52.0,52.0,0.0,1.0,True,100,200
1000,2,True,0.1,uniform,degree,9,23,True,43.0,43.0,0.0,43.0,43.0,0.0,1.0,True,100,200
1000,2,True,0.1,uniform,degree,10,29,True,34.0,34.0,0.0,34.0,34.0,0.0,1.0,True,100,200
1000,2,True,0.1,uniform,degree,11,31,True,32.0,32.0,0.0,32.0,32.0,0.0,1.0,True,100,200
1000,2,True,0.1,uniform,degree,12,37,True,27.0,27.0,0.0,27.0,27.0,0.0,1.0,True,100,200
1000,2,True,0.1,uniform,degree,13,41,True,24.0,24.0,0.0,24.0,24.0,0.0,1.0,True,100,200
1000,2,True,0.1,uniform,degree,14,43,True,23.0,23.0,0.0,23.0,23.0,0.0,1.0,True,100,200
1000,2,True,0.1,uniform,degree,15,47,True,21.0,21.0,0.0,21.0,21.0,0.0,1.0,True,100,200
1000,2,True,0.1,uniform,degree,16,53,True,18.0,18.0,0.0,18.0,18.0,0.0,1.0,True,100,200
1000,2,True,0.1,uniform,degree,17,61,True,16.0,16.0,0.0,16.0,16.0,0.0,1.0,True,100,200
1000,2,True,0.1,uniform,degree,18,59,True,16.0,16.0,0.0,16.0,16.0,0.0,1.0,True,100,200
1000,2,True,0.1,uniform,degree,19,67,True,14.0,14.0,0.0,14.0,14.0,0.0,1.0,True,100,200
1000,2,True,0.1,uniform,degree,20,71,True,14.0,14.0,0.0,14.0,14.0,0.0,1.0,True,100,200
1000,2,True,0.1,uniform,degree_weighted,1,2,True,2169.0,2169.0,0.0,2169.0,2169.0,0.0,1.0,True,100,200
1000,2,True,0.1,uniform,degree_weighted,2,3,True,342.0,342.0,0.0,342.0,342.0,0.0,1.0,True,100,200
1000,2,True,0.1,uniform,degree_weighted,3,5,True,209.0,209.0,0.0,209.0,209.0,0.0,1.0,True,100,200
1000,2,True,0.1,uniform,degree_weighted,4,7,True,151.0,151.0,0.0,151.0,151.0,0.0,1.0,True,100,200
1000,2,True,0.1,uniform,degree_weighted,5,11,True,99.0,99.0,0.0,99.0,99.0,0.0,1.0,True,100,200
1000,2,True,0.1,uniform,degree_weighted,6,13,True,85.0,85.0,0.0,85.0,85.0,0.0,1.0,True,100,200
1000,2,True,0.1,uniform,degree_weighted,7,17,True,67.0,67.0,0.0,67.0,67.0,0.0,1.0,True,100,200
1000,2,True,0.1,uniform,degree_weighted,8,19,True,61.0,61.0,0.0,61.0,61.0,0.0,1.0,True,100,200
1000,2,True,0.1,uniform,degree_weighted,9,23,True,52.0,52.0,0.0,52.0,52.0,0.0,1.0,True,100,200
1000,2,True,0.1,uniform,degree_weighted,10,29,True,43.0,43.0,0.0,43.0,43.0,0.0,1.0,True,100,200
1000,2,True,0.1,uniform,degree_weighted,11,31,True,41.0,41.0,0.0,41.0,41.0,0.0,1.0,True,100,200
1000,2,True,0.1,uniform,degree_weighted,12,37,True,36.0,36.0,0.0,36.0,36.0,0.0,1.0,True,100,200
1000,2,True,0.1,uniform,degree_weighted,13,41,True,33.0,33.0,0.0,33.0,33.0,0.0,1.0,True,100,200
1000,2,True,0.1,uniform,degree_weighted,14,43,True,32.0,32.0,0.0,32.0,32.0,0.0,1.0,True,100,200
1000,2,True,0.1,uniform,degree_weighted,15,47,True,30.0,30.0,0.0,30.0,30.0,0.0,1.0,True,100,200
1000,2,True,0.1,uniform,degree_weighted,16,53,True,27.0,27.0,0.0,27.0,27.0,0.0,1.0,True,100,200
1000,2,True,0.1,uniform,degree_weighted,17,61,True,25.0,25.0,0.0,25.0,25.0,0.0,1.0,True,100,200
1000,2,True,0.1,uniform,degree_weighted,18,59,True,25.0,25.0,0.0,25.0,25.0,0.0,1.0,True,100,200
1000,2,True,0.1,uniform,degree_weighted,19,67,True,23.0,23.0,0.0,23.0,23.0,0.0,1.0,True,100,200
1000,2,True,0.1,uniform,degree_weighted,20,71,True,23.0,23.0,0.0,23.0,23.0,0.0,1.0,True,100,200
1000,2,True,0.1,uniform,eigenvector,1,2,True,0.7054671506253183,0.7055307072500503,9.699065501367198e-06,0.7055063474733029,0.7055530566099443,-6.5528606568270344,0.0,False,100,200
1000,2,True,0.1,uniform,eigenvector,2,3,True,0.0627295068540571,0.06286623358794872,0.0002796354532388795,0.06208157840435424,0.06355975900623073,-0.4889463489268162,0.58,False,100,200
1000,2,True,0.1,uniform,eigenvector,3,5,True,0.05908516560388683,0.058989695316400664,0.00022013523634659265,0.05849257967352757,0.05944530244833552,0.4336892587966268,0.68,False,100,200
1000,2,True,0.1,uniform,eigenvector,4,7,True,0.057477066497307536,0.05730932862689435,0.00021025984608775633,0.05694180410245007,0.05794593909703582,0.7977646399644858,0.48,False,100,200
1000,2,True,0.1,uniform,eigenvector,5,11,True,0.056031603596491085,0.05596442561614272,0.00016354390104562309,0.05564674497796556,0.05628643241947974,0.41076420409945225,0.66,False,100,200
1000,2,True,0.1,uniform,eigenvector,6,13,True,0.05564310394274539,0.055528620544412044,0.0001599114513236232,0.055132744486489575,0.055917944498563577,0.7159174492240442,0.44,False,100,200
1000,2,True,0.1,uniform,eigenvector,7,17,True,0.055144192661123505,0.055071467479594356,0.00014570156887789036,0.054719342575029944,0.055467754525174606,0.4991379440126977,0.56,False,100,200
1000,2,True,0.1,uniform,eigenvector,8,19,True,0.05497911484566479,0.054931553158912176,0.00014281777527343093,0.054581276767891235,0.05524588632933637,0.33302357960383905,0.8,False,100,200
1000,2,True,0.1,uniform,eigenvector,9,23,True,0.05471275606235886,0.05468981923488215,0.0001185368352803119,0.05439314752210045,0.054978403734164766,0.19349957692476646,0.82,False,100,200
1000,2,True,0.1,uniform,eigenvector,10,29,True,0.054481081775294475,0.05445328225304942,0.00010464468216513612,0.05414860549583289,0.05473014116491973,0.2656563302586754,0.74,False,100,200
1000,2,True,0.1,uniform,eigenvector,11,31,True,0.054423972069889116,0.054398389031499225,0.00010124988000511308,0.05418647534339307,0.05464464155364979,0.2526722835482404,0.76,False,100,200
1000,2,True,0.1,uniform,eigenvector,12,37,True,0.05427248102994611,0.05425790432356118,0.00010038283311493286,0.05400034745980353,0.054474498820265574,0.1452111474902225,0.84,False,100,200
1000,2,True,0.1,uniform,eigenvector,13,41,True,0.054212078519848834,0.05419402610193139,8.795474799637312e-05,0.05395119961747079,0.05442549095844533,0.20524665613519166,0.8,False,100,200
1000,2,True,0.1,uniform,eigenvector,14,43,True,0.054164578596076755,0.05418401570235667,9.051720265039878e-05,0.05392340023011549,0.054378094869471635,-0.2147338374451399,0.9,False,100,200
1000,2,True,0.1,uniform,eigenvector,15,47,True,0.05411118599818894,0.054092796325304976,8.3068282837547e-05,0.05385837103208168,0.05429670636620838,0.22138019778189202,0.78,False,100,200
1000,2,True,0.1,uniform,eigenvector,16,53,True,0.054047551943914016,0.05403938504910528,7.760614712556453e-05,0.05387617343071177,0.054232805274742765,0.10523515354426939,0.9,False,100,200
1000,2,True,0.1,uniform,eigenvector,17,59,True,0.053993776668155705,0.05398528692406646,7.819955156745988e-05,0.053752758889753824,0.054143318251058635,0.10856512497897661,0.98,False,100,200
1000,2,True,0.1,uniform,eigenvector,18,61,True,0.0539937766681557,0.05398278833651769,7.05692720377581e-05,0.05377303934640988,0.054140657061163666,0.15570986239061543,0.88,False,100,200
1000,2,True,0.1,uniform,eigenvector,19,71,True,0.053939786308738275,0.05392652091320838,7.183308740813467e-05,0.053737230177367076,0.05408039133475492,0.18466971152892067,0.82,False,100,200
1000,2,True,0.1,uniform,eigenvector,20,67,True,0.05393978630873826,0.053929133724879605,6.669880815457752e-05,0.05373229847561092,0.054090839838483444,0.15971175727678805,0.82,False,100,200
1000,2,True,0.1,uniform,eigenvector_costweight,1,2,True,0.5609628076733049,0.5662377250777123,0.001944975969071677,0.5624430960446583,0.573468799018189,-2.7120733049083547,0.0,False,100,200
1000,2,True,0.1,uniform,eigenvector_costweight,2,3,True,0.34699010476933456,0.34997087691772927,0.005456149839893712,0.3338891548640841,0.3630213345166332,-0.5463142024803284,0.58,False,100,200
1000,2,True,0.1,uniform,eigenvector_costweight,3,5,True,0.18423794336813087,0.17624569079298485,0.006394027023186039,0.16467309967436514,0.1919221654278952,1.249956020855804,0.2,False,100,200
1000,2,True,0.1,uniform,eigenvector_costweight,4,7,True,0.12238733799285781,0.11274765143745084,0.005872680654881892,0.09964268039890005,0.1274623467101778,1.6414457250273928,0.08,False,100,200
1000,2,True,0.1,uniform,eigenvector_costweight,5,11,True,0.07317085819476418,0.06704208675736574,0.0040654305059472816,0.057833868818531683,0.07537319139946438,1.5075331944384986,0.16,False,100,200
1000,2,True,0.1,uniform,eigenvector_costweight,6,13,True,0.06066148598798025,0.05446984089634631,0.00374392230746904,0.04498580782485699,0.06375906620344228,1.6537856779991835,0.06,False,100,200
1000,2,True,0.1,uniform,eigenvector_costweight,7,840,False,0.04663818937424427,0.03077150732534167,0.011230347161033667,0.0034076222775573264,0.04649015171080301,1.41283985449317,0.0,False,100,200
1000,2,True,0.1,uniform,eigenvector_costweight,8,420,False,0.04663818937424427,0.03261228765124849,0.009476235088768997,0.008542884412622737,0.04685323776124243,1.4801133141598535,0.02,False,100,200
1000,2,True,0.1,uniform,eigenvector_costweight,9,210,False,0.04663818937424427,0.030374818171337775,0.01005409501438247,0.007322489405915771,0.04676253974013393,1.6175867822654952,0.02,False,100,200
1000,2,True,0.1,uniform,eigenvector_costweight,10,630,False,0.04663818937424427,0.03118738054771828,0.01088142405986709,0.003081231433344566,0.04685323776124243,1.4199252544078045,0.04,False,100,200
1000,2,True,0.1,uniform,eigenvector_costweight,11,17,True,0.04553822363679011,0.04096544329618659,0.0037282023784215154,0.032977291641275615,0.0488811706895902,1.2265375847272582,0.28,False,100,200
1000,2,True,0.1,uniform,eigenvector_costweight,12,660,False,0.04474834192154208,0.03217145390982721,0.009793664215988134,0.002809561511345142,0.046319440000725125,1.2841861569220565,0.06,False,100,200
1000,2,True,0.1,uniform,eigenvector_costweight,13,330,False,0.04474834192154208,0.03127449795806968,0.010788206007223758,0.004563980357309396,0.04653937281606284,1.248942034889801,0.06,False,100,200
1000,2,True,0.1,uniform,eigenvector_costweight,14,990,False,0.04474834192154208,0.029543163695202868,0.010318762804547629,0.00513030619668122,0.04628271379332192,1.4735466367768508,0.06,False,100,200
1000,2,True,0.1,uniform,eigenvector_costweight,15,780,False,0.04426799864403742,0.030189651280795666,0.010645156103975806,0.002798785041825746,0.04662535095897667,1.3225120633020777,0.12,False,100,200
1000,2,True,0.1,uniform,eigenvector_costweight,16,390,False,0.04426799864403742,0.03093720500829091,0.010479988015408085,0.00306660323451113,0.046540402706530704,1.272023748132828,0.18,False,100,200
1000,2,True,0.1,uniform,eigenvector_costweight,17,510,False,0.04368728545666969,0.03230277279820056,0.010174394806543538,0.0012733267804947207,0.04676253974013393,1.1189375756430584,0.16,False,100,200
1000,2,True,0.1,uniform,eigenvector_costweight,18,570,False,0.04350019435767203,0.03232620086208558,0.009046336470936379,0.00786215622584996,0.04646491632671977,1.235195433144201,0.08,False,100,200
1000,2,True,0.1,uniform,eigenvector_costweight,19,690,False,0.04320547537913062,0.030504206862248223,0.011534852076242686,0.0012152858013309538,0.04661578745286477,1.1011210575506276,0.12,False,100,200
1000,2,True,0.1,uniform,eigenvector_costweight,20,870,False,0.04294678506641109,0.030826658794061275,0.011136391045197586,0.002188403405301932,0.04635717827078696,1.0883351907417491,0.18,False,100,200
1000,2,True,0.1,uniform,pagerank,1,2,True,0.24043889672190416,0.2409147897597913,0.00029968704060439336,0.23985884578772532,0.24158943960176948,-1.5879666899423273,0.16,False,100,200
1000,2,True,0.1,uniform,pagerank,2,3,True,0.052140913876638426,0.053210449862907454,0.00031110874518937824,0.052551666473446015,0.05408991495591733,-3.437820385338188,0.0,False,100,200
1000,2,True,0.1,uniform,pagerank,3,5,True,0.03170168068639813,0.03221409096399873,0.00023434655790120497,0.03169267999018842,0.03280352556893032,-2.1865491953016285,0.02,False,100,200
1000,2,True,0.1,uniform,pagerank,4,7,True,0.02282553899076564,0.02311351394868074,0.00021082364077208758,0.022510146484091796,0.02371696018190752,-1.3659519248432965,0.16,False,100,200
1000,2,True,0.1,uniform,pagerank,5,11,True,0.014869362337292457,0.014881600990575146,0.00018062063733314596,0.014381045662742276,0.015319323655769488,-0.06775888660005397,0.88,False,100,200
1000,2,True,0.1,uniform,pagerank,6,13,True,0.012724442107865998,0.012730854651825343,0.00016211148172598616,0.012355072937215487,0.013215870190691844,-0.039556383613764186,0.96,False,100,200
1000,2,True,0.1,uniform,pagerank,7,17,True,0.009967715706636598,0.00987404817247562,0.0001526889294920738,0.00952435110871135,0.01026302006433582,0.6134533425086466,0.56,False,100,200
1000,2,True,0.1,uniform,pagerank,8,19,True,0.00904606151762048,0.008929751920688518,0.00014501675445681412,0.00861716473001834,0.009331198251970698,0.80204247686843,0.46,False,100,200
1000,2,True,0.1,uniform,pagerank,9,23,True,0.007671861416969,0.007539772381039479,0.00011668718909287775,0.007271097036252583,0.007818760691814928,1.1319926116686694,0.2,False,100,200
1000,2,True,0.1,uniform,pagerank,10,29,True,0.006297813538762161,0.006152309528496495,0.00010977443484620274,0.005935058137894103,0.0064350103562539635,1.3254817523726716,0.18,False,100,200
1000,2,True,0.1,uniform,pagerank,11,31,True,0.006007355774950284,0.005819690366452285,0.00010386074558089592,0.0056019736028408516,0.006076412807352921,1.8068944859617806,0.1,False,100,200
1000,2,True,0.1,uniform,pagerank,12,37,True,0.005143881845630549,0.005066952300790037,9.926211717306244e-05,0.0048309555197758045,0.00538888686802267,0.7750141446850795,0.36,False,100,200
1000,2,True,0.1,uniform,pagerank,13,41,True,0.004649270779838129,0.004595493447402071,9.954768308724322e-05,0.004342695562168049,0.004972118021497255,0.540216816386648,0.54,False,100,200
1000,2,True,0.1,uniform,pagerank,14,43,True,0.004509665036331078,0.004411382671429261,8.529422739163956e-05,0.004233217801841988,0.004628636670544447,1.152274519710938,0.24,False,100,200
1000,2,True,0.1,uniform,pagerank,15,47,True,0.004195581445086004,0.004134061670832323,8.65195974300848e-05,0.003952009552862542,0.0045189041824245215,0.7110501676038434,0.32,False,100,200
1000,2,True,0.1,uniform,pagerank,16,53,True,0.0037295781256123325,0.003651617165041522,6.391839798536724e-05,0.0035345457257667363,0.0037869294254798407,1.219695158640523,0.18,False,100,200
1000,2,True,0.1,uniform,pagerank,17,61,True,0.0034156575116492498,0.003342032709136617,6.597758475299035e-05,0.003192108850966276,0.0035540713959992592,1.1159063004242136,0.22,False,100,200
1000,2,True,0.1,uniform,pagerank,18,59,True,0.0034156575116492498,0.003341831090664449,5.8389529345102324e-05,0.0032330182312118433,0.0034763608419718568,1.2643777371189384,0.22,False,100,200
1000,2,True,0.1,uniform,pagerank,19,71,True,0.003107338122564511,0.003039942214130184,6.175672512409496e-05,0.0029104868849675982,0.0031874722470056987,1.0913128618607943,0.34,False,100,200
1000,2,True,0.1,uniform,pagerank,20,67,True,0.003107338122564511,0.003030725611325294,5.5982846008254744e-05,0.0029046775340241244,0.0031572180656436978,1.3684997584424328,0.22,False,100,200
1000,2,True,0.1,uniform,betweenness,1,2,True,0.8281600701402805,0.8262957206078825,0.0076821315227370195,0.8014787909151636,0.846001169004676,0.24268648966502923,0.84,False,100,200
1000,2,True,0.1,uniform,betweenness,2,3,True,0.17799807949231802,0.17881059201736804,0.01397107175735043,0.14910362391449555,0.21303314963259842,-0.05815677846064412,0.98,False,100,200
1000,2,True,0.1,uniform,betweenness,3,5,True,0.10919296927187709,0.0933069722778891,0.011246300245372801,0.06417167668670677,0.12265238810955251,1.4125531639193225,0.18,False,100,200
1000,2,True,0.1,uniform,betweenness,4,7,True,0.07989771209084828,0.06302551352705411,0.009059748644345599,0.04373496993987976,0.09563877755511033,1.8623252394893466,0.06,False,100,200
1000,2,True,0.1,uniform,betweenness,5,11,True,0.036942217768871,0.03612765113560454,0.006468730592934216,0.024046843687374742,0.05401052104208416,0.1259237220601219,0.84,False,100,200
1000,2,True,0.1,uniform,betweenness,6,17,True,0.026808617234468916,0.023187646125584507,0.005082392373603594,0.012816883767535084,0.03953448563794252,0.7124540654693731,0.4,False,100,200
1000,2,True,0.1,uniform,betweenness,7,13,True,0.026697561790247203,0.031839566633266536,0.006892434603595677,0.017444054776219124,0.050623747494989976,-0.7460360727016297,0.48,False,100,200
1000,2,True,0.1,uniform,betweenness,8,29,True,0.017511690046760182,0.012832072478289911,0.004081168570399525,0.004597528390113561,0.021900467601870414,1.1466366771544965,0.3,False,100,200
1000,2,True,0.1,uniform,betweenness,9,19,True,0.017101703406813624,0.01963066967267869,0.00442876786819924,0.01070349031396126,0.0316641616566466,-0.5710315693049297,0.56,False,100,200
1000,2,True,0.1,uniform,betweenness,10,23,True,0.01480210420841683,0.016337387274549097,0.004274560284117549,0.007057030728122915,0.03055110220440881,-0.3591674848607757,0.76,False,100,200
1000,2,True,0.1,uniform,betweenness,11,31,True,0.011917167668670684,0.012477772211088842,0.0043994810801231115,0.004673096192384775,0.026427020708082834,-0.12742515133227353,0.96,False,100,200
1000,2,True,0.1,uniform,betweenness,12,43,True,0.010772378089512365,0.00809548680694723,0.0028580025116930895,0.0022937541750166985,0.01580536072144289,0.9366301364722512,0.34,False,100,200
1000,2,True,0.1,uniform,betweenness,13,37,True,0.009787909151636614,0.01063539579158317,0.00354629185270662,0.003623079492317964,0.021071309285237164,-0.23897825535699602,0.92,False,100,200
1000,2,True,0.1,uniform,betweenness,14,53,True,0.008543754175016677,0.00624425100200401,0.0025445060907288244,0.0014888109552438204,0.014054776219104887,0.9037129765148327,0.34,False,100,200
1000,2,True,0.1,uniform,betweenness,15,47,True,0.008325818303273221,0.008686042919171681,0.00373772188408871,0.0027505010020040075,0.020120657982631927,-0.0963754466141299,0.96,False,100,200
1000,2,True,0.1,uniform,betweenness,16,61,True,0.007062458249832998,0.005879212591850369,0.002648847298160824,0.0012683700734802913,0.01325400801603207,0.44670210276152583,0.6,False,100,200
1000,2,True,0.1,uniform,betweenness,17,59,True,0.006494655978623897,0.005819768704074817,0.0029643496341493743,0.0009026386105544429,0.015322728790915162,0.22766790623291105,0.76,False,100,200
1000,2,True,0.1,uniform,betweenness,18,41,True,0.00615313961255845,0.009164512358049434,0.0035921505392755527,0.0024983299933199685,0.018894038076152305,-0.8383203077280551,0.48,False,100,200
1000,2,True,0.1,uniform,betweenness,19,71,True,0.006124749498997997,0.0052526845357381445,0.002805447461380556,0.0009527388109552439,0.012970941883767536,0.31084701291490646,0.62,False,100,200
1000,2,True,0.1,uniform,betweenness,20,73,True,0.006119739478957917,0.004466670841683367,0.0021492688352161577,0.0007331329325317302,0.011434535738142952,0.7691306970020334,0.44,False,100,200
1000,2,False,0.1,uniform,degree,1,2,True,499.0,499.0,0.0,499.0,499.0,0.0,1.0,True,100,200
1000,2,False,0.1,uniform,degree,2,3,True,332.0,332.0,0.0,332.0,332.0,0.0,1.0,True,100,200
1000,2,False,0.1,uniform,degree,3,5,True,199.0,199.0,0.0,199.0,199.0,0.0,1.0,True,100,200
1000,2,False,0.1,uniform,degree,4,7,True,141.0,141.0,0.0,141.0,141.0,0.0,1.0,True,100,200
1000,2,False,0.1,uniform,degree,5,11,True,89.0,89.0,0.0,89.0,89.0,0.0,1.0,True,100,200
1000,2,False,0.1,uniform,degree,6,13,True,75.0,75.0,0.0,75.0,75.0,0.0,1.0,True,100,200
1000,2,False,0.1,uniform,degree,7,17,True,57.0,57.0,0.0,57.0,57.0,0.0,1.0,True,100,200
1000,2,False,0.1,uniform,degree,8,19,True,51.0,51.0,0.0,51.0,51.0,0.0,1.0,True,100,200
1000,2,False,0.1,uniform,degree,9,23,True,42.0,42.0,0.0,42.0,42.0,0.0,1.0,True,100,200
1000,2,False,0.1,uniform,degree,10,29,True,33.0,33.0,0.0,33.0,33.0,0.0,1.0,True,100,200
1000,2,False,0.1,uniform,degree,11,31,True,31.0,31.0,0.0,31.0,31.0,0.0,1.0,True,100,200
1000,2,False,0.1,uniform,degree,12,37,True,26.0,26.0,0.0,26.0,26.0,0.0,1.0,True,100,200
1000,2,False,0.1,uniform,degree,13,41,True,23.0,23.0,0.0,23.0,23.0,0.0,1.0,True,100,200
1000,2,False,0.1,uniform,degree,14,43,True,22.0,22.0,0.0,22.0,22.0,0.0,1.0,True,100,200
1000,2,False,0.1,uniform,degree,15,47,True,20.0,20.0,0.0,20.0,20.0,0.0,1.0,True,100,200
1000,2,False,0.1,uniform,degree,16,53,True,17.0,17.0,0.0,17.0,17.0,0.0,1.0,True,100,200
1000,2,False,0.1,uniform,degree,17,59,True,15.0,15.0,0.0,15.0,15.0,0.0,1.0,True,100,200
1000,2,False,0.1,uniform,degree,18,61,True,15.0,15.0,0.0,15.0,15.0,0.0,1.0,True,100,200
1000,2,False,0.1,uniform,degree,19,71,True,13.0,13.0,0.0,13.0,13.0,0.0,1.0,True,100,200
1000,2,False,0.1,uniform,degree,20,67,True,13.0,13.0,0.0,13.0,13.0,0.0,1.0,True,100,200
1000,2,False,0.1,uniform,degree_weighted,1,2,True,499.0,499.0,0.0,499.0,499.0,0.0,1.0,True,100,200
1000,2,False,0.1,uniform,degree_weighted,2,3,True,332.0,332.0,0.0,332.0,332.0,0.0,1.0,True,100,200
1000,2,False,0.1,uniform,degree_weighted,3,5,True,199.0,199.0,0.0,199.0,199.0,0.0,1.0,True,100,200
1000,2,False,0.1,uniform,degree_weighted,4,7,True,141.0,141.0,0.0,141.0,141.0,0.0,1.0,True,100,200
1000,2,False,0.1,uniform,degree_weighted,5,11,True,89.0,89.0,0.0,89.0,89.0,0.0,1.0,True,100,200
1000,2,False,0.1,uniform,degree_weighted,6,13,True,75.0,75.0,0.0,75.0,75.0,0.0,1.0,True,100,200
1000,2,False,0.1,uniform,degree_weighted,7,17,True,57.0,57.0,0.0,57.0,57.0,0.0,1.0,True,100,200
1000,2,False,0.1,uniform,degree_weighted,8,19,True,51.0,51.0,0.0,51.0,51.0,0.0,1.0,True,100,200
1000,2,False,0.1,uniform,degree_weighted,9,23,True,42.0,42.0,0.0,42.0,42.0,0.0,1.0,True,100,200
1000,2,False,0.1,uniform,degree_weighted,10,29,True,33.0,33.0,0.0,33.0,33.0,0.0,1.0,True,100,200
1000,2,False,0.1,uniform,degree_weighted,11,31,True,31.0,31.0,0.0,31.0,31.0,0.0,1.0,True,100,200
1000,2,False,0.1,uniform,degree_weighted,12,37,True,26.0,26.0,0.0,26.0,26.0,0.0,1.0,True,100,200
1000,2,False,0.1,uniform,degree_weighted,13,41,True,23.0,23.0,0.0,23.0,23.0,0.0,1.0,True,100,200
1000,2,False,0.1,uniform,degree_weighted,14,43,True,22.0,22.0,0.0,22.0,22.0,0.0,1.0,True,100,200
1000,2,False,0.1,uniform,degree_weighted,15,47,True,20.0,20.0,0.0,20.0,20.0,0.0,1.0,True,100,200
1000,2,False,0.1,uniform,degree_weighted,16,53,True,17.0,17.0,0.0,17.0,17.0,0.0,1.0,True,100,200
1000,2,False,0.1,uniform,degree_weighted,17,59,True,15.0,15.0,0.0,15.0,15.0,0.0,1.0,True,100,200
1000,2,False,0.1,uniform,degree_weighted,18,61,True,15.0,15.0,0.0,15.0,15.0,0.0,1.0,True,100,200
1000,2,False,0.1,uniform,degree_weighted,19,71,True,13.0,13.0,0.0,13.0,13.0,0.0,1.0,True,100,200
1000,2,False,0.1,uniform,degree_weighted,20,67,True,13.0,13.0,0.0,13.0,13.0,0.0,1.0,True,100,200
1000,2,False,0.1,uniform,eigenvector,1,2,True,0.5598980431323878,0.565375292169297,0.0019859831064505595,0.561506710380876,0.5727804089372891,-2.7579534886870856,0.0,False,100,200
1000,2,False,0.1,uniform,eigenvector,2,3,True,0.3488184602636226,0.3516569369143683,0.005496439504840707,0.33545097982427197,0.36484430401510287,-0.5164209754780312,0.6,False,100,200
1000,2,False,0.1,uniform,eigenvector,3,5,True,0.1837519522993589,0.17547079087250894,0.006518273081098514,0.16364511602262027,0.1914223211634475,1.270453281692571,0.18,False,100,200
1000,2,False,0.1,uniform,eigenvector,4,7,True,0.12120226176056882,0.11128242140438387,0.005976549378256902,0.09794284510270675,0.12623217526312008,1.6597939259523236,0.08,False,100,200
1000,2,False,0.1,uniform,eigenvector,5,11,True,0.07153182899649446,0.06520266364694247,0.004125022514754136,0.05588256234249044,0.0736780844392727,1.5343347404563794,0.14,False,100,200
1000,2,False,0.1,uniform,eigenvector,6,13,True,0.05891696167720879,0.052540618127748635,0.0037964955423589195,0.04293070155496536,0.0619512927319452,1.6795340540550927,0.06,False,100,200
1000,2,False,0.1,uniform,eigenvector,7,420,False,0.04688809234364967,0.0326469289367666,0.009581663738977626,0.008302576327914318,0.047080928159423184,1.4862933823226212,0.02,False,100,200
1000,2,False,0.1,uniform,eigenvector,8,210,False,0.04688809234364967,0.030383481457530764,0.010160914823540082,0.007085597811269314,0.04699406769448752,1.6243233185935382,0.02,False,100,200
1000,2,False,0.1,uniform,eigenvector,9,630,False,0.04688809234364967,0.03120366440771535,0.01100226534910126,0.0027736665537106482,0.047080928159423184,1.425563503357564,0.04,False,100,200
1000,2,False,0.1,uniform,eigenvector,10,840,False,0.04688809234364967,0.030784040971872054,0.011353753056243365,0.0031016347637108413,0.04670789674929243,1.418390138661866,0.0,False,100,200
1000,2,False,0.1,uniform,eigenvector,11,660,False,0.04496916012863934,0.03219450209826115,0.009905626190570303,0.002495496134295126,0.046531347724900265,1.289636594861521,0.06,False,100,200
1000,2,False,0.1,uniform,eigenvector,12,330,False,0.04496916012863934,0.03128951453407291,0.010912828563580047,0.004273103626789064,0.04675890764577636,1.2535380277318966,0.06,False,100,200
1000,2,False,0.1,uniform,eigenvector,13,990,False,0.04496916012863934,0.029538624750826626,0.010431451222478195,0.0048375073995433225,0.04649133713402,1.4792318967625764,0.06,False,100,200
1000,2,False,0.1,uniform,eigenvector,14,390,False,0.04448180630570193,0.0309474314390944,0.01059870011182045,0.00276381739059641,0.046764955947637236,1.2769844154296799,0.14,False,100,200
1000,2,False,0.1,uniform,eigenvector,15,780,False,0.04448180630570193,0.03019260262135167,0.010762360889628989,0.0024874173466568517,0.04685545334861419,1.3277015917687587,0.12,False,100,200
1000,2,False,0.1,uniform,eigenvector,16,510,False,0.043893167070748446,0.03233117807209314,0.010287526571470149,0.0009474079167420352,0.04699406769448752,1.1238842415940442,0.16,False,100,200
1000,2,False,0.1,uniform,eigenvector,17,570,False,0.043703568845683285,0.03236016297561803,0.009142610221870838,0.007628749364702793,0.04668812868375861,1.240718525102349,0.08,False,100,200
1000,2,False,0.1,uniform,eigenvector,18,17,True,0.043680380977541906,0.03895548547702742,0.003783329809992014,0.03087660720528579,0.04696760766932718,1.2488722204539844,0.24,False,100,200
1000,2,False,0.1,uniform,eigenvector,19,690,False,0.04340479848991551,0.03051570620886149,0.011663934056186083,0.0008900521917983016,0.04683975119508582,1.1050381645649119,0.12,False,100,200
1000,2,False,0.1,uniform,eigenvector,20,870,False,0.04314296001787767,0.03083618956737101,0.011264395513177356,0.001861591471288974,0.04657316983304984,1.0925371393529202,0.18,False,100,200
1000,2,False,0.1,uniform,eigenvector_costweight,1,2,True,0.5598980431334043,0.5653752921694045,0.001985983106420743,0.5615067103810166,0.5727804089381305,-2.7579534882709265,0.0,False,100,200
1000,2,False,0.1,uniform,eigenvector_costweight,2,3,True,0.3488184602643977,0.35165693691429006,0.005496439504946759,0.33545097982316513,0.3648443040151028,-0.5164209753127573,0.6,False,100,200
1000,2,False,0.1,uniform,eigenvector_costweight,3,5,True,0.18375195230009345,0.17547079087263562,0.00651827308091571,0.16364511602228876,0.19142232116394486,1.2704532818214578,0.18,False,100,200
1000,2,False,0.1,uniform,eigenvector_costweight,4,7,True,0.12120226176152127,0.1112824214043675,0.005976549378244173,0.0979428451042045,0.12623217525975827,1.6597939261179622,0.08,False,100,200
1000,2,False,0.1,uniform,eigenvector_costweight,5,11,True,0.07153182898620002,0.06520266364645097,0.004125022517079747,0.05588256235126777,0.07367808444580191,1.5343347372148872,0.14,False,100,200
1000,2,False,0.1,uniform,eigenvector_costweight,6,13,True,0.058916961676791765,0.0525406181270123,0.0037964955409432485,0.0429307015667493,0.06195129272582455,1.6795340547654742,0.06,False,100,200
1000,2,False,0.1,uniform,eigenvector_costweight,7,840,False,0.046888092343936844,0.030784040971778982,0.011353753056439327,0.0031016347586833638,0.046707896749242514,1.4183901386708768,0.0,False,100,200
1000,2,False,0.1,uniform,eigenvector_costweight,8,210,False,0.046888092343936844,0.03038348145745424,0.010160914823688093,0.007085597809565264,0.0469940676944783,1.6243233186056711,0.02,False,100,200
1000,2,False,0.1,uniform,eigenvector_costweight,9,630,False,0.046888092343936844,0.031203664407653084,0.0110022653491239,0.0027736665547931196,0.047080928159756626,1.4255635033863907,0.04,False,100,200
1000,2,False,0.1,uniform,eigenvector_costweight,10,420,False,0.046888092343936844,0.03264692893703935,0.009581663738774806,0.008302576327569094,0.047080928159756626,1.4862933823555882,0.02,False,100,200
1000,2,False,0.1,uniform,eigenvector_costweight,11,660,False,0.0449691601276467,0.03219450209823584,0.009905626190674794,0.0024954961357009247,0.04653134772505335,1.2896365947502657,0.06,False,100,200
1000,2,False,0.1,uniform,eigenvector_costweight,12,990,False,0.0449691601276467,0.029538624750937995,0.010431451222192347,0.00483750740169629,0.04649133713445361,1.479231896697277,0.06,False,100,200
1000,2,False,0.1,uniform,eigenvector_costweight,13,330,False,0.0449691601276467,0.031289514533697126,0.010912828563504349,0.004273103627768507,0.04675890764546491,1.253538027684065,0.06,False,100,200
1000,2,False,0.1,uniform,eigenvector_costweight,14,780,False,0.0444818063066148,0.030192602621311432,0.010762360889536747,0.0024874173466021823,0.046855453348327386,1.3277015918686992,0.12,False,100,200
1000,2,False,0.1,uniform,eigenvector_costweight,15,390,False,0.0444818063066148,0.03094743143914965,0.010598700111788453,0.0027638173911064376,0.04676495594823395,1.2769844155144532,0.14,False,100,200
1000,2,False,0.1,uniform,eigenvector_costweight,16,510,False,0.04389316707078973,0.03233117807229426,0.010287526571461366,0.0009474079187430011,0.0469940676944783,1.1238842415794679,0.16,False,100,200
1000,2,False,0.1,uniform,eigenvector_costweight,17,570,False,0.0437035688451943,0.03236016297549731,0.00914261022210793,0.007628749363383708,0.046688128684001726,1.2407185250298958,0.08,False,100,200
1000,2,False,0.1,uniform,eigenvector_costweight,18,17,True,0.04368038097733371,0.038955485477861825,0.003783329810325072,0.03087660720550941,0.04696760767001063,1.2488722200684732,0.24,False,100,200
1000,2,False,0.1,uniform,eigenvector_costweight,19,690,False,0.043404798490292634,0.030515706208797237,0.01166393405601591,0.0008900521971739261,0.04683975119480473,1.1050381646188745,0.12,False,100,200
1000,2,False,0.1,uniform,eigenvector_costweight,20,870,False,0.04314296001751414,0.03083618956736819,0.011264395513098848,0.0018615914765914802,0.04657316983276475,1.0925371393285128,0.18,False,100,200
1000,2,False,0.1,uniform,pagerank,1,2,True,0.11590594574842034,0.11417887402950284,0.00036757634258930295,0.11298436634541623,0.11511593792405546,4.69853883074079,0.0,False,100,200
1000,2,False,0.1,uniform,pagerank,2,3,True,0.07423165978194786,0.07523321701553966,0.0003485987285736882,0.07443904663516894,0.07614829874649925,-2.8730949125652296,0.0,False,100,200
1000,2,False,0.1,uniform,pagerank,3,5,True,0.043724566719517556,0.0447871557854016,0.00028836253392958063,0.04414266851198124,0.045505260941272614,-3.6849068129756857,0.0,False,100,200
1000,2,False,0.1,uniform,pagerank,4,7,True,0.030815599344808493,0.03172430932569183,0.00024111506071147857,0.03117032077162229,0.03238131938542869,-3.768781502913669,0.0,False,100,200
1000,2,False,0.1,uniform,pagerank,5,11,True,0.019485974383684084,0.0200361840618907,0.00022946371716210345,0.019496329120047194,0.0206977947175845,-2.397806873397429,0.0,False,100,200
1000,2,False,0.1,uniform,pagerank,6,13,True,0.016468782289209782,0.016929948615071685,0.00019408537105597046,0.016377205958278983,0.017505258201555747,-2.3761003900129825,0.02,False,100,200
1000,2,False,0.1,uniform,pagerank,7,17,True,0.012593387737348374,0.012891227736132976,0.0001964612854534142,0.012527166985313254,0.013389686746724964,-1.5160238725772917,0.08,False,100,200
1000,2,False,0.1,uniform,pagerank,8,19,True,0.011316776312665349,0.011568726389405726,0.0001855283058271186,0.011072503961684986,0.01202478553467046,-1.3580142157668678,0.12,False,100,200
1000,2,False,0.1,uniform,pagerank,9,23,True,0.009409107288860614,0.009567121745514323,0.0001609713825962171,0.009254636378551196,0.010107975660245185,-0.9816307352597783,0.34,False,100,200
1000,2,False,0.1,uniform,pagerank,10,29,True,0.00751932096534958,0.007570905163075105,0.00015350852980274107,0.007227352960341088,0.008075007822029403,-0.33603473234880116,0.74,False,100,200
1000,2,False,0.1,uniform,pagerank,11,31,True,0.007120801401663812,0.007130612184787454,0.00013521760048420978,0.006837767220686097,0.0075510408115611214,-0.07255551857529356,0.96,False,100,200
1000,2,False,0.1,uniform,pagerank,12,37,True,0.005930927325618206,0.006026202054386864,0.00013187477211001894,0.005735407029002158,0.00639234141304589,-0.7224636467176331,0.5,False,100,200
1000,2,False,0.1,uniform,pagerank,13,41,True,0.005267150184106435,0.005355172885622654,0.00013130932229929112,0.005153869527978741,0.005695205844614726,-0.6703461717332657,0.56,False,100,200
1000,2,False,0.1,uniform,pagerank,14,43,True,0.005065343444116029,0.005099870006428336,0.00011338617703216572,0.004877311870979266,0.005365451639710049,-0.3045041575263102,0.82,False,100,200
1000,2,False,0.1,uniform,pagerank,15,47,True,0.004632343281413749,0.004694357690765992,0.00012333940746863116,0.004468636520416767,0.005293315567924432,-0.5027947727737588,0.66,False,100,200
1000,2,False,0.1,uniform,pagerank,16,53,True,0.004004111239201117,0.003999224861922463,9.267294508813557e-05,0.0038131185051720425,0.004273266142568716,0.05272711765019138,1.0,False,100,200
1000,2,False,0.1,uniform,pagerank,17,61,True,0.0035717450672989905,0.0035545689729464345,9.084004536341661e-05,0.0033454144582061806,0.003785551286229571,0.18908064481740655,0.76,False,100,200
1000,2,False,0.1,uniform,pagerank,18,59,True,0.0035717450672989905,0.003553035189097725,9.636002262760818e-05,0.003346434924836899,0.003960364622787121,0.1941663948499935,0.78,False,100,200
1000,2,False,0.1,uniform,pagerank,19,71,True,0.0031381450571462545,0.003117491423228569,8.942106029082906e-05,0.002941531535122642,0.0033484529228956362,0.23097057729478607,0.84,False,100,200
1000,2,False,0.1,uniform,pagerank,20,67,True,0.0031381450571462545,0.003112926338342008,9.017756849644432e-05,0.0028944415670090007,0.00331564294347496,0.2796562296447384,0.76,False,100,200
1000,2,False,0.1,uniform,betweenness,1,2,True,0.535521617014218,0.5164337482529343,0.013743375874683692,0.4807621094326527,0.551214609708783,1.388877735378315,0.14,False,100,200
1000,2,False,0.1,uniform,betweenness,2,3,True,0.2663069649774858,0.271684347367138,0.01701816930924149,0.22485873718889443,0.3252949856917567,-0.31597889831381665,0.94,False,100,200
1000,2,False,0.1,uniform,betweenness,3,5,True,0.15089328110794314,0.1311903519205926,0.014289357240417229,0.09847767896179033,0.16060832694323876,1.3788534260744165,0.16,False,100,200
1000,2,False,0.1,uniform,betweenness,4,7,True,0.09814147657391882,0.0816366715916972,0.011572756218926214,0.055564058057368144,0.11523997391730174,1.4261775388674882,0.14,False,100,200
1000,2,False,0.1,uniform,betweenness,5,11,True,0.04006707879720107,0.04088789549877458,0.00827381434261125,0.026903664527582957,0.0635087722428851,-0.09920656514447128,0.96,False,100,200
1000,2,False,0.1,uniform,betweenness,6,13,True,0.02706493521336471,0.032927678531810195,0.007401364151278095,0.020311785333656185,0.05308762634467134,-0.7921165880526333,0.44,False,100,200
1000,2,False,0.1,uniform,betweenness,7,17,True,0.024742162759585535,0.021766478374961484,0.006165069545402181,0.011434252562769311,0.03668906793615932,0.48266842129027754,0.56,False,100,200
1000,2,False,0.1,uniform,betweenness,8,19,True,0.014541027920936313,0.019029069518650656,0.005495703788499597,0.009509181144805486,0.037531153420603605,-0.8166454689763467,0.48,False,100,200
1000,2,False,0.1,uniform,betweenness,9,29,True,0.011655096021029777,0.009599862571958792,0.004417437085729223,0.0027402977167305504,0.025755518657296826,0.46525471878491076,0.5,False,100,200
1000,2,False,0.1,uniform,betweenness,10,23,True,0.009924019737102541,0.013412929645398825,0.004695842726160581,0.005764008302961161,0.028517457414664202,-0.7429784410920609,0.48,False,100,200
1000,2,False,0.1,uniform,betweenness,11,998,False,0.005551102204408822,0.000362848928803538,0.0005609369373155756,8.007863723684956e-06,0.005551102204408815,9.249263028450631,0.0,False,100,200
1000,2,False,0.1,uniform,betweenness,12,982,False,0.005551102204408822,0.0003720257187481224,0.00020039916152669252,1.3515939721577041e-05,0.0009268537074148296,25.843803168661772,0.0,False,100,200
1000,2,False,0.1,uniform,betweenness,13,794,False,0.005551102204408822,0.00033613554404261005,0.00017588668543764446,2.2036511026690324e-06,0.0009268537074148296,29.6495817599282,0.0,False,100,200
1000,2,False,0.1,uniform,betweenness,14,922,False,0.005551102204408822,0.00034463073739353546,0.0001982110462152393,1.7789232519390896e-05,0.001020837539191882,26.26731237451585,0.0,False,100,200
1000,2,False,0.1,uniform,betweenness,15,734,False,0.005551102204408822,0.00048570190162771254,0.000746307705398959,1.1361469555118609e-05,0.005551102204408819,6.787281259642445,0.0,False,100,200
1000,2,False,0.1,uniform,betweenness,16,802,False,0.005551102204408822,0.00046542912897961795,0.0008669859160368792,1.89348625789092e-05,0.006189790327320219,5.865923518892403,0.02,False,100,200
1000,2,False,0.1,uniform,betweenness,17,766,False,0.005551102204408822,0.00045750225784906907,0.0008053509939547881,1.25798222857322e-05,0.005551102204408809,6.324695672810836,0.0,False,100,200
1000,2,False,0.1,uniform,betweenness,18,31,True,0.004662955406228077,0.009734240242342195,0.004276497953892206,0.00307974086735859,0.022477778458819746,-1.185849938615906,0.2,False,100,200
1000,2,False,0.1,uniform,betweenness,19,37,True,0.004367431644363736,0.007275377251988288,0.003955771059222185,0.002351007035956086,0.02586668987511777,-0.7351147384642464,0.52,False,100,200
1000,2,False,0.1,uniform,betweenness,20,43,True,0.004187962779942846,0.004997499010952031,0.002752216652514028,0.0009849766859988615,0.014946953554597296,-0.2941397183501923,0.96,False,100,200
1000,2,True,0.1,log,degree,1,2,True,666.0,666.0,0.0,666.0,666.0,0.0,1.0,True,100,200
1000,2,True,0.1,log,degree,2,3,True,333.0,333.0,0.0,333.0,333.0,0.0,1.0,True,100,200
1000,2,True,0.1,log,degree,3,5,True,200.0,200.0,0.0,200.0,200.0,0.0,1.0,True,100,200
1000,2,True,0.1,log,degree,4,7,True,142.0,142.0,0.0,142.0,142.0,0.0,1.0,True,100,200
1000,2,True,0.1,log,degree,5,11,True,90.0,90.0,0.0,90.0,90.0,0.0,1.0,True,100,200
1000,2,True,0.1,log,degree,6,13,True,76.0,76.0,0.0,76.0,76.0,0.0,1.0,True,100,200
1000,2,True,0.1,log,degree,7,17,True,58.0,58.0,0.0,58.0,58.0,0.0,1.0,True,100,200
1000,2,True,0.1,log,degree,8,19,True,52.0,52.0,0.0,52.0,52.0,0.0,1.0,True,100,200
1000,2,True,0.1,log,degree,9,23,True,43.0,43.0,0.0,43.0,43.0,0.0,1.0,True,100,200
1000,2,True,0.1,log,degree,10,29,True,34.0,34.0,0.0,34.0,34.0,0.0,1.0,True,100,200
1000,2,True,0.1,log,degree,11,31,True,32.0,32.0,0.0,32.0,32.0,0.0,1.0,True,100,200
1000,2,True,0.1,log,degree,12,37,True,27.0,27.0,0.0,27.0,27.0,0.0,1.0,True,100,200
1000,2,True,0.1,log,degree,13,41,True,24.0,24.0,0.0,24.0,24.0,0.0,1.0,True,100,200
1000,2,True,0.1,log,degree,14,43,True,23.0,23.0,0.0,23.0,23.0,0.0,1.0,True,100,200
1000,2,True,0.1,log,degree,15,47,True,21.0,21.0,0.0,21.0,21.0,0.0,1.0,True,100,200
1000,2,True,0.1,log,degree,16,53,True,18.0,18.0,0.0,18.0,18.0,0.0,1.0,True,100,200
1000,2,True,0.1,log,degree,17,61,True,16.0,16.0,0.0,16.0,16.0,0.0,1.0,True,100,200
1000,2,True,0.1,log,degree,18,59,True,16.0,16.0,0.0,16.0,16.0,0.0,1.0,True,100,200
1000,2,True,0.1,log,degree,19,67,True,14.0,14.0,0.0,14.0,14.0,0.0,1.0,True,100,200
1000,2,True,0.1,log,degree,20,71,True,14.0,14.0,0.0,14.0,14.0,0.0,1.0,True,100,200
1000,2,True,0.1,log,degree_weighted,1,2,True,2015.8804430994135,2015.880443099414,4.570382840298462e-13,2015.8804430994135,2015.8804430994135,-0.9949874371066201,1.0,True,100,200
1000,2,True,0.1,log,degree_weighted,2,3,True,374.73927983781175,374.73927983781186,1.1425957100746156e-13,374.73927983781175,374.73927983781175,-0.99498743710662,1.0,True,100,200
1000,2,True,0.1,log,degree_weighted,3,5,True,330.2781445743848,330.27814457438484,5.712978550373078e-14,330.2781445743848,330.2781445743848,-0.99498743710662,1.0,True,100,200
1000,2,True,0.1,log,degree_weighted,4,7,True,284.37333101679945,284.37333101679945,0.0,284.37333101679945,284.37333101679945,0.9949874371066199,1.0,True,100,200
1000,2,True,0.1,log,degree_weighted,5,11,True,223.4126792790547,223.41267927905471,2.856489275186539e-14,223.4126792790547,223.4126792790547,-0.99498743710662,1.0,True,100,200
1000,2,True,0.1,log,degree_weighted,6,13,True,202.37120180961523,202.37120180961526,2.856489275186539e-14,202.37120180961523,202.37120180961523,-0.99498743710662,1.0,True,100,200
1000,2,True,0.1,log,degree_weighted,7,17,True,171.49316061120442,171.49316061120444,2.856489275186539e-14,171.49316061120442,171.49316061120442,0.99498743710662,1.0,True,100,200
1000,2,True,0.1,log,degree_weighted,8,19,True,160.16638793748842,160.16638793748845,2.856489275186539e-14,160.16638793748842,160.16638793748842,0.99498743710662,1.0,True,100,200
1000,2,True,0.1,log,degree_weighted,9,23,True,141.69075706902444,141.6907570690244,5.712978550373078e-14,141.69075706902444,141.69075706902444,0.99498743710662,1.0,True,100,200
1000,2,True,0.1,log,degree_weighted,10,29,True,121.12076238955365,121.12076238955363,1.4282446375932695e-14,121.12076238955365,121.12076238955365,0.99498743710662,1.0,True,100,200
1000,2,True,0.1,log,degree_weighted,11,31,True,116.45360333903959,116.45360333903956,2.856489275186539e-14,116.45360333903959,116.45360333903959,0.99498743710662,1.0,True,100,200
1000,2,True,0.1,log,degree_weighted,12,37,True,103.88386572874985,103.88386572874988,2.856489275186539e-14,103.88386572874985,103.88386572874985,-0.9949874371066199,1.0,True,100,200
1000,2,True,0.1,log,degree_weighted,13,41,True,95.41215753419905,95.41215753419908,2.856489275186539e-14,95.41215753419905,95.41215753419905,0.99498743710662,1.0,True,100,200
1000,2,True,0.1,log,degree_weighted,14,43,True,92.7464025452584,92.74640254525845,4.2847339127798087e-14,92.7464025452584,92.7464025452584,0.99498743710662,1.0,True,100,200
1000,2,True,0.1,log,degree_weighted,15,47,True,87.00295203420116,87.00295203420117,1.4282446375932695e-14,87.00295203420116,87.00295203420116,-0.99498743710662,1.0,True,100,200
1000,2,True,0.1,log,degree_weighted,16,53,True,77.49496253038608,77.49496253038606,1.4282446375932695e-14,77.49496253038608,77.49496253038608,-0.99498743710662,1.0,True,100,200
1000,2,True,0.1,log,degree_weighted,17,61,True,71.6631079625997,71.66310796259971,1.4282446375932695e-14,71.6631079625997,71.6631079625997,0.99498743710662,1.0,True,100,200
1000,2,True,0.1,log,degree_weighted,18,59,True,71.16306165858579,71.1630616585858,1.4282446375932695e-14,71.16306165858579,71.16306165858579,-0.99498743710662,1.0,True,100,200
1000,2,True,0.1,log,degree_weighted,19,71,True,65.4148384015371,65.41483840153708,1.4282446375932695e-14,65.4148384015371,65.4148384015371,0.99498743710662,1.0,True,100,200
1000,2,True,0.1,log,degree_weighted,20,67,True,64.66100405208257,64.6610040520826,2.856489275186539e-14,64.66100405208257,64.66100405208257,-0.9949874371066199,1.0,True,100,200
1000,2,True,0.1,log,eigenvector,1,2,True,0.7019233665596041,0.7016712178965941,2.4195228859141553e-05,0.7016082695679935,0.7017272428089839,10.421420870948914,0.0,False,100,200
1000,2,True,0.1,log,eigenvector,2,3,True,0.06416973766089808,0.06376815385153299,0.0001838019247297983,0.06332619317911424,0.0642062687967849,2.184872709877452,0.04,False,100,200
1000,2,True,0.1,log,eigenvector,3,5,True,0.06301546160028196,0.06271753950133323,0.00022008424133869125,0.062219745957157686,0.06332744758225936,1.3536730169165856,0.18,False,100,200
1000,2,True,0.1,log,eigenvector,4,7,True,0.06173930806639167,0.06153063702349186,0.00027321860023898177,0.060822556574024175,0.062260961892892326,0.7637512333247911,0.46,False,100,200
1000,2,True,0.1,log,eigenvector,5,11,True,0.05996617248313698,0.0600506147657388,0.00027558550087979344,0.05932111466208367,0.060765356752764066,-0.30641046910025804,0.78,False,100,200
1000,2,True,0.1,log,eigenvector,6,13,True,0.059352169160088473,0.059374276276745054,0.00029360697517229396,0.058622918778659903,0.05998492575738002,-0.07529493004602283,0.98,False,100,200
1000,2,True,0.1,log,eigenvector,7,17,True,0.058415855676602395,0.05856885466358133,0.0002771160780411677,0.05783746135872653,0.059249456846853184,-0.552111548562773,0.56,False,100,200
1000,2,True,0.1,log,eigenvector,8,19,True,0.0580851558275732,0.05828513570870933,0.00028267047365017795,0.057699774733934575,0.05888974958791524,-0.7074664663548116,0.54,False,100,200
1000,2,True,0.1,log,eigenvector,9,23,True,0.057519087519741156,0.057723583879762216,0.0002526445390402671,0.05721418103708551,0.05833413910853518,-0.8094232347070561,0.46,False,100,200
1000,2,True,0.1,log,eigenvector,10,29,True,0.056889123180475704,0.0570938319404239,0.00021420630169716033,0.05665299711257336,0.05766470073493595,-0.9556617070845931,0.34,False,100,200
1000,2,True,0.1,log,eigenvector,11,31,True,0.05673008239261266,0.0569829812709986,0.00023389956054570694,0.056353624131222885,0.057652287684697906,-1.0812285315796009,0.24,False,100,200
1000,2,True,0.1,log,eigenvector,12,37,True,0.05634097676046232,0.05655069195775666,0.0002420087512404393,0.055935749262461816,0.05721240063996995,-0.8665603876696404,0.42,False,100,200
1000,2,True,0.1,log,eigenvector,13,41,True,0.05614528537002681,0.0563146441945598,0.00022897951449171,0.05561905832391226,0.0568239234158492,-0.7396243498417591,0.38,False,100,200
1000,2,True,0.1,log,eigenvector,14,43,True,0.05602502627580873,0.05629026524290353,0.00023633581367304087,0.055661467859255125,0.056782117249730084,-1.1222969679143384,0.2,False,100,200
1000,2,True,0.1,log,eigenvector,15,47,True,0.05583240570746791,0.056011874862363094,0.00022833890699031447,0.05541067746853269,0.0566407942056855,-0.7859771129708841,0.36,False,100,200
1000,2,True,0.1,log,eigenvector,16,53,True,0.05556523990664224,0.05575654598862407,0.00019173421100734136,0.05536677303355918,0.05617657270515418,-0.9977670702413214,0.38,False,100,200
1000,2,True,0.1,log,eigenvector,17,61,True,0.05539164246333402,0.055569107602251616,0.00020517400998784543,0.05499667138031134,0.05601404854445392,-0.8649494101523221,0.38,False,100,200
1000,2,True,0.1,log,eigenvector,18,59,True,0.055368393541116064,0.055544208019301246,0.0001918762304292013,0.05502480296403796,0.055948956359348226,-0.9162910788476658,0.38,False,100,200
1000,2,True,0.1,log,eigenvector,19,71,True,0.05521629050100706,0.05535857608236419,0.0002112258618753874,0.05486638794855234,0.05576774862206422,-0.6736181833695677,0.56,False,100,200
1000,2,True,0.1,log,eigenvector,20,67,True,0.05518059875091524,0.0553444596032783,0.00017587192151791834,0.054947475032723375,0.055858735754627076,-0.9317055897769067,0.4,False,100,200
1000,2,True,0.1,log,eigenvector_costweight,1,2,True,0.6779485372483606,0.6767676638776605,0.0015684097849070538,0.6730942254968854,0.681415511653998,0.7529112493837403,0.48,False,100,200
1000,2,True,0.1,log,eigenvector_costweight,2,3,True,0.1833639870518438,0.1889087604408256,0.0061136434666362646,0.17107300653415455,0.2036423906148939,-0.9069507273757552,0.34,False,100,200
1000,2,True,0.1,log,eigenvector_costweight,3,5,True,0.06786729741240201,0.06645108774532116,0.0032986124780743885,0.059040624976983584,0.0741618894150395,0.42933496325932624,0.72,False,100,200
1000,2,True,0.1,log,eigenvector_costweight,4,7,True,0.03963149722964886,0.037347861817010435,0.0024803927666988772,0.032763753243911974,0.04472567027345746,0.9206749202376056,0.38,False,100,200
1000,2,True,0.1,log,eigenvector_costweight,5,840,False,0.03614980411242006,0.026220381357520965,0.012904256226647834,0.0002348804783088168,0.036146708426665654,0.7694688155985634,0.0,False,100,200
1000,2,True,0.1,log,eigenvector_costweight,6,420,False,0.03614980411242006,0.02768448500597405,0.011594541294902417,0.0009337923439317873,0.03624045513415613,0.7301124633682413,0.02,False,100,200
1000,2,True,0.1,log,eigenvector_costweight,7,210,False,0.03614980411242006,0.025313954942696077,0.012642298118849721,0.0007670939942500394,0.03614228352146461,0.8571107141958391,0.0,False,100,200
1000,2,True,0.1,log,eigenvector_costweight,8,630,False,0.03614980411242006,0.026198391168079777,0.012644024240899662,0.00026833665639098024,0.03624045513415613,0.7870447536908712,0.02,False,100,200
1000,2,True,0.1,log,eigenvector_costweight,9,330,False,0.0358030249161363,0.0270509866782995,0.012267851071112805,0.00038333652133095574,0.036178707589660415,0.7134124947477799,0.08,False,100,200
1000,2,True,0.1,log,eigenvector_costweight,10,660,False,0.0358030249161363,0.02796737198125616,0.011244781718859434,0.00018650542631484964,0.03614293227157933,0.696825703760742,0.06,False,100,200
1000,2,True,0.1,log,eigenvector_costweight,11,990,False,0.0358030249161363,0.025057697590836044,0.012801361441819927,0.00040060805551684253,0.036141805431695435,0.8393894176128056,0.04,False,100,200
1000,2,True,0.1,log,eigenvector_costweight,12,780,False,0.03573826765227008,0.025369567278052875,0.012701803803636806,0.0001923161215896294,0.036154536390820224,0.81631715735118,0.14,False,100,200
1000,2,True,0.1,log,eigenvector_costweight,13,390,False,0.03573826765227008,0.02635548306071034,0.012310763404227503,0.00029087124619993576,0.03616214562062648,0.7621610686090927,0.18,False,100,200
1000,2,True,0.1,log,eigenvector_costweight,14,510,False,0.0356701946409384,0.02779380186187427,0.011575219572736465,8.222548647357097e-05,0.03614293227157933,0.6804529909407244,0.16,False,100,200
1000,2,True,0.1,log,eigenvector_costweight,15,570,False,0.035650808406422235,0.027141763933152645,0.011825787322325554,0.0013078417461049915,0.0360788927801612,0.7195330206222813,0.08,False,100,200
1000,2,True,0.1,log,eigenvector_costweight,16,690,False,0.035623660571803106,0.02535017462132699,0.013467966930397594,8.559254856689275e-05,0.03611031657935042,0.7628089676466727,0.16,False,100,200
1000,2,True,0.1,log,eigenvector_costweight,17,870,False,0.035602906643260414,0.026378295932419867,0.012671537239281543,0.0001519910324160881,0.03615192696379334,0.7279788187217265,0.24,False,100,200
1000,2,True,0.1,log,eigenvector_costweight,18,930,False,0.03559817833703817,0.025224980865647267,0.013005000900312908,9.509740857299435e-05,0.03610401428013063,0.7976314304708219,0.26,False,100,200
1000,2,True,0.1,log,eigenvector_costweight,19,150,False,0.03554008214733998,0.023496455897405413,0.013704857791123936,6.594101684505138e-05,0.03561215798513603,0.8787852040124581,0.1,False,100,200
1000,2,True,0.1,log,eigenvector_costweight,20,450,False,0.03554008214733998,0.0241162031816507,0.013325485574241493,0.0002864095097710936,0.03561215798513603,0.8572955110748031,0.14,False,100,200
1000,2,True,0.1,log,pagerank,1,2,True,0.13638865250465074,0.1390592541661044,0.0004825320724344637,0.1377194270572809,0.14021519220571196,-5.534557833596397,0.0,False,100,200
1000,2,True,0.1,log,pagerank,2,3,True,0.033803207096960844,0.0379003161550864,0.0005864394596343883,0.03662960586939575,0.03994458415387128,-6.986414353290432,0.0,False,100,200
1000,2,True,0.1,log,pagerank,3,5,True,0.02953403755771574,0.03169334949982078,0.0005488154565488252,0.03038469358765824,0.03295759610829806,-3.9344954963252463,0.0,False,100,200
1000,2,True,0.1,log,pagerank,4,7,True,0.025162748866576132,0.02620343155713079,0.00039736539586304796,0.025196970177612875,0.027091358087258523,-2.6189565105294426,0.0,False,100,200
1000,2,True,0.1,log,pagerank,5,11,True,0.019467547584992115,0.019541914419391102,0.0003804315931535762,0.018573761134411053,0.020481015980650677,-0.19548017498368528,0.92,False,100,200
1000,2,True,0.1,log,pagerank,6,13,True,0.01750461906743792,0.017410251360540852,0.00033218132852485855,0.016632435950318797,0.018336092599366614,0.2840849222806579,0.8,False,100,200
1000,2,True,0.1,log,pagerank,7,17,True,0.014712012702584288,0.014306233299211069,0.00033986237160231876,0.013493364914525371,0.015104319871952751,1.1939521326239406,0.24,False,100,200
1000,2,True,0.1,log,pagerank,8,19,True,0.013655147340891415,0.013214302469863451,0.0002887466926237858,0.012668022462280742,0.013951462601230516,1.5267529716863302,0.18,False,100,200
1000,2,True,0.1,log,pagerank,9,23,True,0.011915303617212228,0.011538353849551519,0.0002729474161637383,0.011097514969913003,0.012488280102940952,1.381034387350941,0.2,False,100,200
1000,2,True,0.1,log,pagerank,10,29,True,0.010160558393896846,0.009665815623673775,0.00023177339233385521,0.009156634130803865,0.010204560491702456,2.1345969234916504,0.06,False,100,200
1000,2,True,0.1,log,pagerank,11,31,True,0.009764985534166472,0.009186031692209448,0.00022232510195289846,0.008753625455391299,0.009797712587172722,2.604086703982163,0.02,False,100,200
1000,2,True,0.1,log,pagerank,12,37,True,0.008535372691711897,0.008123627030233527,0.00020562182249480996,0.007626200981487909,0.008553919742090374,2.0024414553020486,0.06,False,100,200
1000,2,True,0.1,log,pagerank,13,41,True,0.007745917754200243,0.007401780293493233,0.00019629819593094453,0.006789258768728962,0.007866017871530993,1.7531361359432576,0.12,False,100,200
1000,2,True,0.1,log,pagerank,14,43,True,0.007497164314847685,0.007128692191201681,0.00017868828527363258,0.006707373530562468,0.007592404664478736,2.06209446288965,0.08,False,100,200
1000,2,True,0.1,log,pagerank,15,47,True,0.007025229778795441,0.006652643842678642,0.00017369866161605184,0.0062707610239481236,0.007081394408284967,2.145013281336459,0.02,False,100,200
1000,2,True,0.1,log,pagerank,16,53,True,0.006231212797130778,0.0058718085894807,0.00013645484332858564,0.005567497686699757,0.006173592483549482,2.6338691898581184,0.0,False,100,200
1000,2,True,0.1,log,pagerank,17,61,True,0.005714258700188772,0.005368829269687958,0.00014568131428574453,0.005001680287758289,0.0058848808067278975,2.3711306573146076,0.04,False,100,200
1000,2,True,0.1,log,pagerank,18,59,True,0.0056888333472121305,0.005360828315182659,0.00015165461532779616,0.005010529414692753,0.005686828848703972,2.162842398963579,0.0,False,100,200
1000,2,True,0.1,log,pagerank,19,71,True,0.005138926698706637,0.0048590072467817845,0.00013679347279235246,0.004556994127975664,0.005278599622656763,2.046292459800045,0.02,False,100,200
1000,2,True,0.1,log,pagerank,20,67,True,0.005101159298849041,0.004794105941222356,0.00013478399357128544,0.004486231889671346,0.005168970467020727,2.278114407288951,0.04,False,100,200
1000,2,True,0.1,log,betweenness,1,2,True,0.9506162324649298,0.940911873747495,0.0026880668618788524,0.9345390781563125,0.9484869739478957,3.6101626990973883,0.0,False,100,200
1000,2,True,0.1,log,betweenness,2,13,True,0.10759519038076151,0.0869680861723447,0.015076998157790003,0.05428356713426853,0.13316633266533065,1.368117445697187,0.12,False,100,200
1000,2,True,0.1,log,betweenness,3,7,True,0.10404308617234469,0.1283711422845691,0.018380558823761387,0.08825150300601202,0.17414829659318637,-1.3235754334506105,0.18,False,100,200
1000,2,True,0.1,log,betweenness,4,11,True,0.09629258517034067,0.09393557114228455,0.013727836786387252,0.060601202404809616,0.12844188376753507,0.17169595361109094,0.78,False,100,200
1000,2,True,0.1,log,betweenness,5,5,True,0.08302104208416833,0.15488737474949898,0.018486149959180853,0.1165130260521042,0.20440881763527052,-3.8875770684549393,0.0,False,100,200
1000,2,True,0.1,log,betweenness,6,23,True,0.07844689378757515,0.0555939879759519,0.012358844923098683,0.03327154308617234,0.0886072144288577,1.849113404514944,0.08,False,100,200
1000,2,True,0.1,log,betweenness,7,17,True,0.07555110220440882,0.06783657314629257,0.012672477647864201,0.034348697394789574,0.10073647294589178,0.6087624908469587,0.52,False,100,200
1000,2,True,0.1,log,betweenness,8,43,True,0.06016032064128256,0.0327751503006012,0.008242606661539613,0.012805611222444889,0.05559619238476954,3.322391988988367,0.0,False,100,200
1000,2,True,0.1,log,betweenness,9,29,True,0.05979458917835671,0.045094939879759516,0.010971103060804361,0.026187374749498997,0.0739629258517034,1.3398515369993669,0.2,False,100,200
1000,2,True,0.1,log,betweenness,10,19,True,0.0558817635270541,0.06402795591182366,0.011836968236206133,0.03237975951903807,0.09682364729458917,-0.6881992265428677,0.48,False,100,200
1000,2,True,0.1,log,betweenness,11,31,True,0.054679358717434866,0.04300936873747494,0.01016478928098281,0.017750501002004006,0.06419338677354709,1.1480798723288044,0.28,False,100,200
1000,2,True,0.1,log,betweenness,12,37,True,0.0544438877755511,0.03810410821643286,0.00860296254623984,0.022640280561122245,0.062174348697394785,1.899320085527977,0.08,False,100,200
1000,2,True,0.1,log,betweenness,13,3,True,0.053161322645290575,0.1638433867735471,0.023821899408785277,0.11349198396793586,0.22917334669338676,-4.646231697521068,0.0,False,100,200
1000,2,True,0.1,log,betweenness,14,41,True,0.04701402805611222,0.03393181362725451,0.007785390836496878,0.017725450901803608,0.0512875751503006,1.680354230584037,0.14,False,100,200
1000,2,True,0.1,log,betweenness,15,61,True,0.03914829659318637,0.0233439879759519,0.007563194085913877,0.009864729458917835,0.043912825651302605,2.0896341463283754,0.06,False,100,200
1000,2,True,0.1,log,betweenness,16,47,True,0.039028056112224443,0.030980210420841682,0.007888145351782852,0.014839679358717434,0.05108717434869739,1.0202456131926896,0.3,False,100,200
1000,2,True,0.1,log,betweenness,17,53,True,0.031217434869739477,0.026040330661322643,0.00818360356248677,0.011838677354709419,0.048762525050100196,0.6326191351873914,0.54,False,100,200
1000,2,True,0.1,log,betweenness,18,83,True,0.03067635270541082,0.01818557114228457,0.0068025132680068845,0.006933867735470942,0.04548096192384769,1.8362009849906562,0.04,False,100,200
1000,2,True,0.1,log,betweenness,19,59,True,0.029589178356713423,0.02350450901803607,0.007206385446006675,0.008972945891783567,0.04209919839679358,0.8443441423257613,0.32,False,100,200
1000,2,True,0.1,log,betweenness,20,67,True,0.02763527054108216,0.02050781563126252,0.00736792644465203,0.006863727454909819,0.04230460921843687,0.9673623866037737,0.36,False,100,200
1000,2,False,0.1,log,degree,1,2,True,499.0,499.0,0.0,499.0,499.0,0.0,1.0,True,100,200
1000,2,False,0.1,log,degree,2,3,True,332.0,332.0,0.0,332.0,332.0,0.0,1.0,True,100,200
1000,2,False,0.1,log,degree,3,5,True,199.0,199.0,0.0,199.0,199.0,0.0,1.0,True,100,200
1000,2,False,0.1,log,degree,4,7,True,141.0,141.0,0.0,141.0,141.0,0.0,1.0,True,100,200
1000,2,False,0.1,log,degree,5,11,True,89.0,89.0,0.0,89.0,89.0,0.0,1.0,True,100,200
1000,2,False,0.1,log,degree,6,13,True,75.0,75.0,0.0,75.0,75.0,0.0,1.0,True,100,200
1000,2,False,0.1,log,degree,7,17,True,57.0,57.0,0.0,57.0,57.0,0.0,1.0,True,100,200
1000,2,False,0.1,log,degree,8,19,True,51.0,51.0,0.0,51.0,51.0,0.0,1.0,True,100,200
1000,2,False,0.1,log,degree,9,23,True,42.0,42.0,0.0,42.0,42.0,0.0,1.0,True,100,200
1000,2,False,0.1,log,degree,10,29,True,33.0,33.0,0.0,33.0,33.0,0.0,1.0,True,100,200
1000,2,False,0.1,log,degree,11,31,True,31.0,31.0,0.0,31.0,31.0,0.0,1.0,True,100,200
1000,2,False,0.1,log,degree,12,37,True,26.0,26.0,0.0,26.0,26.0,0.0,1.0,True,100,200
1000,2,False,0.1,log,degree,13,41,True,23.0,23.0,0.0,23.0,23.0,0.0,1.0,True,100,200
1000,2,False,0.1,log,degree,14,43,True,22.0,22.0,0.0,22.0,22.0,0.0,1.0,True,100,200
1000,2,False,0.1,log,degree,15,47,True,20.0,20.0,0.0,20.0,20.0,0.0,1.0,True,100,200
1000,2,False,0.1,log,degree,16,53,True,17.0,17.0,0.0,17.0,17.0,0.0,1.0,True,100,200
1000,2,False,0.1,log,degree,17,59,True,15.0,15.0,0.0,15.0,15.0,0.0,1.0,True,100,200
1000,2,False,0.1,log,degree,18,61,True,15.0,15.0,0.0,15.0,15.0,0.0,1.0,True,100,200
1000,2,False,0.1,log,degree,19,71,True,13.0,13.0,0.0,13.0,13.0,0.0,1.0,True,100,200
1000,2,False,0.1,log,degree,20,67,True,13.0,13.0,0.0,13.0,13.0,0.0,1.0,True,100,200
1000,2,False,0.1,log,degree_weighted,1,3,True,364.73927983781175,364.73927983781186,1.1425957100746156e-13,364.73927983781175,364.73927983781175,-0.9949874371066199,1.0,True,100,200
1000,2,False,0.1,log,degree_weighted,2,2,True,345.88044309941347,345.8804430994134,5.712978550373078e-14,345.88044309941347,345.88044309941347,0.9949874371066199,1.0,True,100,200
1000,2,False,0.1,log,degree_weighted,3,5,True,320.2781445743848,320.2781445743849,1.1425957100746156e-13,320.2781445743848,320.2781445743848,-0.99498743710662,1.0,True,100,200
1000,2,False,0.1,log,degree_weighted,4,7,True,274.37333101679945,274.37333101679945,0.0,274.37333101679945,274.37333101679945,0.9949874371066199,1.0,True,100,200
1000,2,False,0.1,log,degree_weighted,5,11,True,213.4126792790547,213.41267927905471,2.856489275186539e-14,213.4126792790547,213.4126792790547,0.0,1.0,True,100,200
1000,2,False,0.1,log,degree_weighted,6,13,True,192.37120180961523,192.37120180961526,2.856489275186539e-14,192.37120180961523,192.37120180961523,-0.99498743710662,1.0,True,100,200
1000,2,False,0.1,log,degree_weighted,7,17,True,161.49316061120442,161.49316061120444,2.856489275186539e-14,161.49316061120442,161.49316061120442,0.99498743710662,1.0,True,100,200
1000,2,False,0.1,log,degree_weighted,8,19,True,150.16638793748842,150.16638793748845,2.856489275186539e-14,150.16638793748842,150.16638793748842,0.99498743710662,1.0,True,100,200
1000,2,False,0.1,log,degree_weighted,9,23,True,131.69075706902444,131.6907570690244,5.712978550373078e-14,131.69075706902444,131.69075706902444,0.99498743710662,1.0,True,100,200
1000,2,False,0.1,log,degree_weighted,10,29,True,111.12076238955365,111.12076238955363,1.4282446375932695e-14,111.12076238955365,111.12076238955365,0.9949874371066199,1.0,True,100,200
1000,2,False,0.1,log,degree_weighted,11,31,True,106.45360333903959,106.45360333903956,2.856489275186539e-14,106.45360333903959,106.45360333903959,0.99498743710662,1.0,True,100,200
1000,2,False,0.1,log,degree_weighted,12,37,True,93.88386572874985,93.88386572874988,2.856489275186539e-14,93.88386572874985,93.88386572874985,-0.99498743710662,1.0,True,100,200
1000,2,False,0.1,log,degree_weighted,13,41,True,85.41215753419905,85.41215753419908,2.856489275186539e-14,85.41215753419905,85.41215753419905,0.9949874371066199,1.0,True,100,200
1000,2,False,0.1,log,degree_weighted,14,43,True,82.7464025452584,82.74640254525842,1.4282446375932695e-14,82.7464025452584,82.7464025452584,0.99498743710662,1.0,True,100,200
1000,2,False,0.1,log,degree_weighted,15,47,True,77.00295203420116,77.00295203420116,0.0,77.00295203420116,77.00295203420116,-0.99498743710662,1.0,True,100,200
1000,2,False,0.1,log,degree_weighted,16,53,True,67.49496253038608,67.49496253038606,1.4282446375932695e-14,67.49496253038608,67.49496253038608,-0.99498743710662,1.0,True,100,200
1000,2,False,0.1,log,degree_weighted,17,61,True,61.66310796259969,61.66310796259969,0.0,61.66310796259969,61.66310796259969,0.99498743710662,1.0,True,100,200
1000,2,False,0.1,log,degree_weighted,18,59,True,61.16306165858579,61.163061658585804,1.4282446375932695e-14,61.16306165858579,61.16306165858579,-0.99498743710662,1.0,True,100,200
1000,2,False,0.1,log,degree_weighted,19,71,True,55.4148384015371,55.41483840153709,7.141223187966347e-15,55.4148384015371,55.4148384015371,0.99498743710662,1.0,True,100,200
1000,2,False,0.1,log,degree_weighted,20,67,True,54.66100405208257,54.661004052082575,7.141223187966347e-15,54.66100405208257,54.66100405208257,-0.99498743710662,1.0,True,100,200
1000,2,False,0.1,log,eigenvector,1,5,True,0.312586736887242,0.3081954803227724,0.007563392500466905,0.29131431776515027,0.3291963525806528,0.5805935053877695,0.54,False,100,200
1000,2,False,0.1,log,eigenvector,2,3,True,0.2887811260063022,0.28432433797563184,0.006907802743632707,0.2669047767049046,0.29763617002330456,0.6451817163972317,0.56,False,100,200
1000,2,False,0.1,log,eigenvector,3,7,True,0.2874586413949988,0.2824942559416972,0.009352500708969891,0.254703911929505,0.30496440292491206,0.5308083482464104,0.62,False,100,200
1000,2,False,0.1,log,eigenvector,4,2,True,0.22916623383323087,0.23881845753555833,0.00451151119005505,0.22657261874886098,0.2496032597387707,-2.13946575675227,0.04,False,100,200
1000,2,False,0.1,log,eigenvector,5,11,True,0.22214364890616223,0.21764331910170223,0.010906045751094343,0.1935398872312379,0.24518956304454487,0.4126454177040676,0.7,False,100,200
1000,2,False,0.1,log,eigenvector,6,13,True,0.1948759890828867,0.19073727764254989,0.011458909280243781,0.16847421917008717,0.2222678288738155,0.3611784803526074,0.7,False,100,200
1000,2,False,0.1,log,eigenvector,7,17,True,0.15461761036701496,0.15096703370236292,0.01071867240641917,0.1276593390524173,0.17177134991427775,0.34058104644244913,0.88,False,100,200
1000,2,False,0.1,log,eigenvector,8,19,True,0.1396939815781969,0.13596641528733697,0.010594678282566033,0.11021476772936244,0.1680175928907279,0.3518338350107143,0.66,False,100,200
1000,2,False,0.1,log,eigenvector,9,23,True,0.11482815734098681,0.11098923299483916,0.009581982367582724,0.08898256042369074,0.1304789829552384,0.4006398883737608,0.76,False,100,200
1000,2,False,0.1,log,eigenvector,10,29,True,0.08700954341066541,0.0880770529924303,0.008950170822071465,0.06530831058059093,0.10663427330138986,-0.1192725371377627,0.82,False,100,200
1000,2,False,0.1,log,eigenvector,11,31,True,0.0796875834013761,0.08284298080429259,0.00818047186644612,0.061411265178532265,0.10044731152129947,-0.3857231531910741,0.66,False,100,200
1000,2,False,0.1,log,eigenvector,12,37,True,0.06850183229665693,0.07007945039409907,0.008685995405107021,0.052057488620158465,0.08755495597339431,-0.1816277840205338,0.9,False,100,200
1000,2,False,0.1,log,eigenvector,13,41,True,0.06003219470998929,0.06033017769810612,0.007317762853548561,0.046328305961771496,0.07600394305305415,-0.0407205035309848,0.96,False,100,200
1000,2,False,0.1,log,eigenvector,14,43,True,0.0576396851219804,0.05993450596931643,0.006884830195353017,0.039440121088878,0.07585176517650581,-0.33331553316811535,0.76,False,100,200
1000,2,False,0.1,log,eigenvector,15,770,False,0.05568808597816213,0.04146755483314318,0.010571418653663525,0.016637480592424876,0.06395258340166889,1.3451866405925414,0.18,False,100,200
1000,2,False,0.1,log,eigenvector,16,910,False,0.05464574335262776,0.038377862921928234,0.009651273281300433,0.014119598941984076,0.06581852588136712,1.6855683137911888,0.08,False,100,200
1000,2,False,0.1,log,eigenvector,17,47,True,0.05193054339123739,0.05352134412601346,0.007149862854299684,0.03421545468677647,0.07829914284766053,-0.2224938809587659,0.8,False,100,200
1000,2,False,0.1,log,eigenvector,18,385,False,0.05064480049421241,0.027003466893188492,0.007705068491106845,0.01023736630786914,0.04471271573309653,3.0682833810381616,0.0,False,100,200
1000,2,False,0.1,log,eigenvector,19,924,False,0.04978805426028978,0.039040331771624026,0.009168658883749988,0.016343662546530212,0.0663057926743453,1.1722240542413922,0.24,False,100,200
1000,2,False,0.1,log,eigenvector,20,462,False,0.04978805426028978,0.04008863173329852,0.009875594328986225,0.012148415830717225,0.06278051975404575,0.9821608911700777,0.24,False,100,200
1000,2,False,0.1,log,eigenvector_costweight,1,2,True,0.6784597631418328,0.6772446674409324,0.0015811230703952253,0.673537215118559,0.6819221180678368,0.7685016578731212,0.46,False,100,200
1000,2,False,0.1,log,eigenvector_costweight,2,3,True,0.18162310173962548,0.18722753309954754,0.006171535866816247,0.1692190588334697,0.20209634923186093,-0.9081096636019802,0.34,False,100,200
1000,2,False,0.1,log,eigenvector_costweight,3,5,True,0.06593241662403744,0.06452620872299412,0.00331725890314546,0.05705431483544922,0.07228407415887142,0.4239065873664352,0.72,False,100,200
1000,2,False,0.1,log,eigenvector_costweight,4,7,True,0.03766060821096646,0.03537828539005901,0.002495052899171004,0.03078347214438752,0.04281266578449519,0.9147392512863215,0.38,False,100,200
1000,2,False,0.1,log,eigenvector_costweight,5,420,False,0.03614230857270914,0.027677244184260544,0.011637126584856414,0.0008496256776651576,0.03623354969444406,0.72741877702562,0.02,False,100,200
1000,2,False,0.1,log,eigenvector_costweight,6,840,False,0.03614230857270914,0.02621161879879192,0.012946008170821572,0.0001653743317738004,0.03613854089782356,0.7670850846749477,0.0,False,100,200
1000,2,False,0.1,log,eigenvector_costweight,7,210,False,0.03614230857270914,0.02530026483473822,0.01268799009326986,0.0006822351419628906,0.03613517185786572,0.8545123111123738,0.0,False,100,200
1000,2,False,0.1,log,eigenvector_costweight,8,630,False,0.03614230857270914,0.02618740202582219,0.012686861819755334,0.00020500993103422888,0.03623354969444406,0.7846626445781629,0.02,False,100,200
1000,2,False,0.1,log,eigenvector_costweight,9,660,False,0.03580014017600434,0.027963760150301706,0.01128336003274982,0.00012077232263187524,0.036136438166467784,0.694507664645781,0.06,False,100,200
1000,2,False,0.1,log,eigenvector_costweight,10,330,False,0.03580014017600434,0.02704564688558529,0.012309555414978175,0.0003108318078336706,0.03617054346940185,0.711194920960886,0.08,False,100,200
1000,2,False,0.1,log,eigenvector_costweight,11,990,False,0.03580014017600434,0.0250464416491491,0.01284759650265008,0.00032262867215213597,0.0361357742746693,0.8370202570291698,0.04,False,100,200
1000,2,False,0.1,log,eigenvector_costweight,12,390,False,0.03573678930337753,0.026346759676992546,0.012353843321300342,0.0002357425577349341,0.03615391776807901,0.7600897455284078,0.18,False,100,200
1000,2,False,0.1,log,eigenvector_costweight,13,780,False,0.03573678930337753,0.025357566236983316,0.012746575862465845,0.0001293354674052266,0.03614837024340023,0.814275392731734,0.14,False,100,200
1000,2,False,0.1,log,eigenvector_costweight,14,510,False,0.03567069712361291,0.027789405092652073,0.01161311199879483,2.8417085579164932e-05,0.036136438166467784,0.67865461314579,0.16,False,100,200
1000,2,False,0.1,log,eigenvector_costweight,15,570,False,0.03565204502582264,0.027132750112988213,0.011870810850407747,0.0012354857118335998,0.03606725869308086,0.7176674803593388,0.08,False,100,200
1000,2,False,0.1,log,eigenvector_costweight,16,690,False,0.0356260419084032,0.025336584708477338,0.01351243924845306,3.737461487158284e-05,0.0360994892812544,0.7614803671442095,0.16,False,100,200
1000,2,False,0.1,log,eigenvector_costweight,17,870,False,0.03560654687501073,0.02637004798166975,0.012713945397561427,9.123103087385848e-05,0.036144765318306134,0.7264856505607276,0.24,False,100,200
1000,2,False,0.1,log,eigenvector_costweight,18,930,False,0.03560215125419507,0.02521399402554341,0.013051038974417374,3.999184396234363e-05,0.03609244296920411,0.7959640032502012,0.26,False,100,200
1000,2,False,0.1,log,eigenvector_costweight,19,300,False,0.03556155571562706,0.022657177667185557,0.013396987516036704,8.717544289979655e-05,0.03564385675837696,0.9632298330497421,0.08,False,100,200
1000,2,False,0.1,log,eigenvector_costweight,20,180,False,0.03556155571562706,0.023522059172264374,0.013577307690833564,7.305549640486849e-05,0.035632983101481754,0.8867366651409763,0.06,False,100,200
1000,2,False,0.1,log,pagerank,1,3,True,0.040454982393715,0.04582189386572478,0.000695711474897142,0.044328990197201226,0.04819074413343161,-7.7142776361468535,0.0,False,100,200
1000,2,False,0.1,log,pagerank,2,2,True,0.03925629446105357,0.04313592359889707,0.00044823661464223725,0.04185678371787979,0.04443842820566422,-8.655315097228394,0.0,False,100,200
1000,2,False,0.1,log,pagerank,3,5,True,0.03483833305650361,0.03809880708791409,0.0006195855280686391,0.03677574260648147,0.039424306738654415,-5.262346978267847,0.0,False,100,200
1000,2,False,0.1,log,pagerank,4,7,True,0.029432462541155408,0.031352050486075644,0.0004580261470129436,0.030091926147601155,0.0325225373813337,-4.191000792070494,0.0,False,100,200
1000,2,False,0.1,log,pagerank,5,11,True,0.0225429829729528,0.02325300611087524,0.0004406842674254361,0.022293383090599892,0.02450303749182156,-1.6111833128750868,0.06,False,100,200
1000,2,False,0.1,log,pagerank,6,13,True,0.020191805534213295,0.02062371895206435,0.0003617268716076879,0.019732454818778968,0.02150792697893201,-1.1940318835905783,0.22,False,100,200
1000,2,False,0.1,log,pagerank,7,17,True,0.016852479164784342,0.016852325247156442,0.0003859592403492352,0.015999903361733542,0.01771821601000532,0.0003987924418241944,0.98,False,100,200
1000,2,False,0.1,log,pagerank,8,19,True,0.015601561122781233,0.015533415731560916,0.00034540754614261295,0.014781747182150903,0.01657088226564013,0.19728981599081036,0.74,False,100,200
1000,2,False,0.1,log,pagerank,9,23,True,0.013540217589347205,0.013471763831726404,0.00030593733842419204,0.012980309575275904,0.014637090107987904,0.2237509091678411,0.66,False,100,200
1000,2,False,0.1,log,pagerank,10,29,True,0.011474458351638659,0.011176577433652413,0.00026800045228586225,0.010572377942578726,0.011884004951245931,1.1114940868402423,0.26,False,100,200
1000,2,False,0.1,log,pagerank,11,31,True,0.01101294644083297,0.010610114108798021,0.00026948532525955174,0.010089937098341235,0.0114400995586817,1.4948210320801831,0.14,False,100,200
1000,2,False,0.1,log,pagerank,12,37,True,0.009558344436619175,0.009297741235194727,0.00023238216642086607,0.008800776072984745,0.009817390053246609,1.1214423440414578,0.26,False,100,200
1000,2,False,0.1,log,pagerank,13,41,True,0.00864199907313517,0.008420517409233302,0.00023688992289538102,0.007758334970687619,0.008956866655026227,0.9349560386310066,0.24,False,100,200
1000,2,False,0.1,log,pagerank,14,43,True,0.008338169276700245,0.008091654735894082,0.0002094106893457938,0.0076150053665233,0.008572193020664441,1.1771822230101214,0.22,False,100,200
1000,2,False,0.1,log,pagerank,15,47,True,0.007789662480306951,0.0074977422218473685,0.00020792615690192585,0.006956396868328385,0.007958560398310124,1.4039612081960067,0.16,False,100,200
1000,2,False,0.1,log,pagerank,16,53,True,0.006872972497594047,0.006547313827790043,0.00017436359673832317,0.006154542411237202,0.006937362851879256,1.8676987392772,0.08,False,100,200
1000,2,False,0.1,log,pagerank,17,61,True,0.006266824403867477,0.005934033920592898,0.00017692626392974462,0.005481151226146132,0.0065599192652387546,1.8809558054463122,0.06,False,100,200
1000,2,False,0.1,log,pagerank,18,59,True,0.006238494547514803,0.005928321405883524,0.00019910943555431142,0.005462450714428975,0.006362708843673656,1.5578023249765718,0.14,False,100,200
1000,2,False,0.1,log,pagerank,19,71,True,0.005581322974808575,0.00531116506878322,0.00016707461024862983,0.004955968774229927,0.005788014805972381,1.6169895929927518,0.12,False,100,200
1000,2,False,0.1,log,pagerank,20,67,True,0.005539548239183687,0.005234796048428123,0.00016890247753893091,0.004774994562607016,0.0057238476008240335,1.804308587985761,0.12,False,100,200
1000,2,False,0.1,log,betweenness,1,5,True,0.19793086172344687,0.16224203406813628,0.016034450976762947,0.11958917835671345,0.20426352705410825,2.2257592546842258,0.02,False,100,200
1000,2,False,0.1,log,betweenness,2,3,True,0.18975450901803598,0.18112379759519034,0.01993196164742041,0.14495991983967932,0.2313326653306613,0.4330086308370292,0.62,False,100,200
1000,2,False,0.1,log,betweenness,3,7,True,0.1577755511022044,0.14733346693386773,0.01823439460786358,0.10636773547094187,0.20051102204408816,0.572658670216205,0.54,False,100,200
1000,2,False,0.1,log,betweenness,4,2,True,0.12197895791583181,0.05217119238476955,0.015179067227956092,0.019233466933867734,0.08958917835671361,4.598949624684026,0.0,False,100,200
1000,2,False,0.1,log,betweenness,5,13,True,0.08699899799599198,0.09912229458917833,0.013057640764434397,0.0719438877755511,0.1458817635270541,-0.9284446411029355,0.28,False,100,200
1000,2,False,0.1,log,betweenness,6,11,True,0.08345190380761522,0.10644604208416833,0.012583170864882929,0.07561122244488977,0.13791082164328655,-1.8273723311446934,0.06,False,100,200
1000,2,False,0.1,log,betweenness,7,23,True,0.05743987975951904,0.06290906813627253,0.01042144778218398,0.03913326653306613,0.0882064128256513,-0.5248012071895991,0.6,False,100,200
1000,2,False,0.1,log,betweenness,8,17,True,0.051142284569138274,0.07818837675350701,0.011760262303130552,0.05164829659318637,0.11239478957915831,-2.299786474759931,0.0,False,100,200
1000,2,False,0.1,log,betweenness,9,43,True,0.040626252505010015,0.037067535070140274,0.008865520752369072,0.01566633266533066,0.05414829659318637,0.4014109869314522,0.76,False,100,200
1000,2,False,0.1,log,betweenness,10,19,True,0.040551102204408815,0.0732195390781563,0.01151863193568308,0.04545090180360721,0.1062875751503006,-2.8361386192526346,0.0,False,100,200
1000,2,False,0.1,log,betweenness,11,29,True,0.03927354709418837,0.050004859719438875,0.007895171421925758,0.027444889779559115,0.06777054108216432,-1.3592247782547775,0.22,False,100,200
1000,2,False,0.1,log,betweenness,12,37,True,0.0362625250501002,0.04220801603206412,0.009219014126816947,0.023406813627254507,0.06528557114228456,-0.6449161374717132,0.48,False,100,200
1000,2,False,0.1,log,betweenness,13,31,True,0.03354208416833667,0.049348396793587164,0.008834033526190908,0.0300501002004008,0.06876252505010019,-1.7892520532538585,0.06,False,100,200
1000,2,False,0.1,log,betweenness,14,41,True,0.031152304609218435,0.03707905811623246,0.008293812706344342,0.019539078156312624,0.058461923847695385,-0.7145993907579258,0.5,False,100,200
1000,2,False,0.1,log,betweenness,15,47,True,0.026497995991983967,0.03441407815631262,0.008798453909521293,0.017620240480961922,0.06648296593186372,-0.8997128638432988,0.36,False,100,200
1000,2,False,0.1,log,betweenness,16,61,True,0.02387775551102204,0.024844539078156317,0.006487453062820212,0.011818637274549097,0.03942885771543086,-0.14902359335359625,0.9,False,100,200
1000,2,False,0.1,log,betweenness,17,83,True,0.020506012024048094,0.017694238476953908,0.005332611963465466,0.008356713426853707,0.03299599198396793,0.5272788581577053,0.56,False,100,200
1000,2,False,0.1,log,betweenness,18,67,True,0.01975450901803607,0.021384769539078155,0.005639346790632908,0.008396793587174349,0.035806613226452906,-0.2890867651108082,0.84,False,100,200
1000,2,False,0.1,log,betweenness,19,59,True,0.018982965931863726,0.023528557114228462,0.006118500945041766,0.009774549098196392,0.0387374749498998,-0.7429256321433318,0.4,False,100,200
1000,2,False,0.1,log,betweenness,20,53,True,0.018677354709418836,0.02765741482965931,0.007011480659105546,0.00969939879759519,0.04809619238476954,-1.2807651560128621,0.12,False,100,200
