N,anchor,hub_edges,hub_cost,weighting,metric,rank,node,is_prime,observed,null_mean,null_sd,null_min,null_max,z,p_empirical,null_degenerate,n_null_samples,pivots
1000,2,True,0.1,padic,degree,1,2,True,666.0,666.0,0.0,666.0,666.0,0.0,1.0,True,100,200
1000,2,True,0.1,padic,degree,2,3,True,333.0,333.0,0.0,333.0,333.0,0.0,1.0,True,100,200
1000,2,True,0.1,padic,degree,3,5,True,200.0,200.0,0.0,200.0,200.0,0.0,1.0,True,100,200
1000,2,True,0.1,padic,degree,4,7,True,142.0,142.0,0.0,142.0,142.0,0.0,1.0,True,100,200
1000,2,True,0.1,padic,degree,5,11,True,90.0,90.0,0.0,90.0,90.0,0.0,1.0,True,100,200
1000,2,True,0.1,padic,degree,6,13,True,76.0,76.0,0.0,76.0,76.0,0.0,1.0,True,100,200
1000,2,True,0.1,padic,degree,7,17,True,58.0,58.0,0.0,58.0,58.0,0.0,1.0,True,100,200
1000,2,True,0.1,padic,degree,8,19,True,52.0,52.0,0.0,52.0,52.0,0.0,1.0,True,100,200
1000,2,True,0.1,padic,degree,9,23,True,43.0,43.0,0.0,43.0,43.0,0.0,1.0,True,100,200
1000,2,True,0.1,padic,degree,10,29,True,34.0,34.0,0.0,34.0,34.0,0.0,1.0,True,100,200
1000,2,True,0.1,padic,degree,11,31,True,32.0,32.0,0.0,32.0,32.0,0.0,1.0,True,100,200
1000,2,True,0.1,padic,degree,12,37,True,27.0,27.0,0.0,27.0,27.0,0.0,1.0,True,100,200
1000,2,True,0.1,padic,degree,13,41,True,24.0,24.0,0.0,24.0,24.0,0.0,1.0,True,100,200
1000,2,True,0.1,padic,degree,14,43,True,23.0,23.0,0.0,23.0,23.0,0.0,1.0,True,100,200
1000,2,True,0.1,padic,degree,15,47,True,21.0,21.0,0.0,21.0,21.0,0.0,1.0,True,100,200
1000,2,True,0.1,padic,degree,16,53,True,18.0,18.0,0.0,18.0,18.0,0.0,1.0,True,100,200
1000,2,True,0.1,padic,degree,17,61,True,16.0,16.0,0.0,16.0,16.0,0.0,1.0,True,100,200
1000,2,True,0.1,padic,degree,18,59,True,16.0,16.0,0.0,16.0,16.0,0.0,1.0,True,100,200
1000,2,True,0.1,padic,degree,19,67,True,14.0,14.0,0.0,14.0,14.0,0.0,1.0,True,100,200
1000,2,True,0.1,padic,degree,20,71,True,14.0,14.0,0.0,14.0,14.0,0.0,1.0,True,100,200
1000,2,True,0.1,padic,degree_weighted,1,2,True,3162.0,3162.0,0.0,3162.0,3162.0,0.0,1.0,True,100,200
1000,2,True,0.1,padic,degree_weighted,2,3,True,839.0,839.0,0.0,839.0,839.0,0.0,1.0,True,100,200
1000,2,True,0.1,padic,degree_weighted,3,5,True,457.0,457.0,0.0,457.0,457.0,0.0,1.0,True,100,200
1000,2,True,0.1,padic,degree_weighted,4,7,True,314.0,314.0,0.0,314.0,314.0,0.0,1.0,True,100,200
1000,2,True,0.1,padic,degree_weighted,5,11,True,196.0,196.0,0.0,196.0,196.0,0.0,1.0,True,100,200
1000,2,True,0.1,padic,degree_weighted,6,13,True,165.0,165.0,0.0,165.0,165.0,0.0,1.0,True,100,200
1000,2,True,0.1,padic,degree_weighted,7,17,True,127.0,127.0,0.0,127.0,127.0,0.0,1.0,True,100,200
1000,2,True,0.1,padic,degree_weighted,8,19,True,114.0,114.0,0.0,114.0,114.0,0.0,1.0,True,100,200
1000,2,True,0.1,padic,degree_weighted,9,23,True,95.0,95.0,0.0,95.0,95.0,0.0,1.0,True,100,200
1000,2,True,0.1,padic,degree_weighted,10,29,True,77.0,77.0,0.0,77.0,77.0,0.0,1.0,True,100,200
1000,2,True,0.1,padic,degree_weighted,11,31,True,73.0,73.0,0.0,73.0,73.0,0.0,1.0,True,100,200
1000,2,True,0.1,padic,degree_weighted,12,37,True,62.0,62.0,0.0,62.0,62.0,0.0,1.0,True,100,200
1000,2,True,0.1,padic,degree_weighted,13,41,True,56.0,56.0,0.0,56.0,56.0,0.0,1.0,True,100,200
1000,2,True,0.1,padic,degree_weighted,14,43,True,54.0,54.0,0.0,54.0,54.0,0.0,1.0,True,100,200
1000,2,True,0.1,padic,degree_weighted,15,47,True,50.0,50.0,0.0,50.0,50.0,0.0,1.0,True,100,200
1000,2,True,0.1,padic,degree_weighted,16,53,True,44.0,44.0,0.0,44.0,44.0,0.0,1.0,True,100,200
1000,2,True,0.1,padic,degree_weighted,17,61,True,40.0,40.0,0.0,40.0,40.0,0.0,1.0,True,100,200
1000,2,True,0.1,padic,degree_weighted,18,59,True,40.0,40.0,0.0,40.0,40.0,0.0,1.0,True,100,200
1000,2,True,0.1,padic,degree_weighted,19,67,True,36.0,36.0,0.0,36.0,36.0,0.0,1.0,True,100,200
1000,2,True,0.1,padic,degree_weighted,20,71,True,36.0,36.0,0.0,36.0,36.0,0.0,1.0,True,100,200
1000,2,True,0.1,padic,eigenvector,1,2,True,0.6982439436623158,0.6980202145919054,0.0002184691591349854,0.6974867887678647,0.698616679710532,1.0240762187948171,0.26,False,100,200
1000,2,True,0.1,padic,eigenvector,2,3,True,0.09755291275005776,0.0997269133385798,0.0024610275802873865,0.09317383068715633,0.10566422479311464,-0.8833710787865895,0.5,False,100,200
1000,2,True,0.1,padic,eigenvector,3,5,True,0.07284044560820045,0.07269891039984,0.0015687693863330246,0.06836361942339371,0.07658946718775146,0.09022053183437531,0.98,False,100,200
1000,2,True,0.1,padic,eigenvector,4,7,True,0.06389518734543749,0.06351336509731968,0.0012629741642367685,0.05958744225086859,0.06633193404170179,0.302319919860405,0.86,False,100,200
1000,2,True,0.1,padic,eigenvector,5,11,True,0.056792521810824614,0.056271353272174786,0.0008793238534056341,0.053515115377919864,0.05798866899113193,0.5926923699742205,0.58,False,100,200
1000,2,True,0.1,padic,eigenvector,6,13,True,0.054938537531950174,0.054718923619600554,0.0008913579486468562,0.05242689579069955,0.0570371782732229,0.2463812800267692,0.82,False,100,200
1000,2,True,0.1,padic,eigenvector,7,17,True,0.052631282563522876,0.0524434716979903,0.000773894767488364,0.05093073172331944,0.05402108761174721,0.24268269204366152,0.86,False,100,200
1000,2,True,0.1,padic,eigenvector,8,19,True,0.05196124820858216,0.05185912793061272,0.0007483990245336742,0.05003897845240532,0.053288700413817135,0.13645164494044365,0.98,False,100,200
1000,2,True,0.1,padic,eigenvector,9,23,True,0.05074004418194915,0.0507421855823835,0.0007585417972394519,0.049026739541207065,0.052897617608122956,-0.002823048699679672,1.0,False,100,200
1000,2,True,0.1,padic,eigenvector,10,29,True,0.049833873910179495,0.04967983141643833,0.0006394476138690955,0.048437150297966296,0.05181788673448758,0.2408993174735778,0.74,False,100,200
1000,2,True,0.1,padic,eigenvector,11,31,True,0.04965762546024988,0.04947859615749829,0.0006407155858822394,0.04799786302532793,0.051043234769945156,0.2794208642592358,0.76,False,100,200
1000,2,True,0.1,padic,eigenvector,12,37,True,0.04888051246902477,0.048902934598148075,0.0005404102395258295,0.04767890294842287,0.05061643661213005,-0.04149094055472556,0.92,False,100,200
1000,2,True,0.1,padic,eigenvector,13,41,True,0.04866961337647827,0.04859153448293302,0.0005060486085841488,0.04746121910991067,0.04987344826750192,0.15429129182612394,0.86,False,100,200
1000,2,True,0.1,padic,eigenvector,14,43,True,0.048399474016690536,0.048426829519587,0.0004487089232617532,0.047361098910074714,0.049592864488341055,-0.06096491840993,0.94,False,100,200
1000,2,True,0.1,padic,eigenvector,15,47,True,0.0482414820860618,0.04819741992211556,0.0003802675172515653,0.047405857502370106,0.04944779503714446,0.11587149032532446,0.9,False,100,200
1000,2,True,0.1,padic,eigenvector,16,53,True,0.047982840857066014,0.04798833940443166,0.00041302731675654504,0.04705765171215797,0.049035953690896875,-0.013312793470460951,0.96,False,100,200
1000,2,True,0.1,padic,eigenvector,17,61,True,0.047809142720626065,0.04769999013112037,0.00040710950864895565,0.04688359449764623,0.049033100572284806,0.26811604049226473,0.68,False,100,200
1000,2,True,0.1,padic,eigenvector,18,59,True,0.04780914272062606,0.04768840968780333,0.0004128110915805274,0.046655920010176564,0.04871307321010355,0.29246557392751366,0.68,False,100,200
1000,2,True,0.1,padic,eigenvector,19,71,True,0.04745744801436892,0.04744458228736332,0.0003836476971655365,0.046601763100135286,0.048628037565667595,0.03353526451652604,0.88,False,100,200
1000,2,True,0.1,padic,eigenvector,20,67,True,0.04745744801436888,0.04749830127960948,0.0003693963967868347,0.04675977519832043,0.048675791178071505,-0.11059465007224151,0.9,False,100,200
1000,2,True,0.1,padic,eigenvector_costweight,1,2,True,0.5208562145805739,0.5302171350874049,0.002473848151759264,0.5248670752189725,0.5363393341871485,-3.783951129002824,0.0,False,100,200
1000,2,True,0.1,padic,eigenvector_costweight,2,3,True,0.3718728367284347,0.375264554833323,0.005358951673073571,0.3624104979934083,0.39092005512984196,-0.6329070146181887,0.5,False,100,200
1000,2,True,0.1,padic,eigenvector_costweight,3,5,True,0.21482983703532316,0.20529090036200032,0.007597942805817709,0.18412008861740548,0.22504679714024955,1.255463079561345,0.22,False,100,200
1000,2,True,0.1,padic,eigenvector_costweight,4,7,True,0.14653386287801595,0.1354139992375084,0.006209738236265719,0.12182704482587074,0.14765313731809718,1.7907137495049343,0.04,False,100,200
1000,2,True,0.1,padic,eigenvector_costweight,5,11,True,0.0888974197588956,0.0798154794146547,0.005064362081101854,0.06784809214205925,0.09290743660040292,1.7933039144517335,0.1,False,100,200
1000,2,True,0.1,padic,eigenvector_costweight,6,13,True,0.07438276966996545,0.06693719444148065,0.0047341872656101545,0.0555321662933819,0.07982120381609337,1.5727251185373636,0.08,False,100,200
1000,2,True,0.1,padic,eigenvector_costweight,7,210,False,0.05649337757893324,0.029363330916507103,0.011404571214974105,0.0035259900997559692,0.05655806558001002,2.3788747644281982,0.02,False,100,200
1000,2,True,0.1,padic,eigenvector_costweight,8,17,True,0.05628806233323479,0.049947110331368574,0.0040568372186657285,0.03987049671746788,0.060544663299627426,1.5630284529759093,0.14,False,100,200
1000,2,True,0.1,padic,eigenvector_costweight,9,330,False,0.05389701671147625,0.03047516024522134,0.011230231308230447,0.003752411330942207,0.056841628466244784,2.0856076623363435,0.02,False,100,200
1000,2,True,0.1,padic,eigenvector_costweight,10,390,False,0.05324317224335313,0.031007106133783637,0.010036886978802,0.007179660018602771,0.0535145400759263,2.2154345422572024,0.02,False,100,200
1000,2,True,0.1,padic,eigenvector_costweight,11,510,False,0.0524280561901283,0.03134001345626739,0.010986117965034741,0.006328005164227915,0.053974837433779566,1.9195172308341593,0.06,False,100,200
1000,2,True,0.1,padic,eigenvector_costweight,12,570,False,0.052170893145305125,0.02938142237274656,0.010501426391608835,0.005607372784297764,0.056368119352584456,2.1701309824700084,0.04,False,100,200
1000,2,True,0.1,padic,eigenvector_costweight,13,690,False,0.05178467027778069,0.030475391979487964,0.011123686687539422,0.004444508399396143,0.054596725050238604,1.9156668914599184,0.04,False,100,200
1000,2,True,0.1,padic,eigenvector_costweight,14,870,False,0.051399780514550686,0.029450664202685887,0.010735675001874152,0.007067492059506006,0.05352191499001983,2.0445026798997814,0.06,False,100,200
1000,2,True,0.1,padic,eigenvector_costweight,15,930,False,0.05129236704216674,0.030531544393057178,0.012157474635819704,0.0015328319951267337,0.05658318036314073,1.7076591373624357,0.04,False,100,200
1000,2,True,0.1,padic,eigenvector_costweight,16,630,False,0.05090943318136722,0.03125169405010882,0.011661835234681343,0.004352851584498707,0.056276163789916366,1.6856471332057492,0.08,False,100,200
1000,2,True,0.1,padic,eigenvector_costweight,17,462,False,0.05082047372737142,0.031144697979978323,0.011694255185142123,0.009313728360110528,0.05670538635916533,1.682516366873173,0.12,False,100,200
1000,2,True,0.1,padic,eigenvector_costweight,18,19,True,0.05057931691534211,0.044526437228784445,0.0037901291637121417,0.03636473076420508,0.05557383692638091,1.597011453992063,0.12,False,100,200
1000,2,True,0.1,padic,eigenvector_costweight,19,546,False,0.0501666292592483,0.03191490763263496,0.010586317172348087,0.004808553865916482,0.05278550291961475,1.7240860376153886,0.12,False,100,200
1000,2,True,0.1,padic,eigenvector_costweight,20,30,False,0.049892436113002,0.026634733743469047,0.010395405954637303,0.0014173715890376652,0.04505980441407122,2.237305832116916,0.0,False,100,200
1000,2,True,0.1,padic,pagerank,1,2,True,0.2143214394729103,0.21418656103132874,0.00029075427800587434,0.2131593007894511,0.21476499486920403,0.46389151178321353,0.62,False,100,200
1000,2,True,0.1,padic,pagerank,2,3,True,0.06301311473294254,0.06390185840996439,0.00038723504802293485,0.06289825670971928,0.06484178863086142,-2.2951013384749586,0.02,False,100,200
1000,2,True,0.1,padic,pagerank,3,5,True,0.03471127303657962,0.03527712769584555,0.00025415783601210755,0.03448087339460846,0.035978636012690024,-2.2263907662440436,0.04,False,100,200
1000,2,True,0.1,padic,pagerank,4,7,True,0.02399661714915585,0.02439814497221049,0.00023466184375280284,0.023804838933852126,0.025120847108703475,-1.7110912308249722,0.04,False,100,200
1000,2,True,0.1,padic,pagerank,5,11,True,0.01508376336776602,0.015315858610753337,0.0001741769205043912,0.01498795963920474,0.015734861475065514,-1.3325258152182367,0.2,False,100,200
1000,2,True,0.1,padic,pagerank,6,13,True,0.01274556724150003,0.012858812646800034,0.00017375708517288938,0.012445899419842381,0.013279545052748932,-0.6517455399721973,0.62,False,100,200
1000,2,True,0.1,padic,pagerank,7,17,True,0.0098453492598238,0.009909086856864556,0.00016078715911018034,0.00956160340107632,0.010438133317523845,-0.39640974685721025,0.78,False,100,200
1000,2,True,0.1,padic,pagerank,8,19,True,0.00885098178001361,0.008888471614079171,0.00016616903698716154,0.008406513798442166,0.009300511327462905,-0.22561263364882828,0.88,False,100,200
1000,2,True,0.1,padic,pagerank,9,23,True,0.007429311538582441,0.007396802077614815,0.00014019202907635396,0.007038111540605485,0.007790165992249871,0.23189236350893838,0.76,False,100,200
1000,2,True,0.1,padic,pagerank,10,29,True,0.0060301810775604476,0.005992362185086576,0.0001234583725001845,0.005619761550878012,0.0063561801970482045,0.30632910274121283,0.8,False,100,200
1000,2,True,0.1,padic,pagerank,11,31,True,0.005729521596011591,0.005672816056799885,0.00011754475854538468,0.005381240206047718,0.0059525571435891265,0.48241656976831176,0.68,False,100,200
1000,2,True,0.1,padic,pagerank,12,37,True,0.0048310183699871055,0.004819453279271212,0.0001275806707082824,0.004571430321438002,0.005129765091729729,0.09064923903980576,0.9,False,100,200
1000,2,True,0.1,padic,pagerank,13,41,True,0.004367729309422131,0.0043310436062983905,0.00010116486899926748,0.00410878827815798,0.00457359562596145,0.36263283377557076,0.78,False,100,200
1000,2,True,0.1,padic,pagerank,14,43,True,0.00423762844871709,0.004192399082182722,0.00010266645965738707,0.003926907039654067,0.004464848416429212,0.4405466662170465,0.66,False,100,200
1000,2,True,0.1,padic,pagerank,15,47,True,0.003906654371959416,0.0038810339036644574,8.76467452325387e-05,0.0036190160324106697,0.004047982747489408,0.29231511366432866,0.82,False,100,200
1000,2,True,0.1,padic,pagerank,16,53,True,0.0034342999421095575,0.003371265227971168,9.022869968733089e-05,0.003123408462804666,0.0036631171595853645,0.6986104682525811,0.42,False,100,200
1000,2,True,0.1,padic,pagerank,17,61,True,0.0031129117031772013,0.0030797553663507466,8.582955783093831e-05,0.0029017456607341625,0.003351087605638377,0.38630441149147077,0.64,False,100,200
1000,2,True,0.1,padic,pagerank,18,59,True,0.0031129117031772013,0.0030837139347057174,7.851644119343017e-05,0.002865682602418554,0.0033283740945903384,0.37186821037333734,0.7,False,100,200
1000,2,True,0.1,padic,pagerank,19,71,True,0.0028271311785423945,0.0027695349141772583,8.207022085867356e-05,0.002602551301943797,0.0029718207433465575,0.7017924865137052,0.52,False,100,200
1000,2,True,0.1,padic,pagerank,20,67,True,0.0028271311785423945,0.0027691938831956114,7.949030587160387e-05,0.0026183293409985466,0.0029688755869860402,0.7288598868944536,0.46,False,100,200
1000,2,True,0.1,padic,betweenness,1,2,True,0.8789829659318636,0.8812099699398799,0.007500847940159282,0.861811957247829,0.8998037742150969,-0.2969003005770019,0.74,False,100,200
1000,2,True,0.1,padic,betweenness,2,3,True,0.2526778557114226,0.24117153056112225,0.01915883816950254,0.18633767535070137,0.28592393119572507,0.6005753088209946,0.46,False,100,200
1000,2,True,0.1,padic,betweenness,3,5,True,0.12648046092184353,0.11264351619906479,0.01430660820470715,0.07769706078824316,0.13898380093520366,0.9671715702835926,0.36,False,100,200
1000,2,True,0.1,padic,betweenness,4,7,True,0.0849816299265196,0.06971907565130261,0.011306583790049417,0.04580870073480297,0.09800768203072813,1.3498820296762948,0.22,False,100,200
1000,2,True,0.1,padic,betweenness,5,11,True,0.03707331329325313,0.03751379425517702,0.006679166325257576,0.019483967935871725,0.054974949899799584,-0.06594849423919802,0.98,False,100,200
1000,2,True,0.1,padic,betweenness,6,13,True,0.027661155644622647,0.030379642618570478,0.005992586106454559,0.01919756179024718,0.0454387942551771,-0.4536417042084354,0.72,False,100,200
1000,2,True,0.1,padic,betweenness,7,17,True,0.026620741482965962,0.022818044422177688,0.006314577579593804,0.010909318637274554,0.03880594522378084,0.6022092551490793,0.54,False,100,200
1000,2,True,0.1,padic,betweenness,8,29,True,0.016651636606546418,0.012735521042084174,0.004010875005701413,0.0041007014028056135,0.022495824983299932,0.9763743719002795,0.3,False,100,200
1000,2,True,0.1,padic,betweenness,9,19,True,0.014468102872411487,0.019637161823647296,0.004998759950969113,0.008832247828991318,0.03597361389445559,-1.0340682493132483,0.28,False,100,200
1000,2,True,0.1,padic,betweenness,10,23,True,0.01158233132932531,0.014923718269873083,0.004332259555656225,0.006669171676686703,0.029378340013360118,-0.771280413285772,0.48,False,100,200
1000,2,True,0.1,padic,betweenness,11,43,True,0.008814295257181042,0.006881771877087507,0.002765972931130909,0.002167668670674687,0.014175016700066784,0.6986776184043846,0.48,False,100,200
1000,2,True,0.1,padic,betweenness,12,37,True,0.008763360053440222,0.008683132932531732,0.0038976554420000905,0.0017376419505678018,0.021391115564462285,0.0205834307578823,0.8,False,100,200
1000,2,True,0.1,padic,betweenness,13,53,True,0.00853790915163658,0.005713105377421509,0.0030901406270325772,0.00047094188376753545,0.016557281229124914,0.9141343761198646,0.36,False,100,200
1000,2,True,0.1,padic,betweenness,14,47,True,0.008157982631930537,0.006959468937875751,0.0031088984390143645,0.001334335337341349,0.015499749498998038,0.3855107259260492,0.76,False,100,200
1000,2,True,0.1,padic,betweenness,15,31,True,0.007701235804943223,0.011151962257849028,0.004118329415236319,0.0036305945223780926,0.021237474949899797,-0.8378947153035838,0.42,False,100,200
1000,2,True,0.1,padic,betweenness,16,61,True,0.006902972611890446,0.004975346526386109,0.0027358232651560305,0.0004609218436873743,0.012634435537742177,0.7045872114821708,0.44,False,100,200
1000,2,True,0.1,padic,betweenness,17,59,True,0.0064328657314629036,0.004766407815631262,0.0026116874716328098,0.0006997327989311947,0.01380260521042083,0.6380770800228189,0.48,False,100,200
1000,2,True,0.1,padic,betweenness,18,73,True,0.006099699398797595,0.004102421509686038,0.002170141489531015,0.000846693386773547,0.00985470941883763,0.9203445483838867,0.38,False,100,200
1000,2,True,0.1,padic,betweenness,19,83,True,0.00562625250501002,0.004006245824983301,0.0024722274850184256,0.0005627922511690053,0.011751837007348042,0.655282205963601,0.44,False,100,200
1000,2,True,0.1,padic,betweenness,20,107,True,0.0051578156312625245,0.0024471693386773556,0.0016776175066154301,0.0002304609218436876,0.008384268537074163,1.6157713435250565,0.14,False,100,200
1000,2,False,0.1,padic,degree,1,2,True,499.0,499.0,0.0,499.0,499.0,0.0,1.0,True,100,200
1000,2,False,0.1,padic,degree,2,3,True,332.0,332.0,0.0,332.0,332.0,0.0,1.0,True,100,200
1000,2,False,0.1,padic,degree,3,5,True,199.0,199.0,0.0,199.0,199.0,0.0,1.0,True,100,200
1000,2,False,0.1,padic,degree,4,7,True,141.0,141.0,0.0,141.0,141.0,0.0,1.0,True,100,200
1000,2,False,0.1,padic,degree,5,11,True,89.0,89.0,0.0,89.0,89.0,0.0,1.0,True,100,200
1000,2,False,0.1,padic,degree,6,13,True,75.0,75.0,0.0,75.0,75.0,0.0,1.0,True,100,200
1000,2,False,0.1,padic,degree,7,17,True,57.0,57.0,0.0,57.0,57.0,0.0,1.0,True,100,200
1000,2,False,0.1,padic,degree,8,19,True,51.0,51.0,0.0,51.0,51.0,0.0,1.0,True,100,200
1000,2,False,0.1,padic,degree,9,23,True,42.0,42.0,0.0,42.0,42.0,0.0,1.0,True,100,200
1000,2,False,0.1,padic,degree,10,29,True,33.0,33.0,0.0,33.0,33.0,0.0,1.0,True,100,200
1000,2,False,0.1,padic,degree,11,31,True,31.0,31.0,0.0,31.0,31.0,0.0,1.0,True,100,200
1000,2,False,0.1,padic,degree,12,37,True,26.0,26.0,0.0,26.0,26.0,0.0,1.0,True,100,200
1000,2,False,0.1,padic,degree,13,41,True,23.0,23.0,0.0,23.0,23.0,0.0,1.0,True,100,200
1000,2,False,0.1,padic,degree,14,43,True,22.0,22.0,0.0,22.0,22.0,0.0,1.0,True,100,200
1000,2,False,0.1,padic,degree,15,47,True,20.0,20.0,0.0,20.0,20.0,0.0,1.0,True,100,200
1000,2,False,0.1,padic,degree,16,53,True,17.0,17.0,0.0,17.0,17.0,0.0,1.0,True,100,200
1000,2,False,0.1,padic,degree,17,59,True,15.0,15.0,0.0,15.0,15.0,0.0,1.0,True,100,200
1000,2,False,0.1,padic,degree,18,61,True,15.0,15.0,0.0,15.0,15.0,0.0,1.0,True,100,200
1000,2,False,0.1,padic,degree,19,71,True,13.0,13.0,0.0,13.0,13.0,0.0,1.0,True,100,200
1000,2,False,0.1,padic,degree,20,67,True,13.0,13.0,0.0,13.0,13.0,0.0,1.0,True,100,200
1000,2,False,0.1,padic,degree_weighted,1,2,True,1492.0,1492.0,0.0,1492.0,1492.0,0.0,1.0,True,100,200
1000,2,False,0.1,padic,degree_weighted,2,3,True,829.0,829.0,0.0,829.0,829.0,0.0,1.0,True,100,200
1000,2,False,0.1,padic,degree_weighted,3,5,True,447.0,447.0,0.0,447.0,447.0,0.0,1.0,True,100,200
1000,2,False,0.1,padic,degree_weighted,4,7,True,304.0,304.0,0.0,304.0,304.0,0.0,1.0,True,100,200
1000,2,False,0.1,padic,degree_weighted,5,11,True,186.0,186.0,0.0,186.0,186.0,0.0,1.0,True,100,200
1000,2,False,0.1,padic,degree_weighted,6,13,True,155.0,155.0,0.0,155.0,155.0,0.0,1.0,True,100,200
1000,2,False,0.1,padic,degree_weighted,7,17,True,117.0,117.0,0.0,117.0,117.0,0.0,1.0,True,100,200
1000,2,False,0.1,padic,degree_weighted,8,19,True,104.0,104.0,0.0,104.0,104.0,0.0,1.0,True,100,200
1000,2,False,0.1,padic,degree_weighted,9,23,True,85.0,85.0,0.0,85.0,85.0,0.0,1.0,True,100,200
1000,2,False,0.1,padic,degree_weighted,10,29,True,67.0,67.0,0.0,67.0,67.0,0.0,1.0,True,100,200
1000,2,False,0.1,padic,degree_weighted,11,31,True,63.0,63.0,0.0,63.0,63.0,0.0,1.0,True,100,200
1000,2,False,0.1,padic,degree_weighted,12,37,True,52.0,52.0,0.0,52.0,52.0,0.0,1.0,True,100,200
1000,2,False,0.1,padic,degree_weighted,13,41,True,46.0,46.0,0.0,46.0,46.0,0.0,1.0,True,100,200
1000,2,False,0.1,padic,degree_weighted,14,43,True,44.0,44.0,0.0,44.0,44.0,0.0,1.0,True,100,200
1000,2,False,0.1,padic,degree_weighted,15,47,True,40.0,40.0,0.0,40.0,40.0,0.0,1.0,True,100,200
1000,2,False,0.1,padic,degree_weighted,16,53,True,34.0,34.0,0.0,34.0,34.0,0.0,1.0,True,100,200
1000,2,False,0.1,padic,degree_weighted,17,61,True,30.0,30.0,0.0,30.0,30.0,0.0,1.0,True,100,200
1000,2,False,0.1,padic,degree_weighted,18,59,True,30.0,30.0,0.0,30.0,30.0,0.0,1.0,True,100,200
1000,2,False,0.1,padic,degree_weighted,19,71,True,26.0,26.0,0.0,26.0,26.0,0.0,1.0,True,100,200
1000,2,False,0.1,padic,degree_weighted,20,67,True,26.0,26.0,0.0,26.0,26.0,0.0,1.0,True,100,200
1000,2,False,0.1,padic,eigenvector,1,2,True,0.6512841422532969,0.6493571877709382,0.002854316282374392,0.6428500080155571,0.6576288217199264,0.6751019479718389,0.44,False,100,200
1000,2,False,0.1,padic,eigenvector,2,3,True,0.23320281253581387,0.24099788617717638,0.009154304466687439,0.21580021195426946,0.26113276554618775,-0.8515200329777933,0.5,False,100,200
1000,2,False,0.1,padic,eigenvector,3,5,True,0.1075280525583155,0.10508778545805451,0.006367944485640989,0.0904291422167546,0.12155365606207233,0.3832111140044519,0.64,False,100,200
1000,2,False,0.1,padic,eigenvector,4,512,False,0.08381067623693213,0.009655208418844187,0.01217218230320726,0.0,0.04944148535834533,6.092208116086845,0.0,False,100,200
1000,2,False,0.1,padic,eigenvector,5,768,False,0.08143156203140765,0.019865438364395974,0.01599491314797158,0.00026537406849673945,0.08320501744054946,3.849106468878782,0.02,False,100,200
1000,2,False,0.1,padic,eigenvector,6,256,False,0.0754296086132389,0.010086739910787892,0.011888163311274128,3.647214208590778e-15,0.05800251026644824,5.4964645918418,0.0,False,100,200
1000,2,False,0.1,padic,eigenvector,7,384,False,0.07305049440771444,0.019691186502375776,0.016565983816221583,9.832757779277503e-05,0.0722794507323073,3.221016541926636,0.0,False,100,200
1000,2,False,0.1,padic,eigenvector,8,640,False,0.0698159963027286,0.018395719490369444,0.015190574542433031,0.00020845201439872129,0.06084799755578317,3.3850119802067287,0.0,False,100,200
1000,2,False,0.1,padic,eigenvector,9,7,True,0.06893038848427312,0.06602882603864678,0.00486298358869696,0.050190534843690356,0.07617656264899365,0.596663014115538,0.6,False,100,200
1000,2,False,0.1,padic,eigenvector,10,896,False,0.06882260613172907,0.016351093286782966,0.014003129127862564,5.95707125160743e-06,0.05940931471301749,3.7471276859499576,0.0,False,100,200
1000,2,False,0.1,padic,eigenvector,11,576,False,0.06767040349310559,0.015689104786271512,0.011305113120780235,0.00024244286074678208,0.04775240965844959,4.598034371835328,0.0,False,100,200
1000,2,False,0.1,padic,eigenvector,12,960,False,0.06743688209720412,0.025323815950837218,0.01781545464305668,0.00014836210966914245,0.06880858151653886,2.3638502070324576,0.04,False,100,200
1000,2,False,0.1,padic,eigenvector,13,128,False,0.06704854098954571,0.009436961890857257,0.013392868881240833,1.8519189586864702e-06,0.06686216348008715,4.301660802442711,0.0,False,100,200
1000,2,False,0.1,padic,eigenvector,14,192,False,0.06466942678402123,0.019008532120769167,0.01577783477101227,6.74440824956428e-05,0.08896864529481209,2.8939899121736437,0.04,False,100,200
1000,2,False,0.1,padic,eigenvector,15,864,False,0.062290312578496744,0.019730327017262194,0.015498811360649758,7.191954081037843e-05,0.0643786340946571,2.7460161021954854,0.02,False,100,200
1000,2,False,0.1,padic,eigenvector,16,320,False,0.06143492867903538,0.01683346219722244,0.014662261455425308,8.452160537392411e-05,0.06380611573855079,3.0419227359575953,0.02,False,100,200
1000,2,False,0.1,padic,eigenvector,17,448,False,0.060441538508035846,0.01718860731303785,0.012329487934474477,0.00012771665956311142,0.0507571719842798,3.5080882048684674,0.0,False,100,200
1000,2,False,0.1,padic,eigenvector,18,704,False,0.05970730040579693,0.017325949390194228,0.014899808585442043,0.0001555267906613506,0.062307862169427686,2.8444225154014178,0.04,False,100,200
1000,2,False,0.1,padic,eigenvector,19,832,False,0.0595185632943671,0.01769689115399375,0.015128623184139274,7.726265914080962e-05,0.07333513946189037,2.7644070204761824,0.04,False,100,200
1000,2,False,0.1,padic,eigenvector,20,288,False,0.05928933586941238,0.01935579655638591,0.014568924176325831,1.4697025917221992e-15,0.07060705563469129,2.7410081094331975,0.02,False,100,200
1000,2,False,0.1,padic,eigenvector_costweight,1,2,True,0.5120114176579453,0.522615651346607,0.0026838583153752254,0.5168230862728915,0.5289842934793461,-3.951115313320615,0.0,False,100,200
1000,2,False,0.1,padic,eigenvector_costweight,2,3,True,0.3814305491681668,0.38440523777991087,0.005375609492626817,0.37192027702575836,0.4003164355848447,-0.5533676908309271,0.52,False,100,200
1000,2,False,0.1,padic,eigenvector_costweight,3,5,True,0.21688057028731647,0.2062203497215837,0.007956426860753436,0.18425127955798287,0.22673210376164696,1.339825119026264,0.2,False,100,200
1000,2,False,0.1,padic,eigenvector_costweight,4,7,True,0.14584841196226297,0.1336811838745155,0.006530804790198479,0.11900426915526202,0.14669661531499598,1.8630518716480644,0.02,False,100,200
1000,2,False,0.1,padic,eigenvector_costweight,5,11,True,0.08629716484192329,0.07637220580440506,0.005284380885550945,0.06397031541554957,0.08998859612799731,1.8781687490877201,0.08,False,100,200
1000,2,False,0.1,padic,eigenvector_costweight,6,13,True,0.07135400529502404,0.06320569187877748,0.004947125864042063,0.05128339889651889,0.07657727442987321,1.6470802725016833,0.08,False,100,200
1000,2,False,0.1,padic,eigenvector_costweight,7,210,False,0.05756706730631469,0.029481767916475804,0.011732057777033412,0.002713931313969751,0.05750871981259564,2.3938937161406106,0.0,False,100,200
1000,2,False,0.1,padic,eigenvector_costweight,8,330,False,0.0548379875975822,0.03060725973286254,0.011557169014557105,0.003029941201933155,0.05785003593516944,2.0965971713487335,0.02,False,100,200
1000,2,False,0.1,padic,eigenvector_costweight,9,390,False,0.05415318122658368,0.031105142290423562,0.010291604698390817,0.00651632244856972,0.05431433774700381,2.2394990491389435,0.02,False,100,200
1000,2,False,0.1,padic,eigenvector_costweight,10,510,False,0.05330155409328945,0.031447454603506605,0.01129958159070365,0.005614693589141313,0.054897608751695116,1.9340627185490276,0.06,False,100,200
1000,2,False,0.1,padic,eigenvector_costweight,11,570,False,0.05303404511029999,0.029454687169886872,0.010806519291395263,0.004882075160848603,0.05729830579540784,2.181956771149085,0.04,False,100,200
1000,2,False,0.1,padic,eigenvector_costweight,12,17,True,0.052770650033338876,0.045823794413642205,0.004215754177367046,0.03528539596475192,0.05693342817568034,1.6478322329589274,0.14,False,100,200
1000,2,False,0.1,padic,eigenvector_costweight,13,690,False,0.05263097781333157,0.030583588970661407,0.011439621268356282,0.0036863979224248233,0.05553002486067252,1.9272831088959705,0.04,False,100,200
1000,2,False,0.1,padic,eigenvector_costweight,14,870,False,0.052230342912438034,0.029550117950588373,0.011045530786088928,0.006504052067046147,0.054340263253406226,2.05333952718812,0.06,False,100,200
1000,2,False,0.1,padic,eigenvector_costweight,15,930,False,0.05211838808800061,0.030640244651852132,0.0125026602926082,0.0006683895456976791,0.057555502445831346,1.7178858685656484,0.04,False,100,200
1000,2,False,0.1,padic,eigenvector_costweight,16,630,False,0.05174040862500078,0.03141976874559043,0.01197590969142452,0.003579692716260292,0.05721965502844874,1.696793012221958,0.08,False,100,200
1000,2,False,0.1,padic,eigenvector_costweight,17,462,False,0.051582767404295675,0.031266123136737385,0.01201233933519979,0.008716533654556368,0.057712513115211986,1.6913145475356626,0.12,False,100,200
1000,2,False,0.1,padic,eigenvector_costweight,18,546,False,0.05089796103329719,0.032059907707922594,0.010886272223713023,0.004158222442708756,0.05361836191851496,1.7304411407552927,0.12,False,100,200
1000,2,False,0.1,padic,eigenvector_costweight,19,30,False,0.05088321161480321,0.02677282144981776,0.010618380746961021,0.0007843635458156555,0.045830591761661,2.2706277670336728,0.0,False,100,200
1000,2,False,0.1,padic,eigenvector_costweight,20,714,False,0.05004633390000294,0.02976176649482493,0.012023663352764771,0.0018341027267815677,0.054646232499428085,1.687053837923172,0.08,False,100,200
1000,2,False,0.1,padic,pagerank,1,2,True,0.13983760514729066,0.13798552117225424,0.0004854472466288414,0.13682424728473513,0.13917887199137696,3.8152116175303425,0.0,False,100,200
1000,2,False,0.1,padic,pagerank,2,3,True,0.07715951762150539,0.07796733875871811,0.00045553419016686674,0.07668134193292309,0.07905877689211248,-1.7733490803770724,0.08,False,100,200
1000,2,False,0.1,padic,pagerank,3,5,True,0.04155691363977402,0.04263417025145014,0.0003304580756891269,0.041888911862120425,0.04357640449357159,-3.259888896434587,0.0,False,100,200
1000,2,False,0.1,padic,pagerank,4,7,True,0.02830145653131733,0.02921710885292179,0.0003033391094282784,0.028497527728145268,0.030108351047789545,-3.018576547317786,0.0,False,100,200
1000,2,False,0.1,padic,pagerank,5,11,True,0.017441054586156777,0.018100695275888885,0.0002164559625299845,0.01762109372221926,0.018639628212630422,-3.0474590860057353,0.0,False,100,200
1000,2,False,0.1,padic,pagerank,6,13,True,0.014612135453787048,0.015083966855566136,0.00019875298014502936,0.014578342346042177,0.015506665320093191,-2.3739588781752827,0.02,False,100,200
1000,2,False,0.1,padic,pagerank,7,17,True,0.011109791682014833,0.011467514819081497,0.00021113505139884673,0.011072266756482492,0.01207531549693308,-1.6942858833557866,0.04,False,100,200
1000,2,False,0.1,padic,pagerank,8,19,True,0.009922717867125825,0.010233884815614205,0.000235135800800755,0.0097543426891683,0.010927247246742834,-1.3233499425808135,0.12,False,100,200
1000,2,False,0.1,padic,pagerank,9,23,True,0.008218208234138172,0.00841380728296842,0.0001649231148684046,0.008019049823913672,0.008811259266240238,-1.1860014224587054,0.22,False,100,200
1000,2,False,0.1,padic,pagerank,10,29,True,0.006552839766815145,0.006690930962204411,0.00016124220264131041,0.006258608986760815,0.007206298342154248,-0.8564209191340119,0.3,False,100,200
1000,2,False,0.1,padic,pagerank,11,31,True,0.0061971154726008365,0.006298365540791285,0.00015438881337448984,0.005954738298549725,0.006777853903209956,-0.6558122054144967,0.56,False,100,200
1000,2,False,0.1,padic,pagerank,12,37,True,0.005122448140498267,0.005253964380603817,0.00016040713924951857,0.0049347308924699886,0.005660591658458404,-0.8198901914270187,0.46,False,100,200
1000,2,False,0.1,padic,pagerank,13,41,True,0.004577833638939671,0.004654946129197588,0.00012930842232184768,0.004410393703406451,0.00507443872237778,-0.59634545742105,0.56,False,100,200
1000,2,False,0.1,padic,pagerank,14,43,True,0.004417757431813953,0.00448453444636555,0.0001361733130457152,0.004144375311103148,0.0048560264445436,-0.4903825357408823,0.7,False,100,200
1000,2,False,0.1,padic,pagerank,15,47,True,0.004026192084744728,0.004115575264122134,0.00013419138621455201,0.00381812567828065,0.004506907947057762,-0.6660873093187599,0.46,False,100,200
1000,2,False,0.1,padic,pagerank,16,53,True,0.003469981935249081,0.0034931972120129345,0.0001306637685870593,0.0032374030674901778,0.004021833386618879,-0.17767187503386656,0.9,False,100,200
1000,2,False,0.1,padic,pagerank,17,59,True,0.003090680228129255,0.003122309520468582,0.00011494623965391963,0.002854667421647191,0.0035504802896102953,-0.27516595962213986,0.84,False,100,200
1000,2,False,0.1,padic,pagerank,18,61,True,0.003090680228129255,0.00312255428130038,0.00012655565265969992,0.0028880050267778676,0.0036045113682342195,-0.25185799686745103,0.96,False,100,200
1000,2,False,0.1,padic,pagerank,19,67,True,0.00274922139054003,0.0027382185458883278,0.00011762336537438103,0.0025211004142691555,0.0031769361065281908,0.09354301857187974,0.82,False,100,200
1000,2,False,0.1,padic,pagerank,20,71,True,0.00274922139054003,0.0027423257875786406,0.00010986285789180896,0.002522635704201923,0.002975153704081064,0.06276555237786494,0.9,False,100,200
1000,2,False,0.1,padic,betweenness,1,2,True,0.5804887115500841,0.5666134902790879,0.016499529515839335,0.5240171175684704,0.6149744409453826,0.8409464801815254,0.46,False,100,200
1000,2,False,0.1,padic,betweenness,2,3,True,0.26781788577154303,0.2775546278874699,0.021661988014870404,0.22338875169586592,0.3282384097198726,-0.4494851584832706,0.66,False,100,200
1000,2,False,0.1,padic,betweenness,3,5,True,0.14547120641107875,0.1238790983506892,0.016918886761672535,0.08791325740336259,0.16474035300037304,1.276213285457029,0.22,False,100,200
1000,2,False,0.1,padic,betweenness,4,864,False,0.10296092184368735,0.001227700058738009,0.011127246799920658,0.0,0.11135270541082164,9.14271280346498,0.02,False,100,200
1000,2,False,0.1,padic,betweenness,5,7,True,0.09053177236368619,0.07054178902085646,0.013542862569799984,0.03555580469408124,0.10094811285630427,1.4760530308715205,0.12,False,100,200
1000,2,False,0.1,padic,betweenness,6,800,False,0.04783817635270541,0.0004399864878497143,0.0021658812563034612,0.0,0.018509519038076152,21.884020523706297,0.0,False,100,200
1000,2,False,0.1,padic,betweenness,7,784,False,0.04341850367401469,0.00014291231046243978,0.0005648941850673911,0.0,0.005188710754843021,76.6083144551923,0.0,False,100,200
1000,2,False,0.1,padic,betweenness,8,11,True,0.04158198053256554,0.035280303435107976,0.009694440140883137,0.016474206529943004,0.060042253157107824,0.6500300178121998,0.38,False,100,200
1000,2,False,0.1,padic,betweenness,9,675,False,0.02508350033400133,0.00019011907370211436,0.0006841435053490893,0.0,0.004575818303273213,36.386198313169984,0.0,False,100,200
1000,2,False,0.1,padic,betweenness,10,13,True,0.02454908551211452,0.026525779711708945,0.008290566827897404,0.011248494449772007,0.050880098593508984,-0.23842690622104845,0.82,False,100,200
1000,2,False,0.1,padic,betweenness,11,968,False,0.02223411903171422,0.00032838272999984584,0.0018987956350982643,0.0,0.017324649298597193,11.536647702784897,0.0,False,100,200
1000,2,False,0.1,padic,betweenness,12,17,True,0.02222802265026421,0.018161319964577836,0.007162867838723722,0.007149567102347667,0.04025691242625108,0.5677478319090395,0.5,False,100,200
1000,2,False,0.1,padic,betweenness,13,1000,False,0.017364729458917837,0.0005782198871602684,0.003380924426588285,0.0,0.032683283233132986,4.965065009955567,0.02,False,100,200
1000,2,False,0.1,padic,betweenness,14,19,True,0.013335180061205638,0.015383929885145782,0.006294953576498704,0.004351045677593515,0.034835513545683885,-0.3254590838586729,0.88,False,100,200
1000,2,False,0.1,padic,betweenness,15,832,False,0.01314629258517034,0.0003462438904059645,0.0018507571178094733,0.0,0.015489168813818111,6.9161148005818855,0.02,False,100,200
1000,2,False,0.1,padic,betweenness,16,544,False,0.011724615898463592,0.00015950217194017293,0.00044179883892542986,0.0,0.002723947895791583,26.17732938061313,0.0,False,100,200
1000,2,False,0.1,padic,betweenness,17,29,True,0.009634656731600617,0.008125836838015503,0.004769419222770344,0.0013619083404905043,0.021479598359026325,0.31635296104432337,0.68,False,100,200
1000,2,False,0.1,padic,betweenness,18,891,False,0.008001002004008016,0.0006236996699164786,0.005181602046145461,0.0,0.05160821643286573,1.4237493092661246,0.02,False,100,200
1000,2,False,0.1,padic,betweenness,19,608,False,0.00760379091516366,0.00029317163839834173,0.0011458459349678344,0.0,0.008486973947895791,6.380106656284935,0.02,False,100,200
1000,2,False,0.1,padic,betweenness,20,441,False,0.007258266533066129,0.00016088353946504068,0.0005195989945165045,0.0,0.003906145624582498,13.659347051287755,0.0,False,100,200
1000,2,True,0.1,uniform,degree,1,2,True,666.0,666.0,0.0,666.0,666.0,0.0,1.0,True,100,200
1000,2,True,0.1,uniform,degree,2,3,True,333.0,333.0,0.0,333.0,333.0,0.0,1.0,True,100,200
1000,2,True,0.1,uniform,degree,3,5,True,200.0,200.0,0.0,200.0,200.0,0.0,1.0,True,100,200
1000,2,True,0.1,uniform,degree,4,7,True,142.0,142.0,0.0,142.0,142.0,0.0,1.0,True,100,200
1000,2,True,0.1,uniform,degree,5,11,True,90.0,90.0,0.0,90.0,90.0,0.0,1.0,True,100,200
1000,2,True,0.1,uniform,degree,6,13,True,76.0,76.0,0.0,76.0,76.0,0.0,1.0,True,100,200
1000,2,True,0.1,uniform,degree,7,17,True,58.0,58.0,0.0,58.0,58.0,0.0,1.0,True,100,200
1000,2,True,0.1,uniform,degree,8,19,True,52.0,52.0,0.0,52.0,52.0,0.0,1.0,True,100,200
1000,2,True,0.1,uniform,degree,9,23,True,43.0,43.0,0.0,43.0,43.0,0.0,1.0,True,100,200
1000,2,True,0.1,uniform,degree,10,29,True,34.0,34.0,0.0,34.0,34.0,0.0,1.0,True,100,200
1000,2,True,0.1,uniform,degree,11,31,True,32.0,32.0,0.0,32.0,32.0,0.0,1.0,True,100,200
1000,2,True,0.1,uniform,degree,12,37,True,27.0,27.0,0.0,27.0,27.0,0.0,1.0,True,100,200
1000,2,True,0.1,uniform,degree,13,41,True,24.0,24.0,0.0,24.0,24.0,0.0,1.0,True,100,200
1000,2,True,0.1,uniform,degree,14,43,True,23.0,23.0,0.0,23.0,23.0,0.0,1.0,True,100,200
1000,2,True,0.1,uniform,degree,15,47,True,21.0,21.0,0.0,21.0,21.0,0.0,1.0,True,100,200
1000,2,True,0.1,uniform,degree,16,53,True,18.0,18.0,0.0,18.0,18.0,0.0,1.0,True,100,200
1000,2,True,0.1,uniform,degree,17,61,True,16.0,16.0,0.0,16.0,16.0,0.0,1.0,True,100,200
1000,2,True,0.1,uniform,degree,18,59,True,16.0,16.0,0.0,16.0,16.0,0.0,1.0,True,100,200
1000,2,True,0.1,uniform,degree,19,67,True,14.0,14.0,0.0,14.0,14.0,0.0,1.0,True,100,200
1000,2,True,0.1,uniform,degree,20,71,True,14.0,14.0,0.0,14.0,14.0,0.0,1.0,True,100,200
1000,2,True,0.1,uniform,degree_weighted,1,2,True,2169.0,2169.0,0.0,2169.0,2169.0,0.0,1.0,True,100,200
1000,2,True,0.1,uniform,degree_weighted,2,3,True,342.0,342.0,0.0,342.0,342.0,0.0,1.0,True,100,200
1000,2,True,0.1,uniform,degree_weighted,3,5,True,209.0,209.0,0.0,209.0,209.0,0.0,1.0,True,100,200
1000,2,True,0.1,uniform,degree_weighted,4,7,True,151.0,151.0,0.0,151.0,151.0,0.0,1.0,True,100,200
1000,2,True,0.1,uniform,degree_weighted,5,11,True,99.0,99.0,0.0,99.0,99.0,0.0,1.0,True,100,200
1000,2,True,0.1,uniform,degree_weighted,6,13,True,85.0,85.0,0.0,85.0,85.0,0.0,1.0,True,100,200
1000,2,True,0.1,uniform,degree_weighted,7,17,True,67.0,67.0,0.0,67.0,67.0,0.0,1.0,True,100,200
1000,2,True,0.1,uniform,degree_weighted,8,19,True,61.0,61.0,0.0,61.0,61.0,0.0,1.0,True,100,200
1000,2,True,0.1,uniform,degree_weighted,9,23,True,52.0,52.0,0.0,52.0,52.0,0.0,1.0,True,100,200
1000,2,True,0.1,uniform,degree_weighted,10,29,True,43.0,43.0,0.0,43.0,43.0,0.0,1.0,True,100,200
1000,2,True,0.1,uniform,degree_weighted,11,31,True,41.0,41.0,0.0,41.0,41.0,0.0,1.0,True,100,200
1000,2,True,0.1,uniform,degree_weighted,12,37,True,36.0,36.0,0.0,36.0,36.0,0.0,1.0,True,100,200
1000,2,True,0.1,uniform,degree_weighted,13,41,True,33.0,33.0,0.0,33.0,33.0,0.0,1.0,True,100,200
1000,2,True,0.1,uniform,degree_weighted,14,43,True,32.0,32.0,0.0,32.0,32.0,0.0,1.0,True,100,200
1000,2,True,0.1,uniform,degree_weighted,15,47,True,30.0,30.0,0.0,30.0,30.0,0.0,1.0,True,100,200
1000,2,True,0.1,uniform,degree_weighted,16,53,True,27.0,27.0,0.0,27.0,27.0,0.0,1.0,True,100,200
1000,2,True,0.1,uniform,degree_weighted,17,61,True,25.0,25.0,0.0,25.0,25.0,0.0,1.0,True,100,200
1000,2,True,0.1,uniform,degree_weighted,18,59,True,25.0,25.0,0.0,25.0,25.0,0.0,1.0,True,100,200
1000,2,True,0.1,uniform,degree_weighted,19,67,True,23.0,23.0,0.0,23.0,23.0,0.0,1.0,True,100,200
1000,2,True,0.1,uniform,degree_weighted,20,71,True,23.0,23.0,0.0,23.0,23.0,0.0,1.0,True,100,200
1000,2,True,0.1,uniform,eigenvector,1,2,True,0.7054671506253183,0.7055271198701786,1.2220978453778411e-05,0.7054913163236813,0.7055585864319353,-4.907073937445972,0.0,False,100,200
1000,2,True,0.1,uniform,eigenvector,2,3,True,0.06272950685405716,0.06289978620250758,0.00028700298464851275,0.062230022100866686,0.06343036419379607,-0.5933016642977667,0.6,False,100,200
1000,2,True,0.1,uniform,eigenvector,3,5,True,0.05908516560388671,0.05899699462466513,0.00025717315981552705,0.05818377032294973,0.05963566536960405,0.34284673907959734,0.68,False,100,200
1000,2,True,0.1,uniform,eigenvector,4,7,True,0.057477066497307536,0.0573364050557231,0.00018986983110469722,0.05679669739783519,0.05785254707087703,0.7408309196149913,0.4,False,100,200
1000,2,True,0.1,uniform,eigenvector,5,11,True,0.056031603596491064,0.055912836462971134,0.00016030805879219795,0.05543847860137204,0.056316159082227604,0.7408681410948664,0.44,False,100,200
1000,2,True,0.1,uniform,eigenvector,6,13,True,0.05564310394274545,0.055552578420611703,0.00015829277060037966,0.05521667225436716,0.055974091933939214,0.5718866489631704,0.54,False,100,200
1000,2,True,0.1,uniform,eigenvector,7,17,True,0.055144192661123574,0.055066452450886524,0.00014040500464321517,0.054732494979683674,0.055381274855972995,0.5536854646640936,0.64,False,100,200
1000,2,True,0.1,uniform,eigenvector,8,19,True,0.0549791148456647,0.05491646091876768,0.00012914754052449574,0.05457721860185723,0.0551895586712693,0.4851344953420124,0.62,False,100,200
1000,2,True,0.1,uniform,eigenvector,9,23,True,0.05471275606235892,0.054685299284705245,0.00012732136100391094,0.05441480521544587,0.055010672316252215,0.21564941999644904,0.8,False,100,200
1000,2,True,0.1,uniform,eigenvector,10,29,True,0.05448108177529438,0.054443763755680274,0.00011525935128842966,0.05413391364862117,0.05479033983956475,0.3237743332486449,0.7,False,100,200
1000,2,True,0.1,uniform,eigenvector,11,31,True,0.05442397206988917,0.054390258388685525,0.00011626601261139694,0.054155095474741066,0.05467803838771965,0.2899702195546251,0.7,False,100,200
1000,2,True,0.1,uniform,eigenvector,12,37,True,0.05427248102994614,0.054268998466452445,9.424426161014471e-05,0.054052194954570996,0.0545114362065242,0.03695252564160499,0.96,False,100,200
1000,2,True,0.1,uniform,eigenvector,13,41,True,0.0542120785198487,0.054186216949721165,9.81563674448297e-05,0.05395447318862794,0.05443287369674367,0.2634731785695557,0.8,False,100,200
1000,2,True,0.1,uniform,eigenvector,14,43,True,0.0541645785960767,0.05415647940577618,9.079502286698066e-05,0.05393646514919682,0.054393190162840305,0.08920302065906636,0.96,False,100,200
1000,2,True,0.1,uniform,eigenvector,15,47,True,0.05411118599818887,0.0541133102862661,8.132446592318767e-05,0.05391032376932692,0.05428973395766806,-0.026121143903168657,0.92,False,100,200
1000,2,True,0.1,uniform,eigenvector,16,53,True,0.05404755194391403,0.05404301035833611,7.754843162146312e-05,0.05388013449261401,0.054253914329997446,0.0585645058575256,0.96,False,100,200
1000,2,True,0.1,uniform,eigenvector,17,59,True,0.05399377666815569,0.053983808082922816,7.872997216455411e-05,0.053764968263257336,0.054190211520743846,0.12661741086405723,0.82,False,100,200
1000,2,True,0.1,uniform,eigenvector,18,61,True,0.05399377666815569,0.05398154422945392,6.807067812905282e-05,0.05382143416982156,0.05414946505366101,0.17970202498340165,0.76,False,100,200
1000,2,True,0.1,uniform,eigenvector,19,71,True,0.053939786308738295,0.05392770410187855,6.906446676395838e-05,0.0537613084939026,0.0540964380463054,0.17494099970444377,0.76,False,100,200
1000,2,True,0.1,uniform,eigenvector,20,67,True,0.05393978630873828,0.053925849561997356,7.018357858561593e-05,0.053765923778806325,0.05408002204851984,0.19857560731138724,0.78,False,100,200
1000,2,True,0.1,uniform,eigenvector_costweight,1,2,True,0.5609628076724819,0.5661590060009227,0.001968078911311234,0.5605920979046869,0.5710676870399548,-2.6402388128730565,0.02,False,100,200
1000,2,True,0.1,uniform,eigenvector_costweight,2,3,True,0.3469901047687464,0.35036595628035755,0.005339248376004015,0.33781525583069477,0.36361352477830017,-0.6322709253952469,0.5,False,100,200
1000,2,True,0.1,uniform,eigenvector_costweight,3,5,True,0.1842379433674599,0.17585761488265828,0.006828879057499267,0.15629618309441695,0.19262029838111583,1.227189471982013,0.2,False,100,200
1000,2,True,0.1,uniform,eigenvector_costweight,4,7,True,0.12238733799284245,0.11344696121150274,0.005167627009379956,0.09722028964212737,0.1234519789464324,1.730073932408765,0.06,False,100,200
1000,2,True,0.1,uniform,eigenvector_costweight,5,11,True,0.07317085819689136,0.06580604484717234,0.004118402657063331,0.05681470916001687,0.07575092203850359,1.7882693760135044,0.06,False,100,200
1000,2,True,0.1,uniform,eigenvector_costweight,6,13,True,0.06066148600353819,0.05506435892139901,0.004025492640218757,0.04559221860997915,0.06449145904798213,1.3904203987900008,0.18,False,100,200
1000,2,True,0.1,uniform,eigenvector_costweight,7,840,False,0.04663818937392991,0.030895935066215782,0.010679522387597003,0.002721280655962224,0.04653456441220651,1.4740597693766586,0.0,False,100,200
1000,2,True,0.1,uniform,eigenvector_costweight,8,420,False,0.04663818937392991,0.030907376028547668,0.010204946787766745,0.0031868286349909236,0.04650534121686014,1.5414890123914866,0.0,False,100,200
1000,2,True,0.1,uniform,eigenvector_costweight,9,210,False,0.04663818937392991,0.029868653138556436,0.010835969644759193,0.0022137134410497813,0.046556799794919085,1.5475805843996673,0.0,False,100,200
1000,2,True,0.1,uniform,eigenvector_costweight,10,630,False,0.04663818937392991,0.0319234388258314,0.00975121332427177,0.002866575184725714,0.04690759485554869,1.5090173969912015,0.04,False,100,200
1000,2,True,0.1,uniform,eigenvector_costweight,11,17,True,0.04553822363279689,0.040668136391860905,0.0034686120403043547,0.03221018766583451,0.05039511776337982,1.4040449564110533,0.2,False,100,200
1000,2,True,0.1,uniform,eigenvector_costweight,12,660,False,0.0447483419216556,0.029513756144050465,0.010882489825033273,0.001873746165931558,0.04633033062812904,1.3999173004104823,0.02,False,100,200
1000,2,True,0.1,uniform,eigenvector_costweight,13,330,False,0.0447483419216556,0.030580140630992306,0.010391774711946963,0.0030608763555657415,0.04670591997923767,1.3634053550424592,0.1,False,100,200
1000,2,True,0.1,uniform,eigenvector_costweight,14,990,False,0.0447483419216556,0.02961172518693673,0.010750423655965739,0.004166241138820587,0.046374868013145484,1.4080018815183255,0.08,False,100,200
1000,2,True,0.1,uniform,eigenvector_costweight,15,780,False,0.044267998645162836,0.029983774425155013,0.011144936316255,0.0023046517482906126,0.04481141106164405,1.2816784066477012,0.06,False,100,200
1000,2,True,0.1,uniform,eigenvector_costweight,16,390,False,0.044267998645162836,0.03070605382969563,0.009523987939577176,0.0049888689294273715,0.04616368223803086,1.4239775293194354,0.06,False,100,200
1000,2,True,0.1,uniform,eigenvector_costweight,17,510,False,0.043687285457696345,0.030656941180214812,0.00937821509874526,0.004416758332316366,0.046521564069875156,1.3894268941671957,0.12,False,100,200
1000,2,True,0.1,uniform,eigenvector_costweight,18,570,False,0.04350019435596021,0.029993713470864505,0.009552271123571057,0.0038474593667915595,0.04668517412906584,1.413954933897059,0.12,False,100,200
1000,2,True,0.1,uniform,eigenvector_costweight,19,690,False,0.04320547537903206,0.031041258124696384,0.010385985760368028,0.0029120356634194217,0.04693304176657611,1.1712145129982001,0.18,False,100,200
1000,2,True,0.1,uniform,eigenvector_costweight,20,870,False,0.04294678506744503,0.02919249465142122,0.010251218297039335,0.005933550995264157,0.04690759485554869,1.3417225170198748,0.12,False,100,200
1000,2,True,0.1,uniform,pagerank,1,2,True,0.24043889672190416,0.2407918212044583,0.0003471839760367074,0.23988113049315593,0.24171855472833043,-1.0165344800268827,0.3,False,100,200
1000,2,True,0.1,uniform,pagerank,2,3,True,0.052140913876638426,0.05323273741469485,0.000371720068402866,0.052459095715805766,0.0540358179675889,-2.937219781400408,0.0,False,100,200
1000,2,True,0.1,uniform,pagerank,3,5,True,0.03170168068639813,0.03221079485988932,0.00027918832638294626,0.03138438963948597,0.03291853826370874,-1.8235510778228452,0.04,False,100,200
1000,2,True,0.1,uniform,pagerank,4,7,True,0.02282553899076564,0.023111268784944766,0.00022131686407314533,0.022535891429239514,0.023642113888907447,-1.2910439309527415,0.14,False,100,200
1000,2,True,0.1,uniform,pagerank,5,11,True,0.014869362337292457,0.01494990444190644,0.00016985860336894432,0.014444216270221697,0.015503915536452518,-0.4741714756658271,0.72,False,100,200
1000,2,True,0.1,uniform,pagerank,6,13,True,0.012724442107865998,0.01272536019701616,0.00016972244014871072,0.012379766847572006,0.01314787893709223,-0.005409356295860346,0.9,False,100,200
1000,2,True,0.1,uniform,pagerank,7,17,True,0.009967715706636598,0.009907682448135823,0.000149231835038919,0.009472282279621736,0.010428581782817066,0.40228184881009244,0.72,False,100,200
1000,2,True,0.1,uniform,pagerank,8,19,True,0.00904606151762048,0.008959975649721725,0.00014680491939585957,0.008558420115950217,0.009345363219534178,0.5863963432085244,0.64,False,100,200
1000,2,True,0.1,uniform,pagerank,9,23,True,0.007671861416969,0.007544725790962655,0.00012628269898758132,0.007196090566337278,0.007835656581300773,1.006754108247615,0.32,False,100,200
1000,2,True,0.1,uniform,pagerank,10,29,True,0.006297813538762161,0.006144524464016688,0.00011859175393032018,0.005823991260283486,0.006487081562493406,1.2925778535625696,0.14,False,100,200
1000,2,True,0.1,uniform,pagerank,11,31,True,0.006007355774950284,0.00582836598013988,0.00010293017780600796,0.005582467125782579,0.0060662544871495395,1.7389438027372748,0.06,False,100,200
1000,2,True,0.1,uniform,pagerank,12,37,True,0.005143881845630549,0.005049504404925273,0.0001035518523379247,0.004829406703780202,0.005346763561900533,0.911402727952082,0.38,False,100,200
1000,2,True,0.1,uniform,pagerank,13,41,True,0.004649270779838129,0.004578255933609803,9.221479556192089e-05,0.004374059234307389,0.0048162687569633985,0.7701025176663872,0.44,False,100,200
1000,2,True,0.1,uniform,pagerank,14,43,True,0.004509665036331078,0.004442522953494793,9.3849704783182e-05,0.004237747007491732,0.0046824702626054385,0.7154213536569026,0.46,False,100,200
1000,2,True,0.1,uniform,pagerank,15,47,True,0.004195581445086004,0.004121492697574539,8.65549729478384e-05,0.0039279446458893915,0.004305208402183558,0.8559733194777042,0.4,False,100,200
1000,2,True,0.1,uniform,pagerank,16,53,True,0.0037295781256123325,0.003635958890684762,7.654811788908585e-05,0.0034614944570531933,0.0038246176908979987,1.223011584206679,0.26,False,100,200
1000,2,True,0.1,uniform,pagerank,17,61,True,0.0034156575116492498,0.003348112075142503,6.775995292836339e-05,0.003176158282481997,0.0035782675143701784,0.9968341710354486,0.36,False,100,200
1000,2,True,0.1,uniform,pagerank,18,59,True,0.0034156575116492498,0.0033478706253535478,6.76574017119719e-05,0.003195349425913894,0.003533211533128403,1.0019138273190111,0.32,False,100,200
1000,2,True,0.1,uniform,pagerank,19,71,True,0.003107338122564511,0.003039493247606665,6.82072207072262e-05,0.002885524685918893,0.0032410133199562517,0.9946875749279435,0.36,False,100,200
1000,2,True,0.1,uniform,pagerank,20,67,True,0.003107338122564511,0.003052213098936385,6.447171913703809e-05,0.0029204897443165065,0.003221340196281844,0.855026426563163,0.44,False,100,200
1000,2,True,0.1,uniform,betweenness,1,2,True,0.8281600701402805,0.8250607130928524,0.007994956549385878,0.8023680694722779,0.844177939211757,0.3876640264750536,0.56,False,100,200
1000,2,True,0.1,uniform,betweenness,2,3,True,0.17799807949231802,0.18069315297261188,0.013662210373128989,0.14565380761523036,0.21054525718102865,-0.19726482074925134,0.84,False,100,200
1000,2,True,0.1,uniform,betweenness,3,5,True,0.10919296927187709,0.09346060454241815,0.009992099584651137,0.07152889111556456,0.11899215096860377,1.5744803778402523,0.18,False,100,200
1000,2,True,0.1,uniform,betweenness,4,7,True,0.07989771209084828,0.061650701402805604,0.009037442095809502,0.04312708750835004,0.0870841683366733,2.019045930762145,0.06,False,100,200
1000,2,True,0.1,uniform,betweenness,5,11,True,0.036942217768871,0.03653144205076821,0.00596522065593622,0.019236389445557785,0.05028932865731463,0.06886178094585921,0.94,False,100,200
1000,2,True,0.1,uniform,betweenness,6,17,True,0.026808617234468916,0.0234056529726119,0.00568499726215335,0.012514195056780227,0.0376231629926521,0.5985867899201156,0.54,False,100,200
1000,2,True,0.1,uniform,betweenness,7,13,True,0.026697561790247203,0.031019463927855716,0.005621987701618634,0.020143620574482327,0.04655895123580495,-0.7687498384893624,0.5,False,100,200
1000,2,True,0.1,uniform,betweenness,8,29,True,0.017511690046760182,0.013670532732130926,0.004121279053658328,0.004509853039412161,0.02371158984635937,0.9320303878039005,0.34,False,100,200
1000,2,True,0.1,uniform,betweenness,9,19,True,0.017101703406813624,0.020703699064796258,0.004791319741567899,0.011016199064796266,0.03842685370741482,-0.7517752628222507,0.5,False,100,200
1000,2,True,0.1,uniform,betweenness,10,23,True,0.01480210420841683,0.01625171175684703,0.004262034708699695,0.007926686706746825,0.027586422845691377,-0.3401210096837664,0.84,False,100,200
1000,2,True,0.1,uniform,betweenness,11,31,True,0.011917167668670684,0.011871200734802937,0.0035568558397976913,0.0038067802271209046,0.02029141616566466,0.012923473971988233,0.94,False,100,200
1000,2,True,0.1,uniform,betweenness,12,43,True,0.010772378089512365,0.007926882932531732,0.0029709002126354083,0.0026214929859719395,0.0163877755511022,0.9577888698107675,0.34,False,100,200
1000,2,True,0.1,uniform,betweenness,13,37,True,0.009787909151636614,0.010042785571142285,0.0036426018506520307,0.0030506847027388104,0.021993987975951906,-0.0699709795238938,0.9,False,100,200
1000,2,True,0.1,uniform,betweenness,14,53,True,0.008543754175016677,0.006588961255845024,0.0029978036709042994,0.0008441883767535072,0.01644413827655311,0.6520750301776717,0.5,False,100,200
1000,2,True,0.1,uniform,betweenness,15,47,True,0.008325818303273221,0.007694434702738811,0.003114925372140609,0.0019706078824315294,0.01570015030060124,0.20269622064830395,0.86,False,100,200
1000,2,True,0.1,uniform,betweenness,16,61,True,0.007062458249832998,0.005867284569138277,0.0026142374812346226,0.001244154976619906,0.01344689378757517,0.45717869523096194,0.56,False,100,200
1000,2,True,0.1,uniform,betweenness,17,59,True,0.006494655978623897,0.005385483466933868,0.002663848491180504,0.0007281229124916497,0.013431863727454911,0.4163797285627505,0.66,False,100,200
1000,2,True,0.1,uniform,betweenness,18,41,True,0.00615313961255845,0.009189508183032734,0.0032062997136586406,0.0032986806947227767,0.01915873413493657,-0.9470008550789992,0.36,False,100,200
1000,2,True,0.1,uniform,betweenness,19,71,True,0.006124749498997997,0.005096659986639945,0.002503568455188413,0.0010521042084168319,0.012664495657982645,0.41064965099213885,0.58,False,100,200
1000,2,True,0.1,uniform,betweenness,20,73,True,0.006119739478957917,0.004625676352705412,0.0023159153074422787,0.000890113560454241,0.013173012692050755,0.6451285681524183,0.46,False,100,200
1000,2,False,0.1,uniform,degree,1,2,True,499.0,499.0,0.0,499.0,499.0,0.0,1.0,True,100,200
1000,2,False,0.1,uniform,degree,2,3,True,332.0,332.0,0.0,332.0,332.0,0.0,1.0,True,100,200
1000,2,False,0.1,uniform,degree,3,5,True,199.0,199.0,0.0,199.0,199.0,0.0,1.0,True,100,200
1000,2,False,0.1,uniform,degree,4,7,True,141.0,141.0,0.0,141.0,141.0,0.0,1.0,True,100,200
1000,2,False,0.1,uniform,degree,5,11,True,89.0,89.0,0.0,89.0,89.0,0.0,1.0,True,100,200
1000,2,False,0.1,uniform,degree,6,13,True,75.0,75.0,0.0,75.0,75.0,0.0,1.0,True,100,200
1000,2,False,0.1,uniform,degree,7,17,True,57.0,57.0,0.0,57.0,57.0,0.0,1.0,True,100,200
1000,2,False,0.1,uniform,degree,8,19,True,51.0,51.0,0.0,51.0,51.0,0.0,1.0,True,100,200
1000,2,False,0.1,uniform,degree,9,23,True,42.0,42.0,0.0,42.0,42.0,0.0,1.0,True,100,200
1000,2,False,0.1,uniform,degree,10,29,True,33.0,33.0,0.0,33.0,33.0,0.0,1.0,True,100,200
1000,2,False,0.1,uniform,degree,11,31,True,31.0,31.0,0.0,31.0,31.0,0.0,1.0,True,100,200
1000,2,False,0.1,uniform,degree,12,37,True,26.0,26.0,0.0,26.0,26.0,0.0,1.0,True,100,200
1000,2,False,0.1,uniform,degree,13,41,True,23.0,23.0,0.0,23.0,23.0,0.0,1.0,True,100,200
1000,2,False,0.1,uniform,degree,14,43,True,22.0,22.0,0.0,22.0,22.0,0.0,1.0,True,100,200
1000,2,False,0.1,uniform,degree,15,47,True,20.0,20.0,0.0,20.0,20.0,0.0,1.0,True,100,200
1000,2,False,0.1,uniform,degree,16,53,True,17.0,17.0,0.0,17.0,17.0,0.0,1.0,True,100,200
1000,2,False,0.1,uniform,degree,17,59,True,15.0,15.0,0.0,15.0,15.0,0.0,1.0,True,100,200
1000,2,False,0.1,uniform,degree,18,61,True,15.0,15.0,0.0,15.0,15.0,0.0,1.0,True,100,200
1000,2,False,0.1,uniform,degree,19,71,True,13.0,13.0,0.0,13.0,13.0,0.0,1.0,True,100,200
1000,2,False,0.1,uniform,degree,20,67,True,13.0,13.0,0.0,13.0,13.0,0.0,1.0,True,100,200
1000,2,False,0.1,uniform,degree_weighted,1,2,True,499.0,499.0,0.0,499.0,499.0,0.0,1.0,True,100,200
1000,2,False,0.1,uniform,degree_weighted,2,3,True,332.0,332.0,0.0,332.0,332.0,0.0,1.0,True,100,200
1000,2,False,0.1,uniform,degree_weighted,3,5,True,199.0,199.0,0.0,199.0,199.0,0.0,1.0,True,100,200
1000,2,False,0.1,uniform,degree_weighted,4,7,True,141.0,141.0,0.0,141.0,141.0,0.0,1.0,True,100,200
1000,2,False,0.1,uniform,degree_weighted,5,11,True,89.0,89.0,0.0,89.0,89.0,0.0,1.0,True,100,200
1000,2,False,0.1,uniform,degree_weighted,6,13,True,75.0,75.0,0.0,75.0,75.0,0.0,1.0,True,100,200
1000,2,False,0.1,uniform,degree_weighted,7,17,True,57.0,57.0,0.0,57.0,57.0,0.0,1.0,True,100,200
1000,2,False,0.1,uniform,degree_weighted,8,19,True,51.0,51.0,0.0,51.0,51.0,0.0,1.0,True,100,200
1000,2,False,0.1,uniform,degree_weighted,9,23,True,42.0,42.0,0.0,42.0,42.0,0.0,1.0,True,100,200
1000,2,False,0.1,uniform,degree_weighted,10,29,True,33.0,33.0,0.0,33.0,33.0,0.0,1.0,True,100,200
1000,2,False,0.1,uniform,degree_weighted,11,31,True,31.0,31.0,0.0,31.0,31.0,0.0,1.0,True,100,200
1000,2,False,0.1,uniform,degree_weighted,12,37,True,26.0,26.0,0.0,26.0,26.0,0.0,1.0,True,100,200
1000,2,False,0.1,uniform,degree_weighted,13,41,True,23.0,23.0,0.0,23.0,23.0,0.0,1.0,True,100,200
1000,2,False,0.1,uniform,degree_weighted,14,43,True,22.0,22.0,0.0,22.0,22.0,0.0,1.0,True,100,200
1000,2,False,0.1,uniform,degree_weighted,15,47,True,20.0,20.0,0.0,20.0,20.0,0.0,1.0,True,100,200
1000,2,False,0.1,uniform,degree_weighted,16,53,True,17.0,17.0,0.0,17.0,17.0,0.0,1.0,True,100,200
1000,2,False,0.1,uniform,degree_weighted,17,59,True,15.0,15.0,0.0,15.0,15.0,0.0,1.0,True,100,200
1000,2,False,0.1,uniform,degree_weighted,18,61,True,15.0,15.0,0.0,15.0,15.0,0.0,1.0,True,100,200
1000,2,False,0.1,uniform,degree_weighted,19,71,True,13.0,13.0,0.0,13.0,13.0,0.0,1.0,True,100,200
1000,2,False,0.1,uniform,degree_weighted,20,67,True,13.0,13.0,0.0,13.0,13.0,0.0,1.0,True,100,200
1000,2,False,0.1,uniform,eigenvector,1,2,True,0.5598980431322688,0.5652915570668595,0.0020122560134065875,0.5595772590137255,0.5702805248128856,-2.6803318755945704,0.02,False,100,200
1000,2,False,0.1,uniform,eigenvector,2,3,True,0.34881846026354213,0.35205983286114567,0.005372005082405472,0.33947017674955043,0.3654779265710915,-0.6033822656310898,0.54,False,100,200
1000,2,False,0.1,uniform,eigenvector,3,5,True,0.18375195229936372,0.17507151583186947,0.00695618506489327,0.15522744259474994,0.1921407681974422,1.247873135420587,0.2,False,100,200
1000,2,False,0.1,uniform,eigenvector,4,7,True,0.12120226176047583,0.11199586964700542,0.005256028776080913,0.09550227625982353,0.1221623446692469,1.7515870832684086,0.06,False,100,200
1000,2,False,0.1,uniform,eigenvector,5,11,True,0.07153182899142857,0.06395457028797039,0.0041809889282153805,0.05479817696991174,0.0740879340237718,1.8123125493882855,0.04,False,100,200
1000,2,False,0.1,uniform,eigenvector,6,13,True,0.058916961684720354,0.053145460602126215,0.004090156635434183,0.043537344456734864,0.06271385394613219,1.4110709190435327,0.18,False,100,200
1000,2,False,0.1,uniform,eigenvector,7,210,False,0.046888092343660655,0.029870983390042235,0.010955112810274142,0.0018910537614731733,0.046776485714716695,1.5533485823769064,0.0,False,100,200
1000,2,False,0.1,uniform,eigenvector,8,840,False,0.046888092343660655,0.030910032426487762,0.010796884951702989,0.002406634946826278,0.04675758243525177,1.4798768337947956,0.0,False,100,200
1000,2,False,0.1,uniform,eigenvector,9,630,False,0.046888092343660655,0.03194683069287362,0.00985868220195407,0.0025588395533267367,0.047145413096241394,1.5155434919918152,0.04,False,100,200
1000,2,False,0.1,uniform,eigenvector,10,420,False,0.046888092343660655,0.03090535593854636,0.01032668845202448,0.0028803442815394523,0.04672886345934785,1.5477116869910978,0.0,False,100,200
1000,2,False,0.1,uniform,eigenvector,11,330,False,0.04496916012817669,0.0305882767718085,0.010506583334000306,0.0027496572905715997,0.04693633323158339,1.3687497542450624,0.1,False,100,200
1000,2,False,0.1,uniform,eigenvector,12,990,False,0.04496916012817669,0.02961114038519057,0.010866443964183198,0.003870116034834848,0.04659415909360735,1.4133436654721254,0.08,False,100,200
1000,2,False,0.1,uniform,eigenvector,13,660,False,0.04496916012817669,0.029506521776854006,0.01100260736551949,0.001547838038088617,0.04654742599354754,1.405361278253032,0.02,False,100,200
1000,2,False,0.1,uniform,eigenvector,14,390,False,0.04448180630598379,0.03070954382010243,0.009627452851035756,0.004705879090639492,0.04636764623606224,1.4305198580535985,0.06,False,100,200
1000,2,False,0.1,uniform,eigenvector,15,780,False,0.04448180630598379,0.029987888196315336,0.011270684202651165,0.0019856863518366735,0.04500898347129824,1.2859838718805656,0.06,False,100,200
1000,2,False,0.1,uniform,eigenvector,16,510,False,0.04389316707100133,0.030656430652707664,0.00948292787727246,0.004119595784807904,0.04673731289827477,1.3958491079551365,0.12,False,100,200
1000,2,False,0.1,uniform,eigenvector,17,570,False,0.043703568845747456,0.02998954721880065,0.00965952486333452,0.0035441796828101766,0.046917475026375305,1.4197408072318627,0.12,False,100,200
1000,2,False,0.1,uniform,eigenvector,18,17,True,0.04368038097943127,0.03865514249992696,0.0035168049525908626,0.030085363977351273,0.04855928520745107,1.428921577183904,0.16,False,100,200
1000,2,False,0.1,uniform,eigenvector,19,690,False,0.04340479848960783,0.03104669675039332,0.010503409515844128,0.0026042017713580755,0.0471663282057437,1.1765800162863893,0.18,False,100,200
1000,2,False,0.1,uniform,eigenvector,20,870,False,0.04314296001722771,0.029183155329508832,0.010362802214750706,0.005667311849094718,0.047145413096241394,1.347107123963835,0.12,False,100,200
1000,2,False,0.1,uniform,eigenvector_costweight,1,2,True,0.5598980431326279,0.5652915570668796,0.0020122560131493063,0.5595772590138797,0.5702805248106421,-2.680331875768882,0.02,False,100,200
1000,2,False,0.1,uniform,eigenvector_costweight,2,3,True,0.348818460263798,0.35205983286120196,0.0053720050824748395,0.339470176749005,0.36547792657146916,-0.6033822655861188,0.54,False,100,200
1000,2,False,0.1,uniform,eigenvector_costweight,3,5,True,0.18375195229953278,0.17507151583187175,0.006956185064999693,0.1552274425946619,0.19214076819740197,1.2478731354254757,0.2,False,100,200
1000,2,False,0.1,uniform,eigenvector_costweight,4,7,True,0.12120226176075975,0.11199586964716637,0.0052560287761138505,0.09550227625968093,0.12216234466935086,1.7515870832808393,0.06,False,100,200
1000,2,False,0.1,uniform,eigenvector_costweight,5,11,True,0.07153182899546115,0.06395457028830209,0.004180988926289533,0.054798176972452046,0.0740879340136041,1.8123125511082334,0.04,False,100,200
1000,2,False,0.1,uniform,eigenvector_costweight,6,13,True,0.058916961675925215,0.05314546060156834,0.004090156634520827,0.04353734444273276,0.0627138539409722,1.411070917344716,0.18,False,100,200
1000,2,False,0.1,uniform,eigenvector_costweight,7,210,False,0.046888092343724895,0.029870983389676566,0.010955112810595207,0.0018910537598597643,0.04677648571466301,1.5533485823706246,0.0,False,100,200
1000,2,False,0.1,uniform,eigenvector_costweight,8,840,False,0.046888092343724895,0.030910032426519286,0.010796884951631374,0.0024066349467311786,0.04675758243532294,1.479876833807641,0.0,False,100,200
1000,2,False,0.1,uniform,eigenvector_costweight,9,420,False,0.046888092343724895,0.030905355938335086,0.010326688452128304,0.0028803442822936875,0.046728863459387586,1.5477116870022165,0.0,False,100,200
1000,2,False,0.1,uniform,eigenvector_costweight,10,630,False,0.046888092343724895,0.0319468306928199,0.009858682201946306,0.0025588395600019296,0.04714541309617658,1.5155434920049744,0.04,False,100,200
1000,2,False,0.1,uniform,eigenvector_costweight,11,990,False,0.04496916012856422,0.029611140385113505,0.010866443964218162,0.0038701160283824516,0.04659415909410596,1.413343665510331,0.08,False,100,200
1000,2,False,0.1,uniform,eigenvector_costweight,12,660,False,0.04496916012856422,0.029506521776904843,0.011002607365014908,0.001547838040205361,0.04654742599205383,1.405361278348082,0.02,False,100,200
1000,2,False,0.1,uniform,eigenvector_costweight,13,330,False,0.04496916012856422,0.030588276771862714,0.010506583334009927,0.0027496572904335743,0.04693633323134426,1.368749754275534,0.1,False,100,200
1000,2,False,0.1,uniform,eigenvector_costweight,14,390,False,0.044481806305651135,0.030709543819884385,0.009627452850818794,0.004705879090629191,0.04636764623577762,1.4305198580739296,0.06,False,100,200
1000,2,False,0.1,uniform,eigenvector_costweight,15,780,False,0.044481806305651135,0.029987888196241447,0.011270684202732108,0.0019856863541085202,0.04500898347055138,1.2859838718483694,0.06,False,100,200
1000,2,False,0.1,uniform,eigenvector_costweight,16,510,False,0.043893167070633246,0.030656430652764438,0.009482927877392893,0.004119595785043948,0.04673731289837532,1.3958491078926072,0.12,False,100,200
1000,2,False,0.1,uniform,eigenvector_costweight,17,570,False,0.043703568845675306,0.029989547218452407,0.00965952486341751,0.0035441796829921777,0.046917475026302724,1.4197408072482465,0.12,False,100,200
1000,2,False,0.1,uniform,eigenvector_costweight,18,17,True,0.043680380978957274,0.03865514250183849,0.003516804952537404,0.030085363975340142,0.04855928519107556,1.4289215765273071,0.16,False,100,200
1000,2,False,0.1,uniform,eigenvector_costweight,19,690,False,0.0434047984898811,0.031046696750394304,0.010503409516144603,0.002604201771801907,0.04716632820554953,1.176580016278654,0.18,False,100,200
1000,2,False,0.1,uniform,eigenvector_costweight,20,870,False,0.043142960017821926,0.02918315532952363,0.010362802214482563,0.005667311850055728,0.04714541309617658,1.3471071240546033,0.12,False,100,200
1000,2,False,0.1,uniform,pagerank,1,2,True,0.11590594574842034,0.1140988328662619,0.00040905104305553235,0.11300547113119376,0.11505825635077366,4.417817562961514,0.0,False,100,200
1000,2,False,0.1,uniform,pagerank,2,3,True,0.07423165978194786,0.07523203799905163,0.00041818040889752243,0.0741487009635918,0.07603754567040087,-2.392216841867603,0.02,False,100,200
1000,2,False,0.1,uniform,pagerank,3,5,True,0.043724566719517556,0.04480004029759638,0.00027478961016668974,0.04411048893319048,0.0456361505843842,-3.91380728487676,0.0,False,100,200
1000,2,False,0.1,uniform,pagerank,4,7,True,0.030815599344808493,0.031699673445749366,0.00025159355433706306,0.03111841935514104,0.03227875221549832,-3.513898053828756,0.0,False,100,200
1000,2,False,0.1,uniform,pagerank,5,11,True,0.019485974383684084,0.02008984132561988,0.00020106932118909394,0.019715741949310982,0.02076852621212136,-3.003277369041743,0.0,False,100,200
1000,2,False,0.1,uniform,pagerank,6,13,True,0.016468782289209782,0.016917153363501455,0.00018300056779083787,0.016580582003381653,0.017369978147976292,-2.450107558158722,0.0,False,100,200
1000,2,False,0.1,uniform,pagerank,7,17,True,0.012593387737348374,0.01290532064532892,0.00017846733425026402,0.012505638768882485,0.013487966108377603,-1.7478431517508237,0.08,False,100,200
1000,2,False,0.1,uniform,pagerank,8,19,True,0.011316776312665349,0.011582159296211264,0.00020114426693825633,0.011226310682612869,0.012175003853038664,-1.3193663810829463,0.18,False,100,200
1000,2,False,0.1,uniform,pagerank,9,23,True,0.009409107288860614,0.009579355666265898,0.00013662880736057067,0.009209827833498574,0.009878870390215982,-1.2460650187481268,0.24,False,100,200
1000,2,False,0.1,uniform,pagerank,10,29,True,0.00751932096534958,0.007577515065173182,0.00014290894045517754,0.007268107078012753,0.007928557083445743,-0.4072110508849093,0.66,False,100,200
1000,2,False,0.1,uniform,pagerank,11,31,True,0.007120801401663812,0.007123081699161048,0.00013782205780231205,0.006831545730982176,0.007551211796803971,-0.01654522892488597,0.92,False,100,200
1000,2,False,0.1,uniform,pagerank,12,37,True,0.005930927325618206,0.006016627497685564,0.00012889001521848993,0.005736728882328815,0.006363758953864702,-0.6649093176231133,0.56,False,100,200
1000,2,False,0.1,uniform,pagerank,13,41,True,0.005267150184106435,0.005337283708440256,0.00011226660237445549,0.0051439659200676,0.0057742231091809015,-0.6247051469492034,0.58,False,100,200
1000,2,False,0.1,uniform,pagerank,14,43,True,0.005065343444116029,0.005138650562858956,0.00012071456852530456,0.0049185915443156845,0.005505030741540767,-0.6072764840107997,0.52,False,100,200
1000,2,False,0.1,uniform,pagerank,15,47,True,0.004632343281413749,0.004697318013944087,0.0001312622820288393,0.004416712785601081,0.005086093823596237,-0.49499926045826076,0.6,False,100,200
1000,2,False,0.1,uniform,pagerank,16,53,True,0.004004111239201117,0.0040009945859438905,0.00011584374925761706,0.0037819667132951386,0.004401089120658232,0.026903939808563745,0.96,False,100,200
1000,2,False,0.1,uniform,pagerank,17,61,True,0.0035717450672989905,0.0035671478745045128,0.00010570160005852104,0.003354670451297857,0.0039860483009883955,0.043492177903961454,0.86,False,100,200
1000,2,False,0.1,uniform,pagerank,18,59,True,0.0035717450672989905,0.003563053686272736,0.00010344678519418343,0.003405404625992575,0.003951855490982735,0.08401789393396233,0.82,False,100,200
1000,2,False,0.1,uniform,pagerank,19,71,True,0.0031381450571462545,0.003118140468664779,9.507570713043448e-05,0.0029117452301857375,0.0033432404961395465,0.21040693869393107,0.9,False,100,200
1000,2,False,0.1,uniform,pagerank,20,67,True,0.0031381450571462545,0.0031337992881047684,0.00010075199977464255,0.002946923875995431,0.0035366523656758667,0.043133327886355356,0.92,False,100,200
1000,2,False,0.1,uniform,betweenness,1,2,True,0.535521617014218,0.5165265904096342,0.01463502365783149,0.4820061664794403,0.5541577548468151,1.2979156746643954,0.16,False,100,200
1000,2,False,0.1,uniform,betweenness,2,3,True,0.2663069649774858,0.2712493994019453,0.016059259237295218,0.23138742362999834,0.31131729101884137,-0.30776229161189816,0.72,False,100,200
1000,2,False,0.1,uniform,betweenness,3,5,True,0.15089328110794314,0.13146265051732642,0.01293173518995499,0.10196640249455952,0.157545021481593,1.5025540119093908,0.18,False,100,200
1000,2,False,0.1,uniform,betweenness,4,7,True,0.09814147657391882,0.07960113795937446,0.011058321108820513,0.052155666954766075,0.10796442331886866,1.6765961516306396,0.12,False,100,200
1000,2,False,0.1,uniform,betweenness,5,11,True,0.04006707879720107,0.04086977578688313,0.007503498544315882,0.022616780304206822,0.05876771224524034,-0.1069763637510296,0.94,False,100,200
1000,2,False,0.1,uniform,betweenness,6,13,True,0.02706493521336471,0.03235591781604976,0.006903249434116469,0.020213230882756644,0.0524360047564547,-0.7664481275349162,0.42,False,100,200
1000,2,False,0.1,uniform,betweenness,7,17,True,0.024742162759585535,0.022348968952423286,0.005970139004543514,0.011814653568381772,0.039149600129066986,0.4008606508727741,0.58,False,100,200
1000,2,False,0.1,uniform,betweenness,8,19,True,0.014541027920936313,0.01889208287478997,0.005380878108916238,0.007829925176635286,0.03319573137798717,-0.8086142941323765,0.4,False,100,200
1000,2,False,0.1,uniform,betweenness,9,29,True,0.011655096021029777,0.009995332454211501,0.004046977794411216,0.0037704278761785865,0.020039384374869202,0.4101242090110729,0.68,False,100,200
1000,2,False,0.1,uniform,betweenness,10,23,True,0.009924019737102541,0.013833808019404856,0.004456611095509462,0.0057582739230991045,0.028380223079667796,-0.877300755778727,0.38,False,100,200
1000,2,False,0.1,uniform,betweenness,11,998,False,0.005551102204408822,0.0004021270228131474,0.0005378981151458941,8.307982664289866e-06,0.005309769294231889,9.57239863203298,0.0,False,100,200
1000,2,False,0.1,uniform,betweenness,12,982,False,0.005551102204408822,0.00048544438748478197,0.0009119884781365214,1.4030913943837751e-05,0.005551102204408829,5.55451953436382,0.02,False,100,200
1000,2,False,0.1,uniform,betweenness,13,794,False,0.005551102204408822,0.0003594571089654202,0.0003784037818285546,5.964003823472174e-06,0.003609326132907035,13.719855204289708,0.0,False,100,200
1000,2,False,0.1,uniform,betweenness,14,922,False,0.005551102204408822,0.0003964828857626627,0.0005599241692298254,5.872239938376572e-06,0.005551102204408811,9.205923948123775,0.0,False,100,200
1000,2,False,0.1,uniform,betweenness,15,734,False,0.005551102204408822,0.0003537906971312682,0.00020521448559595177,1.0572246868068464e-05,0.001101137810208114,25.32624094339313,0.0,False,100,200
1000,2,False,0.1,uniform,betweenness,16,802,False,0.005551102204408822,0.0003376859145632599,0.00024900754588956785,9.670344443089052e-06,0.0018657211983369682,20.936780334189773,0.0,False,100,200
1000,2,False,0.1,uniform,betweenness,17,766,False,0.005551102204408822,0.0003325721784531601,0.0002447570932896168,9.562459179428287e-06,0.0017795551864560769,21.32126164687152,0.0,False,100,200
1000,2,False,0.1,uniform,betweenness,18,31,True,0.004662955406228077,0.008697335997648431,0.0037528634731983073,0.0033858115630764005,0.019574966867877186,-1.075013951408716,0.16,False,100,200
1000,2,False,0.1,uniform,betweenness,19,37,True,0.004367431644363736,0.0070336569285969356,0.003491520296840132,0.0017513214547501025,0.02037993638900231,-0.7636287512480353,0.46,False,100,200
1000,2,False,0.1,uniform,betweenness,20,43,True,0.004187962779942846,0.004805030369931765,0.002688602157028447,0.001400375111543705,0.015254401600328675,-0.22951242093435156,0.94,False,100,200
1000,2,True,0.1,log,degree,1,2,True,666.0,666.0,0.0,666.0,666.0,0.0,1.0,True,100,200
1000,2,True,0.1,log,degree,2,3,True,333.0,333.0,0.0,333.0,333.0,0.0,1.0,True,100,200
1000,2,True,0.1,log,degree,3,5,True,200.0,200.0,0.0,200.0,200.0,0.0,1.0,True,100,200
1000,2,True,0.1,log,degree,4,7,True,142.0,142.0,0.0,142.0,142.0,0.0,1.0,True,100,200
1000,2,True,0.1,log,degree,5,11,True,90.0,90.0,0.0,90.0,90.0,0.0,1.0,True,100,200
1000,2,True,0.1,log,degree,6,13,True,76.0,76.0,0.0,76.0,76.0,0.0,1.0,True,100,200
1000,2,True,0.1,log,degree,7,17,True,58.0,58.0,0.0,58.0,58.0,0.0,1.0,True,100,200
1000,2,True,0.1,log,degree,8,19,True,52.0,52.0,0.0,52.0,52.0,0.0,1.0,True,100,200
1000,2,True,0.1,log,degree,9,23,True,43.0,43.0,0.0,43.0,43.0,0.0,1.0,True,100,200
1000,2,True,0.1,log,degree,10,29,True,34.0,34.0,0.0,34.0,34.0,0.0,1.0,True,100,200
1000,2,True,0.1,log,degree,11,31,True,32.0,32.0,0.0,32.0,32.0,0.0,1.0,True,100,200
1000,2,True,0.1,log,degree,12,37,True,27.0,27.0,0.0,27.0,27.0,0.0,1.0,True,100,200
1000,2,True,0.1,log,degree,13,41,True,24.0,24.0,0.0,24.0,24.0,0.0,1.0,True,100,200
1000,2,True,0.1,log,degree,14,43,True,23.0,23.0,0.0,23.0,23.0,0.0,1.0,True,100,200
1000,2,True,0.1,log,degree,15,47,True,21.0,21.0,0.0,21.0,21.0,0.0,1.0,True,100,200
1000,2,True,0.1,log,degree,16,53,True,18.0,18.0,0.0,18.0,18.0,0.0,1.0,True,100,200
1000,2,True,0.1,log,degree,17,61,True,16.0,16.0,0.0,16.0,16.0,0.0,1.0,True,100,200
1000,2,True,0.1,log,degree,18,59,True,16.0,16.0,0.0,16.0,16.0,0.0,1.0,True,100,200
1000,2,True,0.1,log,degree,19,67,True,14.0,14.0,0.0,14.0,14.0,0.0,1.0,True,100,200
1000,2,True,0.1,log,degree,20,71,True,14.0,14.0,0.0,14.0,14.0,0.0,1.0,True,100,200
1000,2,True,0.1,log,degree_weighted,1,2,True,2015.8804430994135,2015.880443099414,4.570382840298462e-13,2015.8804430994135,2015.8804430994135,-0.9949874371066201,1.0,True,100,200
1000,2,True,0.1,log,degree_weighted,2,3,True,374.73927983781175,374.73927983781186,1.1425957100746156e-13,374.73927983781175,374.73927983781175,-0.99498743710662,1.0,True,100,200
1000,2,True,0.1,log,degree_weighted,3,5,True,330.2781445743848,330.27814457438484,5.712978550373078e-14,330.2781445743848,330.2781445743848,-0.99498743710662,1.0,True,100,200
1000,2,True,0.1,log,degree_weighted,4,7,True,284.37333101679945,284.37333101679945,0.0,284.37333101679945,284.37333101679945,0.9949874371066199,1.0,True,100,200
1000,2,True,0.1,log,degree_weighted,5,11,True,223.4126792790547,223.41267927905471,2.856489275186539e-14,223.4126792790547,223.4126792790547,-0.99498743710662,1.0,True,100,200
1000,2,True,0.1,log,degree_weighted,6,13,True,202.37120180961523,202.37120180961526,2.856489275186539e-14,202.37120180961523,202.37120180961523,-0.99498743710662,1.0,True,100,200
1000,2,True,0.1,log,degree_weighted,7,17,True,171.49316061120442,171.49316061120444,2.856489275186539e-14,171.49316061120442,171.49316061120442,0.99498743710662,1.0,True,100,200
1000,2,True,0.1,log,degree_weighted,8,19,True,160.16638793748842,160.16638793748845,2.856489275186539e-14,160.16638793748842,160.16638793748842,0.99498743710662,1.0,True,100,200
1000,2,True,0.1,log,degree_weighted,9,23,True,141.69075706902444,141.6907570690244,5.712978550373078e-14,141.69075706902444,141.69075706902444,0.99498743710662,1.0,True,100,200
1000,2,True,0.1,log,degree_weighted,10,29,True,121.12076238955365,121.12076238955363,1.4282446375932695e-14,121.12076238955365,121.12076238955365,0.99498743710662,1.0,True,100,200
1000,2,True,0.1,log,degree_weighted,11,31,True,116.45360333903959,116.45360333903956,2.856489275186539e-14,116.45360333903959,116.45360333903959,0.99498743710662,1.0,True,100,200
1000,2,True,0.1,log,degree_weighted,12,37,True,103.88386572874985,103.88386572874988,2.856489275186539e-14,103.88386572874985,103.88386572874985,-0.9949874371066199,1.0,True,100,200
1000,2,True,0.1,log,degree_weighted,13,41,True,95.41215753419905,95.41215753419908,2.856489275186539e-14,95.41215753419905,95.41215753419905,0.99498743710662,1.0,True,100,200
1000,2,True,0.1,log,degree_weighted,14,43,True,92.7464025452584,92.74640254525845,4.2847339127798087e-14,92.7464025452584,92.7464025452584,0.99498743710662,1.0,True,100,200
1000,2,True,0.1,log,degree_weighted,15,47,True,87.00295203420116,87.00295203420117,1.4282446375932695e-14,87.00295203420116,87.00295203420116,-0.99498743710662,1.0,True,100,200
1000,2,True,0.1,log,degree_weighted,16,53,True,77.49496253038608,77.49496253038606,1.4282446375932695e-14,77.49496253038608,77.49496253038608,-0.99498743710662,1.0,True,100,200
1000,2,True,0.1,log,degree_weighted,17,61,True,71.6631079625997,71.66310796259971,1.4282446375932695e-14,71.6631079625997,71.6631079625997,0.99498743710662,1.0,True,100,200
1000,2,True,0.1,log,degree_weighted,18,59,True,71.16306165858579,71.1630616585858,1.4282446375932695e-14,71.16306165858579,71.16306165858579,-0.99498743710662,1.0,True,100,200
1000,2,True,0.1,log,degree_weighted,19,71,True,65.4148384015371,65.41483840153708,1.4282446375932695e-14,65.4148384015371,65.4148384015371,0.99498743710662,1.0,True,100,200
1000,2,True,0.1,log,degree_weighted,20,67,True,64.66100405208257,64.6610040520826,2.856489275186539e-14,64.66100405208257,64.66100405208257,-0.9949874371066199,1.0,True,100,200
1000,2,True,0.1,log,eigenvector,1,2,True,0.701923366559605,0.7016627896361686,2.968271413754662e-05,0.701589006867625,0.70173095946693,8.778743150943301,0.0,False,100,200
1000,2,True,0.1,log,eigenvector,2,3,True,0.0641697376608982,0.06377006919580691,0.00022038034186112318,0.06326842531689651,0.06417248457426014,1.8135395458418395,0.02,False,100,200
1000,2,True,0.1,log,eigenvector,3,5,True,0.06301546160028185,0.062736882642907,0.00028643854226094716,0.0619291289212792,0.06352241254827608,0.9725610079422166,0.34,False,100,200
1000,2,True,0.1,log,eigenvector,4,7,True,0.061739308066391656,0.06152922833597419,0.00024486655631213996,0.06096430944914921,0.06232003003821021,0.85793557757089,0.34,False,100,200
1000,2,True,0.1,log,eigenvector,5,11,True,0.059966172483137306,0.05995119093746932,0.00026130086884459366,0.05940287740332968,0.06072656971741542,0.05733446556933633,0.9,False,100,200
1000,2,True,0.1,log,eigenvector,6,13,True,0.05935216916008882,0.05940566768597069,0.00026063551712344097,0.058649833376169754,0.059926863752100344,-0.20526184026009722,0.78,False,100,200
1000,2,True,0.1,log,eigenvector,7,17,True,0.05841585567660255,0.05854651530629393,0.0002658025843373821,0.05799367887459092,0.05933207047888812,-0.49156643836658137,0.66,False,100,200
1000,2,True,0.1,log,eigenvector,8,19,True,0.0580851558275732,0.058245276491300485,0.0002672175844726115,0.057613293533059176,0.05893221359665003,-0.5992145466149649,0.66,False,100,200
1000,2,True,0.1,log,eigenvector,9,23,True,0.0575190875197408,0.05772048362965415,0.00026524022991940516,0.057174329083373526,0.058435874323315415,-0.7592969964418715,0.42,False,100,200
1000,2,True,0.1,log,eigenvector,10,29,True,0.05688912318047546,0.0571012557632734,0.00027420598664628694,0.056500509980010716,0.057890724745492186,-0.7736249138556552,0.46,False,100,200
1000,2,True,0.1,log,eigenvector,11,31,True,0.056730082392612666,0.056959567591607724,0.00025885212178366655,0.056444962690862265,0.057591940872013844,-0.8865494221709358,0.38,False,100,200
1000,2,True,0.1,log,eigenvector,12,37,True,0.056340976760462444,0.05660842508785766,0.0002360314369625899,0.056044856336831664,0.057090973688347854,-1.1331046865490846,0.26,False,100,200
1000,2,True,0.1,log,eigenvector,13,41,True,0.05614528537002666,0.05633073593491583,0.0002587259743810336,0.05563994572980473,0.056980602324704595,-0.7167837142476813,0.5,False,100,200
1000,2,True,0.1,log,eigenvector,14,43,True,0.05602502627580868,0.056211391803112444,0.0002457845968700624,0.055501189207748304,0.056937536948321606,-0.7582473827776506,0.42,False,100,200
1000,2,True,0.1,log,eigenvector,15,47,True,0.0558324057074678,0.0560666842244632,0.00023198851834577014,0.05554268130150013,0.0565911287726694,-1.0098711723577252,0.3,False,100,200
1000,2,True,0.1,log,eigenvector,16,53,True,0.05556523990664202,0.05579155185153836,0.00021951646514555123,0.055293199053201916,0.05637821139930592,-1.0309565833538061,0.3,False,100,200
1000,2,True,0.1,log,eigenvector,17,61,True,0.05539164246333393,0.05556538465288068,0.00019437046106142932,0.055124518713882756,0.05613508106069428,-0.8938713660395812,0.36,False,100,200
1000,2,True,0.1,log,eigenvector,18,59,True,0.05536839354111588,0.055534891917189404,0.0002129116410232548,0.055047713641643146,0.056064573041530855,-0.7820069173922815,0.46,False,100,200
1000,2,True,0.1,log,eigenvector,19,71,True,0.0552162905010071,0.055355673330719474,0.00021495197572396477,0.05480511605422741,0.05592725859414757,-0.6484370717829309,0.56,False,100,200
1000,2,True,0.1,log,eigenvector,20,67,True,0.055180598750915424,0.05529746064565817,0.00021058265381823866,0.054835698665199196,0.055786798555995325,-0.5549454934859717,0.58,False,100,200
1000,2,True,0.1,log,eigenvector_costweight,1,2,True,0.6779485372483617,0.676531050582716,0.001600565634761148,0.6737632073402833,0.680198634383034,0.8856160815031592,0.44,False,100,200
1000,2,True,0.1,log,eigenvector_costweight,2,3,True,0.18336398705184315,0.18972006275236444,0.0060896891854000865,0.17505827355582673,0.20088064526164728,-1.0437438606489016,0.36,False,100,200
1000,2,True,0.1,log,eigenvector_costweight,3,5,True,0.06786729741240165,0.0664747391686949,0.0036785088362669216,0.05504907905450715,0.07614361900311371,0.37856596400621073,0.58,False,100,200
1000,2,True,0.1,log,eigenvector_costweight,4,7,True,0.03963149722964888,0.037686014090850345,0.002240123834099813,0.031166070101901432,0.042960568641712785,0.8684712466265657,0.4,False,100,200
1000,2,True,0.1,log,eigenvector_costweight,5,840,False,0.03614980411242001,0.02594170920513818,0.012640432168853372,0.00022554561877567047,0.03614725947862231,0.8075748337493607,0.0,False,100,200
1000,2,True,0.1,log,eigenvector_costweight,6,420,False,0.03614980411242001,0.0272241848349883,0.01138383126885659,0.00023673943589817018,0.036157263936880714,0.7840611009274218,0.02,False,100,200
1000,2,True,0.1,log,eigenvector_costweight,7,210,False,0.03614980411242001,0.025220659085455725,0.01295481690748958,0.00014325409504658063,0.036200384295094874,0.8436356225649002,0.04,False,100,200
1000,2,True,0.1,log,eigenvector_costweight,8,630,False,0.03614980411242001,0.027419693810866584,0.011531442157156324,0.00020244053013110052,0.03615228474579057,0.757070120334913,0.02,False,100,200
1000,2,True,0.1,log,eigenvector_costweight,9,330,False,0.03580302491613623,0.02608981650091382,0.012312619764973526,0.0002508645894491043,0.03615228474579057,0.788882350030347,0.08,False,100,200
1000,2,True,0.1,log,eigenvector_costweight,10,660,False,0.03580302491613623,0.02520946564117975,0.01273463041441525,0.00012768034157067764,0.03610668498520139,0.8318701784203227,0.06,False,100,200
1000,2,True,0.1,log,eigenvector_costweight,11,990,False,0.03580302491613623,0.024898158854008586,0.012993077321192578,0.0003092740703465927,0.036157263936880714,0.8392827805573886,0.08,False,100,200
1000,2,True,0.1,log,eigenvector_costweight,12,780,False,0.03573826765227003,0.02525840260208557,0.013118077541409258,0.00014345618716991534,0.03585580938303434,0.7988872620323463,0.08,False,100,200
1000,2,True,0.1,log,eigenvector_costweight,13,390,False,0.03573826765227003,0.026718864929734937,0.011749011171945512,0.0004022613665841036,0.03609450725517881,0.7676733463384368,0.06,False,100,200
1000,2,True,0.1,log,eigenvector_costweight,14,510,False,0.03567019464093832,0.026812299963318586,0.011348082490581541,0.00035408004925207095,0.036201258220560174,0.7805631202426876,0.14,False,100,200
1000,2,True,0.1,log,eigenvector_costweight,15,570,False,0.03565080840642215,0.026079316421859396,0.011921607393939222,0.00031682879484312845,0.03615661249939947,0.8028692497816002,0.12,False,100,200
1000,2,True,0.1,log,eigenvector_costweight,16,690,False,0.035623660571803065,0.027224311519758917,0.011742184645912977,0.00020676004022006464,0.03615228474579057,0.7153139986576224,0.16,False,100,200
1000,2,True,0.1,log,eigenvector_costweight,17,870,False,0.03560290664326034,0.024633043655393635,0.012993049662834318,0.0006828423287090025,0.03612197992769183,0.8442870051705561,0.12,False,100,200
1000,2,True,0.1,log,eigenvector_costweight,18,930,False,0.035598178337038086,0.025708174894291436,0.012916221861915746,6.144002941051494e-05,0.03618372664326243,0.7657040540553041,0.2,False,100,200
1000,2,True,0.1,log,eigenvector_costweight,19,150,False,0.03554008214733991,0.025079993995247983,0.012524524608346887,0.0008112486080656102,0.035577734181573596,0.8351684777816523,0.06,False,100,200
1000,2,True,0.1,log,eigenvector_costweight,20,450,False,0.03554008214733991,0.023117299013167374,0.01357752028697448,0.00025060730563157465,0.035633235561945656,0.9149522793267529,0.14,False,100,200
1000,2,True,0.1,log,pagerank,1,2,True,0.13638865250465074,0.1389213842095192,0.00044453659175317504,0.13795693549712457,0.14001363127176952,-5.697465072289771,0.0,False,100,200
1000,2,True,0.1,log,pagerank,2,3,True,0.033803207096960844,0.037979575909264936,0.00046374384039040844,0.03652472902998221,0.038822850794639555,-9.00576665080486,0.0,False,100,200
1000,2,True,0.1,log,pagerank,3,5,True,0.02953403755771574,0.0316798734969546,0.0006064274066548422,0.030528241120517937,0.03321557229451936,-3.5384877327290534,0.0,False,100,200
1000,2,True,0.1,log,pagerank,4,7,True,0.025162748866576132,0.02631208849527027,0.0004908515165061675,0.02522033203586125,0.027494652452411124,-2.3415220082745654,0.0,False,100,200
1000,2,True,0.1,log,pagerank,5,11,True,0.019467547584992115,0.019620874433902934,0.0003760627487315112,0.01867018454495752,0.020528652262985014,-0.4077161309595333,0.76,False,100,200
1000,2,True,0.1,log,pagerank,6,13,True,0.01750461906743792,0.017450114748363377,0.0004193338859209105,0.01642691582674724,0.018772291453498353,0.1299783320750314,0.8,False,100,200
1000,2,True,0.1,log,pagerank,7,17,True,0.014712012702584288,0.014343424035505188,0.000326964482023538,0.013368619868735894,0.01497480417746506,1.1273049133592594,0.24,False,100,200
1000,2,True,0.1,log,pagerank,8,19,True,0.013655147340891415,0.01323692100052803,0.00031681685929932314,0.012527682023536189,0.014156893631867324,1.3200886508638805,0.16,False,100,200
1000,2,True,0.1,log,pagerank,9,23,True,0.011915303617212228,0.011496581827591843,0.0003205197538992445,0.010723981106911393,0.012170545569430946,1.3063837237064972,0.2,False,100,200
1000,2,True,0.1,log,pagerank,10,29,True,0.010160558393896846,0.009632273519434404,0.0002707646007539251,0.009000485240963526,0.010499445226237162,1.9510854557481727,0.1,False,100,200
1000,2,True,0.1,log,pagerank,11,31,True,0.009764985534166472,0.009198675389361668,0.00021673851617166147,0.008533016159163463,0.00963709488363525,2.6128726670633338,0.0,False,100,200
1000,2,True,0.1,log,pagerank,12,37,True,0.008535372691711897,0.008061025972405263,0.00020630777669486698,0.007541800685935914,0.008578838246621322,2.2992188026348597,0.02,False,100,200
1000,2,True,0.1,log,pagerank,13,41,True,0.007745917754200243,0.0073357326623807095,0.00017903294652105248,0.006779204779672064,0.007759258567371307,2.2911151259598035,0.02,False,100,200
1000,2,True,0.1,log,pagerank,14,43,True,0.007497164314847685,0.007154638075904927,0.00018331953829062655,0.006687462980107118,0.00761644199447075,1.86846553366142,0.08,False,100,200
1000,2,True,0.1,log,pagerank,15,47,True,0.007025229778795441,0.00664520642004734,0.00019139868654527548,0.006265326369843219,0.007052377421284391,1.985506617665352,0.06,False,100,200
1000,2,True,0.1,log,pagerank,16,53,True,0.006231212797130778,0.005836439829369073,0.0001670793146453316,0.005534187679549761,0.006342982189342254,2.3627878088901135,0.02,False,100,200
1000,2,True,0.1,log,pagerank,17,61,True,0.005714258700188772,0.005373135589600907,0.000143118861796487,0.005000973396048915,0.00581550701568113,2.3834951333873713,0.04,False,100,200
1000,2,True,0.1,log,pagerank,18,59,True,0.0056888333472121305,0.005357959925940375,0.00013801760566371316,0.005073857264536318,0.0056674171306661915,2.3973276429526305,0.0,False,100,200
1000,2,True,0.1,log,pagerank,19,71,True,0.005138926698706637,0.00485808977159084,0.00012554328120916052,0.004535558766095662,0.005194388867580679,2.2369729738695563,0.02,False,100,200
1000,2,True,0.1,log,pagerank,20,67,True,0.005101159298849041,0.0048516729210098565,0.0001280966194360441,0.004486829030803045,0.005102566508798082,1.9476421699305484,0.02,False,100,200
1000,2,True,0.1,log,betweenness,1,2,True,0.9506162324649298,0.94043376753507,0.002623725030332038,0.9323797595190381,0.9459519038076152,3.880919232062558,0.0,False,100,200
1000,2,True,0.1,log,betweenness,2,13,True,0.10759519038076151,0.08688351703406813,0.014902030453285135,0.048672344689378755,0.12501503006012024,1.3898557925794306,0.18,False,100,200
1000,2,True,0.1,log,betweenness,3,7,True,0.10404308617234469,0.13195415831663326,0.01986333609614519,0.09173346693386773,0.18116733466933865,-1.4051553077081114,0.18,False,100,200
1000,2,True,0.1,log,betweenness,4,11,True,0.09629258517034067,0.09367570140280561,0.015242708606846827,0.05746492985971943,0.13291082164328658,0.17168102041651617,0.88,False,100,200
1000,2,True,0.1,log,betweenness,5,5,True,0.08302104208416833,0.1528871743486974,0.019548073919027596,0.10968436873747495,0.20700901803607213,-3.5740673251968405,0.0,False,100,200
1000,2,True,0.1,log,betweenness,6,23,True,0.07844689378757515,0.054788026052104206,0.010912720807293278,0.03151803607214429,0.07889779559118236,2.168008157934275,0.02,False,100,200
1000,2,True,0.1,log,betweenness,7,17,True,0.07555110220440882,0.06958056112224448,0.014202012164713854,0.032870741482965926,0.11081663326653306,0.42040106802602467,0.72,False,100,200
1000,2,True,0.1,log,betweenness,8,43,True,0.06016032064128256,0.031625400801603205,0.007904022956285018,0.015871743486973948,0.05251503006012024,3.610176741325038,0.0,False,100,200
1000,2,True,0.1,log,betweenness,9,29,True,0.05979458917835671,0.046386322645290565,0.010604283517232783,0.01791082164328657,0.06986472945891783,1.264419846119415,0.26,False,100,200
1000,2,True,0.1,log,betweenness,10,19,True,0.0558817635270541,0.0643493987975952,0.013476542787175442,0.036142284569138275,0.09321142284569138,-0.6283240000246231,0.66,False,100,200
1000,2,True,0.1,log,betweenness,11,31,True,0.054679358717434866,0.04254569138276553,0.008998136997510515,0.018587174348697392,0.06288076152304609,1.3484643919098263,0.18,False,100,200
1000,2,True,0.1,log,betweenness,12,37,True,0.0544438877755511,0.03656833667334669,0.008792902597658185,0.01664829659318637,0.05603707414829659,2.0329522479829585,0.02,False,100,200
1000,2,True,0.1,log,betweenness,13,3,True,0.053161322645290575,0.16726247494989976,0.02113833417852283,0.10778056112224448,0.21759018036072142,-5.397830848021093,0.0,False,100,200
1000,2,True,0.1,log,betweenness,14,41,True,0.04701402805611222,0.03304383767535069,0.007323439195791831,0.016482965931863727,0.052199398797595185,1.9075996956169226,0.06,False,100,200
1000,2,True,0.1,log,betweenness,15,61,True,0.03914829659318637,0.023869488977955912,0.006950275844996718,0.009874749498997996,0.03791583166332665,2.198302334464779,0.0,False,100,200
1000,2,True,0.1,log,betweenness,16,47,True,0.039028056112224443,0.029170140280561117,0.007757821975615803,0.014584168336673345,0.05554108216432865,1.2707066316613715,0.24,False,100,200
1000,2,True,0.1,log,betweenness,17,53,True,0.031217434869739477,0.027522895791583162,0.007885156439354888,0.009829659318637274,0.049213426853707415,0.46854353576510327,0.62,False,100,200
1000,2,True,0.1,log,betweenness,18,83,True,0.03067635270541082,0.018623947895791585,0.00641377275743949,0.006853707414829659,0.03528056112224449,1.8791443453682326,0.06,False,100,200
1000,2,True,0.1,log,betweenness,19,59,True,0.029589178356713423,0.0233749498997996,0.007319262545587238,0.008792585170340681,0.04318637274549098,0.8490238488111566,0.36,False,100,200
1000,2,True,0.1,log,betweenness,20,67,True,0.02763527054108216,0.020167434869739473,0.0062334154407045605,0.0077555110220440876,0.036207414829659314,1.1980327225708851,0.22,False,100,200
1000,2,False,0.1,log,degree,1,2,True,499.0,499.0,0.0,499.0,499.0,0.0,1.0,True,100,200
1000,2,False,0.1,log,degree,2,3,True,332.0,332.0,0.0,332.0,332.0,0.0,1.0,True,100,200
1000,2,False,0.1,log,degree,3,5,True,199.0,199.0,0.0,199.0,199.0,0.0,1.0,True,100,200
1000,2,False,0.1,log,degree,4,7,True,141.0,141.0,0.0,141.0,141.0,0.0,1.0,True,100,200
1000,2,False,0.1,log,degree,5,11,True,89.0,89.0,0.0,89.0,89.0,0.0,1.0,True,100,200
1000,2,False,0.1,log,degree,6,13,True,75.0,75.0,0.0,75.0,75.0,0.0,1.0,True,100,200
1000,2,False,0.1,log,degree,7,17,True,57.0,57.0,0.0,57.0,57.0,0.0,1.0,True,100,200
1000,2,False,0.1,log,degree,8,19,True,51.0,51.0,0.0,51.0,51.0,0.0,1.0,True,100,200
1000,2,False,0.1,log,degree,9,23,True,42.0,42.0,0.0,42.0,42.0,0.0,1.0,True,100,200
1000,2,False,0.1,log,degree,10,29,True,33.0,33.0,0.0,33.0,33.0,0.0,1.0,True,100,200
1000,2,False,0.1,log,degree,11,31,True,31.0,31.0,0.0,31.0,31.0,0.0,1.0,True,100,200
1000,2,False,0.1,log,degree,12,37,True,26.0,26.0,0.0,26.0,26.0,0.0,1.0,True,100,200
1000,2,False,0.1,log,degree,13,41,True,23.0,23.0,0.0,23.0,23.0,0.0,1.0,True,100,200
1000,2,False,0.1,log,degree,14,43,True,22.0,22.0,0.0,22.0,22.0,0.0,1.0,True,100,200
1000,2,False,0.1,log,degree,15,47,True,20.0,20.0,0.0,20.0,20.0,0.0,1.0,True,100,200
1000,2,False,0.1,log,degree,16,53,True,17.0,17.0,0.0,17.0,17.0,0.0,1.0,True,100,200
1000,2,False,0.1,log,degree,17,59,True,15.0,15.0,0.0,15.0,15.0,0.0,1.0,True,100,200
1000,2,False,0.1,log,degree,18,61,True,15.0,15.0,0.0,15.0,15.0,0.0,1.0,True,100,200
1000,2,False,0.1,log,degree,19,71,True,13.0,13.0,0.0,13.0,13.0,0.0,1.0,True,100,200
1000,2,False,0.1,log,degree,20,67,True,13.0,13.0,0.0,13.0,13.0,0.0,1.0,True,100,200
1000,2,False,0.1,log,degree_weighted,1,3,True,364.73927983781175,364.73927983781186,1.1425957100746156e-13,364.73927983781175,364.73927983781175,-0.9949874371066199,1.0,True,100,200
1000,2,False,0.1,log,degree_weighted,2,2,True,345.88044309941347,345.8804430994134,5.712978550373078e-14,345.88044309941347,345.88044309941347,0.9949874371066199,1.0,True,100,200
1000,2,False,0.1,log,degree_weighted,3,5,True,320.2781445743848,320.2781445743849,1.1425957100746156e-13,320.2781445743848,320.2781445743848,-0.99498743710662,1.0,True,100,200
1000,2,False,0.1,log,degree_weighted,4,7,True,274.37333101679945,274.37333101679945,0.0,274.37333101679945,274.37333101679945,0.9949874371066199,1.0,True,100,200
1000,2,False,0.1,log,degree_weighted,5,11,True,213.4126792790547,213.41267927905471,2.856489275186539e-14,213.4126792790547,213.4126792790547,0.0,1.0,True,100,200
1000,2,False,0.1,log,degree_weighted,6,13,True,192.37120180961523,192.37120180961526,2.856489275186539e-14,192.37120180961523,192.37120180961523,-0.99498743710662,1.0,True,100,200
1000,2,False,0.1,log,degree_weighted,7,17,True,161.49316061120442,161.49316061120444,2.856489275186539e-14,161.49316061120442,161.49316061120442,0.99498743710662,1.0,True,100,200
1000,2,False,0.1,log,degree_weighted,8,19,True,150.16638793748842,150.16638793748845,2.856489275186539e-14,150.16638793748842,150.16638793748842,0.99498743710662,1.0,True,100,200
1000,2,False,0.1,log,degree_weighted,9,23,True,131.69075706902444,131.6907570690244,5.712978550373078e-14,131.69075706902444,131.69075706902444,0.99498743710662,1.0,True,100,200
1000,2,False,0.1,log,degree_weighted,10,29,True,111.12076238955365,111.12076238955363,1.4282446375932695e-14,111.12076238955365,111.12076238955365,0.9949874371066199,1.0,True,100,200
1000,2,False,0.1,log,degree_weighted,11,31,True,106.45360333903959,106.45360333903956,2.856489275186539e-14,106.45360333903959,106.45360333903959,0.99498743710662,1.0,True,100,200
1000,2,False,0.1,log,degree_weighted,12,37,True,93.88386572874985,93.88386572874988,2.856489275186539e-14,93.88386572874985,93.88386572874985,-0.99498743710662,1.0,True,100,200
1000,2,False,0.1,log,degree_weighted,13,41,True,85.41215753419905,85.41215753419908,2.856489275186539e-14,85.41215753419905,85.41215753419905,0.9949874371066199,1.0,True,100,200
1000,2,False,0.1,log,degree_weighted,14,43,True,82.7464025452584,82.74640254525842,1.4282446375932695e-14,82.7464025452584,82.7464025452584,0.99498743710662,1.0,True,100,200
1000,2,False,0.1,log,degree_weighted,15,47,True,77.00295203420116,77.00295203420116,0.0,77.00295203420116,77.00295203420116,-0.99498743710662,1.0,True,100,200
1000,2,False,0.1,log,degree_weighted,16,53,True,67.49496253038608,67.49496253038606,1.4282446375932695e-14,67.49496253038608,67.49496253038608,-0.99498743710662,1.0,True,100,200
1000,2,False,0.1,log,degree_weighted,17,61,True,61.66310796259969,61.66310796259969,0.0,61.66310796259969,61.66310796259969,0.99498743710662,1.0,True,100,200
1000,2,False,0.1,log,degree_weighted,18,59,True,61.16306165858579,61.163061658585804,1.4282446375932695e-14,61.16306165858579,61.16306165858579,-0.99498743710662,1.0,True,100,200
1000,2,False,0.1,log,degree_weighted,19,71,True,55.4148384015371,55.41483840153709,7.141223187966347e-15,55.4148384015371,55.4148384015371,0.99498743710662,1.0,True,100,200
1000,2,False,0.1,log,degree_weighted,20,67,True,54.66100405208257,54.661004052082575,7.141223187966347e-15,54.66100405208257,54.66100405208257,-0.99498743710662,1.0,True,100,200
1000,2,False,0.1,log,eigenvector,1,5,True,0.3125867368893814,0.30828879359400213,0.007867652562451092,0.28792668180889935,0.3250709197569014,0.5462802610134915,0.56,False,100,200
1000,2,False,0.1,log,eigenvector,2,3,True,0.2887811260075015,0.2839081555770795,0.007206953589159745,0.26845059322251125,0.30023562248473895,0.67614844054938,0.52,False,100,200
1000,2,False,0.1,log,eigenvector,3,7,True,0.287458641389106,0.2838234860823474,0.0091089570969938,0.2638648925999864,0.3025256429407568,0.3990748082410293,0.76,False,100,200
1000,2,False,0.1,log,eigenvector,4,2,True,0.2291662338337777,0.23944454776384191,0.0044870190609101095,0.23034859379137057,0.24981598131335606,-2.2906775724682142,0.0,False,100,200
1000,2,False,0.1,log,eigenvector,5,11,True,0.2221436489060691,0.21626621369164983,0.010231248607617208,0.19129774860655527,0.23891285331500617,0.5744592316956795,0.52,False,100,200
1000,2,False,0.1,log,eigenvector,6,13,True,0.19487598908937692,0.1910509366525669,0.01073174902876853,0.15869805274626397,0.21640490698474082,0.35642395536423555,0.66,False,100,200
1000,2,False,0.1,log,eigenvector,7,17,True,0.1546176103655871,0.15085758604426672,0.009069242248775589,0.13237871195904682,0.1766405494319888,0.41459079140024563,0.56,False,100,200
1000,2,False,0.1,log,eigenvector,8,19,True,0.1396939815758002,0.13547795140378469,0.011732281693394957,0.10996702628153227,0.16443517235107313,0.3593529615291318,0.7,False,100,200
1000,2,False,0.1,log,eigenvector,9,23,True,0.11482815733544603,0.11099595126162652,0.009419966233607862,0.09177795858093567,0.1338606426302502,0.40681738965764525,0.72,False,100,200
1000,2,False,0.1,log,eigenvector,10,29,True,0.08700954341178246,0.08727016948011806,0.007548187843500419,0.06714056153801107,0.10940912060048377,-0.03452829655796028,0.92,False,100,200
1000,2,False,0.1,log,eigenvector,11,31,True,0.0796875834003792,0.08388617346338594,0.009130941094231286,0.06263398115554142,0.10504682930163095,-0.4598200798447066,0.6,False,100,200
1000,2,False,0.1,log,eigenvector,12,37,True,0.06850183229419796,0.06966367686418148,0.007446856572759365,0.054163896843616825,0.09173909284475418,-0.15601812101948634,0.92,False,100,200
1000,2,False,0.1,log,eigenvector,13,41,True,0.06003219471112763,0.06191582587363282,0.007348635902301555,0.04431724834359776,0.08024474659195206,-0.2563239201870473,0.8,False,100,200
1000,2,False,0.1,log,eigenvector,14,43,True,0.05763968512518401,0.0580634574863724,0.007263794263694733,0.04271328222271749,0.07525788161921429,-0.058340358468910516,0.98,False,100,200
1000,2,False,0.1,log,eigenvector,15,770,False,0.0556880859777958,0.03878922524685279,0.010032006595421314,0.010454532068018616,0.060545807775659766,1.6844945794449324,0.1,False,100,200
1000,2,False,0.1,log,eigenvector,16,910,False,0.05464574335303705,0.03893853081936766,0.010253500842386557,0.01596878465414135,0.06378094654248836,1.5318877693692614,0.1,False,100,200
1000,2,False,0.1,log,eigenvector,17,47,True,0.051930543393760735,0.05310122966769417,0.007516048206251997,0.02827440639277956,0.06653076353039247,-0.15575821785704394,0.92,False,100,200
1000,2,False,0.1,log,eigenvector,18,385,False,0.05064480049375828,0.02897847113160913,0.007650850103876665,0.010898171153782063,0.05177999770934254,2.831885224253822,0.02,False,100,200
1000,2,False,0.1,log,eigenvector,19,924,False,0.04978805425971824,0.038466133899334926,0.008385343562686191,0.017831246717839963,0.061339332069172386,1.350203515901787,0.18,False,100,200
1000,2,False,0.1,log,eigenvector,20,462,False,0.04978805425971824,0.03928641555020915,0.009548262931327024,0.015712357133522106,0.05871321799300088,1.099848085985791,0.28,False,100,200
1000,2,False,0.1,log,eigenvector_costweight,1,2,True,0.6784597631418328,0.6770060672097605,0.0016134656786837432,0.6742180783244993,0.6807025601279952,0.9009772883784843,0.4,False,100,200
1000,2,False,0.1,log,eigenvector_costweight,2,3,True,0.18162310173962548,0.1880489589431167,0.006148078929035287,0.17324420693934536,0.19929355567740228,-1.0451813123517482,0.36,False,100,200
1000,2,False,0.1,log,eigenvector_costweight,3,5,True,0.06593241662403729,0.0645524264054634,0.0037020766479984512,0.05306919752364873,0.07429795572616175,0.3727611148515809,0.58,False,100,200
1000,2,False,0.1,log,eigenvector_costweight,4,7,True,0.037660608210966416,0.035720185083315883,0.0022516690568443846,0.0291678997072817,0.041038368684223156,0.8617710145957019,0.42,False,100,200
1000,2,False,0.1,log,eigenvector_costweight,5,420,False,0.03614230857270917,0.027220595469250895,0.011422938025638879,0.00017047897059964387,0.036150461239974487,0.7810348864218131,0.02,False,100,200
1000,2,False,0.1,log,eigenvector_costweight,6,840,False,0.03614230857270917,0.02593025985681253,0.01268395388242839,0.00016512476981578078,0.036138534888624424,0.805115566530387,0.0,False,100,200
1000,2,False,0.1,log,eigenvector_costweight,7,210,False,0.03614230857270917,0.02520970494423119,0.01300039430086522,8.214305539732134e-05,0.03619443209099681,0.8409440033484504,0.04,False,100,200
1000,2,False,0.1,log,eigenvector_costweight,8,630,False,0.03614230857270917,0.027414166517323597,0.011571604644572108,0.0001401454611356041,0.03614246986805098,0.7542724041716794,0.02,False,100,200
1000,2,False,0.1,log,eigenvector_costweight,9,660,False,0.035800140176004344,0.025199065123003236,0.012777948846625826,7.009113079063982e-05,0.03609643513682352,0.8296382447798311,0.06,False,100,200
1000,2,False,0.1,log,eigenvector_costweight,10,330,False,0.035800140176004344,0.026081195517079023,0.012355727953752478,0.00018827274204842928,0.03614246986805098,0.7865942577647684,0.08,False,100,200
1000,2,False,0.1,log,eigenvector_costweight,11,990,False,0.035800140176004344,0.024885696141461987,0.013039105498114064,0.00023722559562651215,0.036150461239974487,0.8370546611591558,0.08,False,100,200
1000,2,False,0.1,log,eigenvector_costweight,12,390,False,0.03573678930337755,0.026713470173761647,0.011791570023255031,0.0003274131889673695,0.0360855908786582,0.7652347492166294,0.04,False,100,200
1000,2,False,0.1,log,eigenvector_costweight,13,780,False,0.03573678930337755,0.025246631943184127,0.013164068880568524,8.317266341010861e-05,0.03585548099085124,0.7968780363704981,0.08,False,100,200
1000,2,False,0.1,log,eigenvector_costweight,14,510,False,0.03567069712361292,0.026807616779865477,0.011389851651934204,0.0002811783609630136,0.03619417074530897,0.7781559070826283,0.14,False,100,200
1000,2,False,0.1,log,eigenvector_costweight,15,570,False,0.035652045025822664,0.02607267761394495,0.0119671717406723,0.00024792989374386383,0.036150260803816045,0.8004704552973643,0.12,False,100,200
1000,2,False,0.1,log,eigenvector_costweight,16,690,False,0.03562604190840319,0.027220826688008896,0.011779789029663442,0.0001429426577831701,0.03614246986805098,0.7135285020154921,0.16,False,100,200
1000,2,False,0.1,log,eigenvector_costweight,17,870,False,0.035606546875010726,0.024620116005663512,0.013041189748739636,0.00060843551161733,0.036109532989500946,0.8424408417498094,0.12,False,100,200
1000,2,False,0.1,log,eigenvector_costweight,18,930,False,0.03560215125419505,0.02569849394593919,0.012961168706668946,1.1233478209407448e-05,0.03617614721295083,0.7641021834057381,0.22,False,100,200
1000,2,False,0.1,log,eigenvector_costweight,19,300,False,0.035561555715627066,0.02149857029451092,0.01384799012907112,0.00010270255296642487,0.03559412340839648,1.015525378776352,0.04,False,100,200
1000,2,False,0.1,log,eigenvector_costweight,20,180,False,0.035561555715627066,0.023107772081061788,0.013514587929573541,0.00010637898586155819,0.03561795102998445,0.9215067229177639,0.06,False,100,200
1000,2,False,0.1,log,pagerank,1,3,True,0.040454982393715,0.04589877766457727,0.0005397243380104776,0.04410868705435286,0.04696775412370989,-10.086251235082514,0.0,False,100,200
1000,2,False,0.1,log,pagerank,2,2,True,0.03925629446105357,0.043049759473037776,0.0003997522560701364,0.04225768085369089,0.04418104196986902,-9.489539969772327,0.0,False,100,200
1000,2,False,0.1,log,pagerank,3,5,True,0.03483833305650361,0.03807745745813038,0.0006729807082021692,0.03681019214525725,0.03971003383228467,-4.813101419028655,0.0,False,100,200
1000,2,False,0.1,log,pagerank,4,7,True,0.029432462541155408,0.031480482609285404,0.0005429172730712932,0.030191351316762313,0.03271410126558914,-3.772250708739303,0.0,False,100,200
1000,2,False,0.1,log,pagerank,5,11,True,0.0225429829729528,0.02332229829333354,0.00043928744010499445,0.02221900422973047,0.02420811226112885,-1.7740441661488588,0.06,False,100,200
1000,2,False,0.1,log,pagerank,6,13,True,0.020191805534213295,0.020665613732857732,0.0004883207249345027,0.01954883544989355,0.02224480498542227,-0.9702807488008636,0.3,False,100,200
1000,2,False,0.1,log,pagerank,7,17,True,0.016852479164784342,0.016872088938520106,0.000367278042198799,0.015799508479709914,0.017724535334249558,-0.05339217563445299,0.86,False,100,200
1000,2,False,0.1,log,pagerank,8,19,True,0.015601561122781233,0.015543394577421708,0.0003570385965710465,0.014693926423336704,0.016502185310166263,0.16291388639252852,0.76,False,100,200
1000,2,False,0.1,log,pagerank,9,23,True,0.013540217589347205,0.01342144554289213,0.0003791813011464753,0.012466451236516397,0.014254975943214558,0.31323286801317335,0.84,False,100,200
1000,2,False,0.1,log,pagerank,10,29,True,0.011474458351638659,0.011143259601237712,0.0003137525375228179,0.010450183480318353,0.012281440187441773,1.0556050096546632,0.26,False,100,200
1000,2,False,0.1,log,pagerank,11,31,True,0.01101294644083297,0.01061128803362089,0.0002618151563922059,0.009825632998677067,0.011186615720702292,1.5341296995441485,0.14,False,100,200
1000,2,False,0.1,log,pagerank,12,37,True,0.009558344436619175,0.009225917804927614,0.00023522655462676967,0.008642630236912209,0.009900600073539163,1.4132189803953974,0.18,False,100,200
1000,2,False,0.1,log,pagerank,13,41,True,0.00864199907313517,0.008334554895043011,0.00021069345142702857,0.007806002284651569,0.008853333269714546,1.4592013942998112,0.1,False,100,200
1000,2,False,0.1,log,pagerank,14,43,True,0.008338169276700245,0.008113657724688693,0.0002222483417041573,0.007618206600853617,0.008703593315310156,1.0101832494678935,0.3,False,100,200
1000,2,False,0.1,log,pagerank,15,47,True,0.007789662480306951,0.007505232231520049,0.00023239574640741348,0.007038917059865898,0.008016335223613965,1.2239047107525982,0.2,False,100,200
1000,2,False,0.1,log,pagerank,16,53,True,0.006872972497594047,0.00651881521505968,0.0001891274788649346,0.0061855475035521214,0.007163880532591214,1.8725850133458815,0.08,False,100,200
1000,2,False,0.1,log,pagerank,17,61,True,0.006266824403867477,0.00594282428101896,0.0001664515417054728,0.005532536921070442,0.006497047246545466,1.946513198548907,0.04,False,100,200
1000,2,False,0.1,log,pagerank,18,59,True,0.006238494547514803,0.005923578509356319,0.00017411969396370774,0.005520871320123525,0.0063339424005318746,1.8086181464580469,0.06,False,100,200
1000,2,False,0.1,log,pagerank,19,71,True,0.005581322974808575,0.005310339179186963,0.00015669346818758247,0.004924260701360139,0.005751550641794603,1.729387949325424,0.02,False,100,200
1000,2,False,0.1,log,pagerank,20,67,True,0.005539548239183687,0.005304291807778115,0.00015326361462586417,0.004872220476454742,0.005667186815244322,1.5349790097268652,0.14,False,100,200
1000,2,False,0.1,log,betweenness,1,5,True,0.19793086172344687,0.16035455911823646,0.015939290595641493,0.12351202404809616,0.19401302605210424,2.3574639272519113,0.0,False,100,200
1000,2,False,0.1,log,betweenness,2,3,True,0.18975450901803598,0.18490941883767537,0.01884233395170736,0.14123747494989988,0.2229709418837675,0.2571385367003105,0.86,False,100,200
1000,2,False,0.1,log,betweenness,3,7,True,0.1577755511022044,0.14795105210420842,0.015826962339095613,0.1041633266533066,0.18709418837675348,0.6207444478292331,0.48,False,100,200
1000,2,False,0.1,log,betweenness,4,2,True,0.12197895791583181,0.0514812625250501,0.011867308509021821,0.023336673346693395,0.08724448897795602,5.940495718737539,0.0,False,100,200
1000,2,False,0.1,log,betweenness,5,13,True,0.08699899799599198,0.09713537074148297,0.01150123865926237,0.06705911823647294,0.13036573146292585,-0.8813287895150168,0.4,False,100,200
1000,2,False,0.1,log,betweenness,6,11,True,0.08345190380761522,0.10646753507014027,0.012114142724829085,0.0798196392785571,0.1347194388777555,-1.8998976473467146,0.06,False,100,200
1000,2,False,0.1,log,betweenness,7,23,True,0.05743987975951904,0.06327154308617235,0.009769929205726892,0.0444939879759519,0.09,-0.596899240911076,0.56,False,100,200
1000,2,False,0.1,log,betweenness,8,17,True,0.051142284569138274,0.07982520040080159,0.01309837709784413,0.04254008016032064,0.1145190380761523,-2.189806845336911,0.02,False,100,200
1000,2,False,0.1,log,betweenness,9,43,True,0.040626252505010015,0.03534969939879759,0.007267807185520743,0.0225,0.05824649298597194,0.7260172114533555,0.38,False,100,200
1000,2,False,0.1,log,betweenness,10,19,True,0.040551102204408815,0.07332745490981964,0.013513770709163727,0.04855210420841683,0.11179859719438877,-2.4254039387530133,0.0,False,100,200
1000,2,False,0.1,log,betweenness,11,29,True,0.03927354709418837,0.05142024048096192,0.01000578350269043,0.03101202404809619,0.07934368737474949,-1.2139672403972623,0.2,False,100,200
1000,2,False,0.1,log,betweenness,12,37,True,0.0362625250501002,0.0422310120240481,0.008622659685432276,0.021823647294589178,0.06503006012024047,-0.6921863081331492,0.48,False,100,200
1000,2,False,0.1,log,betweenness,13,31,True,0.03354208416833667,0.04786803607214428,0.00856267056313605,0.02968436873747495,0.0727254509018036,-1.6730705447764824,0.06,False,100,200
1000,2,False,0.1,log,betweenness,14,41,True,0.031152304609218435,0.03685075150300601,0.008003486382485353,0.018321643286573146,0.0654809619238477,-0.7119955756103912,0.46,False,100,200
1000,2,False,0.1,log,betweenness,15,47,True,0.026497995991983967,0.03338191382765531,0.006772588743463378,0.021518036072144288,0.0500250501002004,-1.0164381887672445,0.34,False,100,200
1000,2,False,0.1,log,betweenness,16,61,True,0.02387775551102204,0.024077705410821642,0.006401978160996393,0.011397795591182364,0.04184869739478957,-0.031232518257840288,0.96,False,100,200
1000,2,False,0.1,log,betweenness,17,83,True,0.020506012024048094,0.017784819639278554,0.0052970945004479015,0.0052505010020040075,0.02973947895791583,0.5137141473574692,0.64,False,100,200
1000,2,False,0.1,log,betweenness,18,67,True,0.01975450901803607,0.02017805611222445,0.005866384351985093,0.008416833667334669,0.03327655310621242,-0.07219900176589306,0.96,False,100,200
1000,2,False,0.1,log,betweenness,19,59,True,0.018982965931863726,0.024101753507014025,0.006301625363813961,0.01094689378757515,0.04262024048096192,-0.8122963965049538,0.4,False,100,200
1000,2,False,0.1,log,betweenness,20,53,True,0.018677354709418836,0.028819288577154302,0.006857011009886177,0.013832665330661322,0.05173346693386773,-1.479060461345798,0.1,False,100,200
10000,2,True,0.1,padic,degree,1,2,True,6227.0,6227.0,0.0,6227.0,6227.0,0.0,1.0,True,100,200
10000,2,True,0.1,padic,degree,2,3,True,3333.0,3333.0,0.0,3333.0,3333.0,0.0,1.0,True,100,200
10000,2,True,0.1,padic,degree,3,5,True,2000.0,2000.0,0.0,2000.0,2000.0,0.0,1.0,True,100,200
10000,2,True,0.1,padic,degree,4,7,True,1428.0,1428.0,0.0,1428.0,1428.0,0.0,1.0,True,100,200
10000,2,True,0.1,padic,degree,5,11,True,909.0,909.0,0.0,909.0,909.0,0.0,1.0,True,100,200
10000,2,True,0.1,padic,degree,6,13,True,769.0,769.0,0.0,769.0,769.0,0.0,1.0,True,100,200
10000,2,True,0.1,padic,degree,7,17,True,588.0,588.0,0.0,588.0,588.0,0.0,1.0,True,100,200
10000,2,True,0.1,padic,degree,8,19,True,526.0,526.0,0.0,526.0,526.0,0.0,1.0,True,100,200
10000,2,True,0.1,padic,degree,9,23,True,434.0,434.0,0.0,434.0,434.0,0.0,1.0,True,100,200
10000,2,True,0.1,padic,degree,10,29,True,344.0,344.0,0.0,344.0,344.0,0.0,1.0,True,100,200
10000,2,True,0.1,padic,degree,11,31,True,322.0,322.0,0.0,322.0,322.0,0.0,1.0,True,100,200
10000,2,True,0.1,padic,degree,12,37,True,270.0,270.0,0.0,270.0,270.0,0.0,1.0,True,100,200
10000,2,True,0.1,padic,degree,13,41,True,243.0,243.0,0.0,243.0,243.0,0.0,1.0,True,100,200
10000,2,True,0.1,padic,degree,14,43,True,232.0,232.0,0.0,232.0,232.0,0.0,1.0,True,100,200
10000,2,True,0.1,padic,degree,15,47,True,212.0,212.0,0.0,212.0,212.0,0.0,1.0,True,100,200
10000,2,True,0.1,padic,degree,16,53,True,188.0,188.0,0.0,188.0,188.0,0.0,1.0,True,100,200
10000,2,True,0.1,padic,degree,17,59,True,169.0,169.0,0.0,169.0,169.0,0.0,1.0,True,100,200
10000,2,True,0.1,padic,degree,18,61,True,163.0,163.0,0.0,163.0,163.0,0.0,1.0,True,100,200
10000,2,True,0.1,padic,degree,19,67,True,149.0,149.0,0.0,149.0,149.0,0.0,1.0,True,100,200
10000,2,True,0.1,padic,degree,20,71,True,140.0,140.0,0.0,140.0,140.0,0.0,1.0,True,100,200
10000,2,True,0.1,padic,degree_weighted,1,2,True,27273.0,27273.0,0.0,27273.0,27273.0,0.0,1.0,True,100,200
10000,2,True,0.1,padic,degree_weighted,2,3,True,8337.0,8337.0,0.0,8337.0,8337.0,0.0,1.0,True,100,200
10000,2,True,0.1,padic,degree_weighted,3,5,True,4507.0,4507.0,0.0,4507.0,4507.0,0.0,1.0,True,100,200
10000,2,True,0.1,padic,degree_weighted,4,7,True,3101.0,3101.0,0.0,3101.0,3101.0,0.0,1.0,True,100,200
10000,2,True,0.1,padic,degree_weighted,5,11,True,1915.0,1915.0,0.0,1915.0,1915.0,0.0,1.0,True,100,200
10000,2,True,0.1,padic,degree_weighted,6,13,True,1609.0,1609.0,0.0,1609.0,1609.0,0.0,1.0,True,100,200
10000,2,True,0.1,padic,degree_weighted,7,17,True,1220.0,1220.0,0.0,1220.0,1220.0,0.0,1.0,True,100,200
10000,2,True,0.1,padic,degree_weighted,8,19,True,1088.0,1088.0,0.0,1088.0,1088.0,0.0,1.0,True,100,200
10000,2,True,0.1,padic,degree_weighted,9,23,True,894.0,894.0,0.0,894.0,894.0,0.0,1.0,True,100,200
10000,2,True,0.1,padic,degree_weighted,10,29,True,707.0,707.0,0.0,707.0,707.0,0.0,1.0,True,100,200
10000,2,True,0.1,padic,degree_weighted,11,31,True,662.0,662.0,0.0,662.0,662.0,0.0,1.0,True,100,200
10000,2,True,0.1,padic,degree_weighted,12,37,True,555.0,555.0,0.0,555.0,555.0,0.0,1.0,True,100,200
10000,2,True,0.1,padic,degree_weighted,13,41,True,499.0,499.0,0.0,499.0,499.0,0.0,1.0,True,100,200
10000,2,True,0.1,padic,degree_weighted,14,43,True,477.0,477.0,0.0,477.0,477.0,0.0,1.0,True,100,200
10000,2,True,0.1,padic,degree_weighted,15,47,True,436.0,436.0,0.0,436.0,436.0,0.0,1.0,True,100,200
10000,2,True,0.1,padic,degree_weighted,16,53,True,387.0,387.0,0.0,387.0,387.0,0.0,1.0,True,100,200
10000,2,True,0.1,padic,degree_weighted,17,59,True,348.0,348.0,0.0,348.0,348.0,0.0,1.0,True,100,200
10000,2,True,0.1,padic,degree_weighted,18,61,True,336.0,336.0,0.0,336.0,336.0,0.0,1.0,True,100,200
10000,2,True,0.1,padic,degree_weighted,19,67,True,308.0,308.0,0.0,308.0,308.0,0.0,1.0,True,100,200
10000,2,True,0.1,padic,degree_weighted,20,71,True,289.0,289.0,0.0,289.0,289.0,0.0,1.0,True,100,200
10000,2,True,0.1,padic,eigenvector,1,2,True,0.6999403999579734,0.7001655499792164,9.05262864466932e-05,0.6999359310086193,0.7004210615922196,-2.487123133849031,0.02,False,100,200
10000,2,True,0.1,padic,eigenvector,2,3,True,0.0776353085848081,0.07761337835102827,0.000968309393120587,0.0747791517276162,0.07961609901868223,0.022647961421858518,0.98,False,100,200
10000,2,True,0.1,padic,eigenvector,3,5,True,0.04795250309501326,0.04671183035156548,0.0006614483746297098,0.045303702239063465,0.048605915339177096,1.875690970050842,0.06,False,100,200
10000,2,True,0.1,padic,eigenvector,4,7,True,0.03771192960395398,0.03673115140165899,0.0005295243004142359,0.03565507275613953,0.03806131200371045,1.8521873340425725,0.06,False,100,200
10000,2,True,0.1,padic,eigenvector,5,11,True,0.029318445394836766,0.028582354180075282,0.00040352402665349803,0.02729334965103126,0.02984984484833982,1.8241570913782408,0.04,False,100,200
10000,2,True,0.1,padic,eigenvector,6,13,True,0.02721028426817398,0.026551578743872675,0.0003481445578246265,0.025683224551652756,0.027554307956178678,1.8920460179450072,0.08,False,100,200
10000,2,True,0.1,padic,eigenvector,7,17,True,0.02453423037500333,0.02403354499124231,0.00032343128840903727,0.02321247324121298,0.024687770967003024,1.548042510741302,0.18,False,100,200
10000,2,True,0.1,padic,eigenvector,8,19,True,0.023617887429936205,0.02320280135894212,0.00031357615654689685,0.022376032652168226,0.02393132839841696,1.3237169418906125,0.2,False,100,200
10000,2,True,0.1,padic,eigenvector,9,8192,False,0.022947820541489253,0.0019595801925763358,0.0036008931247127683,7.68767685303672e-05,0.022958871030128853,5.828620739913541,0.02,False,100,200
10000,2,True,0.1,padic,eigenvector,10,23,True,0.022299068852878304,0.021945207161618314,0.000260320996045908,0.021336147486466225,0.02257312185433687,1.3593282779141893,0.16,False,100,200
10000,2,True,0.1,padic,eigenvector,11,4096,False,0.02130869050281145,0.0017472564295052636,0.0025842357920754394,7.69480859509587e-05,0.011479105557135851,7.569523699536759,0.0,False,100,200
10000,2,True,0.1,padic,eigenvector,12,29,True,0.021028714238796695,0.020776135598650037,0.00022433410287845903,0.020350044587890317,0.021520702671953447,1.1259038947079067,0.2,False,100,200
10000,2,True,0.1,padic,eigenvector,13,31,True,0.020736048885438542,0.020504313862636177,0.0002479285898314179,0.019842082624870305,0.021060786212242843,0.9346845515474256,0.34,False,100,200
10000,2,True,0.1,padic,eigenvector,14,6144,False,0.020033175327259126,0.003400136173166801,0.003652961449631192,0.00015416700296706838,0.019896298674339445,4.553302678781793,0.0,False,100,200
10000,2,True,0.1,padic,eigenvector,15,37,True,0.020000980097390243,0.019794082819143133,0.00023054072958468352,0.01926878685629674,0.020488230385473743,0.8974434956454067,0.4,False,100,200
10000,2,True,0.1,padic,eigenvector,16,2048,False,0.019669560464133644,0.0015841607855075252,0.0025594179497099045,7.695287637658592e-05,0.013121706241000425,7.066215848285348,0.0,False,100,200
10000,2,True,0.1,padic,eigenvector,17,41,True,0.0196069304548652,0.019435469072701085,0.00021342157808074754,0.018973513585681702,0.020044192085334738,0.8033929076245611,0.38,False,100,200
10000,2,True,0.1,padic,eigenvector,18,43,True,0.019475613393298223,0.0193332893690787,0.00022160160260261265,0.018777014653309474,0.019918309889043775,0.6422517822433992,0.56,False,100,200
10000,2,True,0.1,padic,eigenvector,19,47,True,0.01920489491497604,0.01904364579140719,0.00020538777908958957,0.018505323416797084,0.01966295832996396,0.785095998815564,0.42,False,100,200
10000,2,True,0.1,padic,eigenvector,20,53,True,0.018861879581578894,0.018686409090320297,0.0001965156395750134,0.018208649054447593,0.01917910364636467,0.8929085320540948,0.34,False,100,200
10000,2,True,0.1,padic,eigenvector_costweight,1,2,True,0.5160461190444351,0.525614215118295,0.0008505698776549198,0.5228371400752135,0.527305131952189,-11.249041760378107,0.0,False,100,200
10000,2,True,0.1,padic,eigenvector_costweight,2,3,True,0.3756929428783636,0.3771336353009428,0.0016150242786372258,0.3734541855959916,0.38086942610734115,-0.8920562010342574,0.42,False,100,200
10000,2,True,0.1,padic,eigenvector_costweight,3,5,True,0.2150883277996665,0.20598359714331102,0.002678072208210528,0.19920845145880386,0.2118132849616406,3.3997330723353643,0.0,False,100,200
10000,2,True,0.1,padic,eigenvector_costweight,4,7,True,0.14563255506661213,0.13616581595374336,0.002203954652828081,0.13216600226395556,0.14230594846447342,4.295342057388158,0.0,False,100,200
10000,2,True,0.1,padic,eigenvector_costweight,5,11,True,0.08720697538798025,0.079814542414687,0.0019526635045474649,0.0748385822335141,0.08344300307351081,3.7858202173991424,0.0,False,100,200
10000,2,True,0.1,padic,eigenvector_costweight,6,13,True,0.0724877907352598,0.06618013085474177,0.0015793407639069109,0.06240356193185749,0.06933574285357458,3.993856186497967,0.0,False,100,200
10000,2,True,0.1,padic,eigenvector_costweight,7,17,True,0.0544203640654881,0.04931058853271818,0.001412741361686781,0.04618411653871791,0.052984366999305706,3.6169221566989047,0.0,False,100,200
10000,2,True,0.1,padic,eigenvector_costweight,8,19,True,0.048393027152726,0.04402622570502927,0.001355101393867539,0.04115331263777902,0.04683173656017315,3.222490558609488,0.0,False,100,200
10000,2,True,0.1,padic,eigenvector_costweight,9,23,True,0.03956198052883028,0.03578102632606218,0.0012661790293876586,0.03176072877632864,0.03839310132816823,2.9861134286804805,0.0,False,100,200
10000,2,True,0.1,padic,eigenvector_costweight,10,29,True,0.031226840668663717,0.028176587831830927,0.0008455704589716698,0.026361216448718444,0.03032553298708433,3.6073313636598634,0.0,False,100,200
10000,2,True,0.1,padic,eigenvector_costweight,11,31,True,0.029264069209102687,0.026354784610511942,0.0010048436633278885,0.023891577982229642,0.02899395421555162,2.8952609294023235,0.0,False,100,200
10000,2,True,0.1,padic,eigenvector_costweight,12,37,True,0.024573887835843806,0.022289835335506738,0.0009436303505498736,0.019912493495753632,0.024786853456238895,2.4204949522936596,0.02,False,100,200
10000,2,True,0.1,padic,eigenvector_costweight,13,41,True,0.022137339664688265,0.019902359819792863,0.0008420283315904085,0.017621095782735165,0.02263143136944171,2.6542810509404164,0.02,False,100,200
10000,2,True,0.1,padic,eigenvector_costweight,14,43,True,0.02121100860438093,0.019175095959289453,0.0008414182544478891,0.017150580908791166,0.021229829127695908,2.4196202475157564,0.02,False,100,200
10000,2,True,0.1,padic,eigenvector_costweight,15,47,True,0.01940896961179601,0.017514039454889056,0.0007355692176321782,0.015805221474730267,0.0191459682563473,2.5761411862867214,0.0,False,100,200
10000,2,True,0.1,padic,eigenvector_costweight,16,2310,False,0.019224616756594825,0.009893587863420822,0.003860867239152232,0.0008194024278084322,0.01813600380800592,2.416822002722608,0.0,False,100,200
10000,2,True,0.1,padic,eigenvector_costweight,17,2730,False,0.019013392100931354,0.010032151673649953,0.0036385861509810216,0.0015901062248740018,0.017271023817987556,2.468332493614288,0.0,False,100,200
10000,2,True,0.1,padic,eigenvector_costweight,18,3570,False,0.018754119181466942,0.009600813008943847,0.0037660133751473103,0.0005996300199628833,0.018390251027010515,2.4305028317019866,0.0,False,100,200
10000,2,True,0.1,padic,eigenvector_costweight,19,3990,False,0.018667625113079084,0.01029048187731093,0.0037429278556947703,0.0012061772584562992,0.017887452819088278,2.2381257557562986,0.0,False,100,200
10000,2,True,0.1,padic,eigenvector_costweight,20,4830,False,0.018540896980625377,0.009981818607968098,0.004000842570655205,0.0004295363616781869,0.019297786312045397,2.1393189613195878,0.02,False,100,200
10000,2,True,0.1,padic,pagerank,1,2,True,0.1781778002169066,0.17761216556603224,8.414149547457721e-05,0.17735913703490702,0.1777721220842319,6.722422125776874,0.0,False,100,200
10000,2,True,0.1,padic,pagerank,2,3,True,0.05844998528494526,0.05952275589543619,9.830017117173166e-05,0.05930597175216653,0.05982100476897122,-10.913212029069605,0.0,False,100,200
10000,2,True,0.1,padic,pagerank,3,5,True,0.031820050535649055,0.03259086774961145,8.7355472625823e-05,0.03240515134036174,0.032844224088678375,-8.823914413057052,0.0,False,100,200
10000,2,True,0.1,padic,pagerank,4,7,True,0.021965841318642213,0.02252776760313708,7.055903520115644e-05,0.02231408164551912,0.02268950279262624,-7.963916781073887,0.0,False,100,200
10000,2,True,0.1,padic,pagerank,5,11,True,0.013631223902753916,0.013966681795397362,5.5203493311773985e-05,0.01384872951825002,0.014131910413820864,-6.076751171323008,0.0,False,100,200
10000,2,True,0.1,padic,pagerank,6,13,True,0.011478419858199133,0.01175474156262767,4.826378748147269e-05,0.011637795948177784,0.011871044861172826,-5.72523871100279,0.0,False,100,200
10000,2,True,0.1,padic,pagerank,7,17,True,0.008727406102951541,0.008922246760423806,4.737452103870637e-05,0.008821221846272247,0.009044632528509672,-4.112773136282864,0.0,False,100,200
10000,2,True,0.1,padic,pagerank,8,19,True,0.00779657709621956,0.007951163637142761,4.21529466542649e-05,0.007867799111303909,0.008081167968931062,-3.6672772176784196,0.0,False,100,200
10000,2,True,0.1,padic,pagerank,9,23,True,0.006419141058255848,0.006544076716003471,4.23823448593299e-05,0.006415151183326258,0.006643935195077059,-2.9478231599099565,0.02,False,100,200
10000,2,True,0.1,padic,pagerank,10,29,True,0.005090700085905251,0.005173885578719102,3.280151065017556e-05,0.005078634005575682,0.005252128848237406,-2.5360262733328005,0.02,False,100,200
10000,2,True,0.1,padic,pagerank,11,31,True,0.004773859696290276,0.004844351180539506,3.415577488967274e-05,0.004766033932181764,0.004936458194009828,-2.0638233059249673,0.02,False,100,200
10000,2,True,0.1,padic,pagerank,12,37,True,0.00401314398080506,0.004063797119556446,3.201733679759573e-05,0.003974753074613462,0.004149105675072231,-1.5820534690814572,0.1,False,100,200
10000,2,True,0.1,padic,pagerank,13,41,True,0.0036172358022920565,0.0036545533517136903,3.170284858135657e-05,0.0035747044145877462,0.0037451488756360105,-1.1771039856519256,0.22,False,100,200
10000,2,True,0.1,padic,pagerank,14,43,True,0.0034575730241746204,0.003489655169051789,2.991117874786025e-05,0.003420414680661941,0.0035632123251853015,-1.072580427124254,0.3,False,100,200
10000,2,True,0.1,padic,pagerank,15,47,True,0.0031655338803329046,0.003193957617722232,2.7726954617561112e-05,0.0031280060013621847,0.003306038725748553,-1.025130158770703,0.26,False,100,200
10000,2,True,0.1,padic,pagerank,16,53,True,0.0028153436836736525,0.0028349695692829364,2.9228327219487436e-05,0.002775140156492038,0.002934145185755167,-0.6714679722142547,0.42,False,100,200
10000,2,True,0.1,padic,pagerank,17,59,True,0.002537241578447217,0.0025524839432833246,2.3110924541277287e-05,0.0024910926538288516,0.002607103034327558,-0.6595307257779055,0.48,False,100,200
10000,2,True,0.1,padic,pagerank,18,61,True,0.0024508854389619712,0.0024589559986496045,2.3667782765727862e-05,0.0023944660219942246,0.0024997201727899165,-0.34099348331517426,0.7,False,100,200
10000,2,True,0.1,padic,pagerank,19,67,True,0.002251166200000271,0.002259467828690798,2.000563222925362e-05,0.0022223265952812207,0.002311359266569163,-0.41496457574520246,0.7,False,100,200
10000,2,True,0.1,padic,pagerank,20,71,True,0.0021131268990369338,0.002118138620107378,2.148894750931841e-05,0.002071799707481075,0.0021674323743215034,-0.2332231984964122,0.78,False,100,200
10000,2,True,0.1,padic,betweenness,1,2,True,0.8949959991998401,0.8847243346169219,0.008262914693785626,0.8630745315729803,0.9111394778955779,1.2431042753767503,0.16,False,100,200
10000,2,True,0.1,padic,betweenness,2,3,True,0.24410869673934732,0.24319030981196194,0.017262169978053497,0.19580169367206748,0.2822806477962249,0.05320228734585284,0.9,False,100,200
10000,2,True,0.1,padic,betweenness,3,5,True,0.11776651163566038,0.10783688254317521,0.014385851248139955,0.07758447522837894,0.14862030739481225,0.6902357685485616,0.44,False,100,200
10000,2,True,0.1,padic,betweenness,4,7,True,0.07065950690138027,0.06769408956791353,0.010410380620344285,0.04727268787090752,0.09490287224111486,0.2848519609044484,0.64,False,100,200
10000,2,True,0.1,padic,betweenness,5,11,True,0.03321247582849903,0.03870841251583643,0.007495151942004268,0.02263136794025468,0.06388656898046267,-0.7332655468312934,0.48,False,100,200
10000,2,True,0.1,padic,betweenness,6,13,True,0.02454824298192975,0.030268031439621184,0.00635670790461283,0.017344077148763078,0.044187737547509376,-0.8998035686901386,0.42,False,100,200
10000,2,True,0.1,padic,betweenness,7,17,True,0.017179519237180783,0.021603576465293015,0.005245725978740678,0.011614072814562903,0.035878367340134526,-0.8433641494126045,0.36,False,100,200
10000,2,True,0.1,padic,betweenness,8,31,True,0.015810037007401505,0.011044166666666648,0.003412775588324051,0.005317355137694205,0.021145854170834137,1.3964792636937742,0.14,False,100,200
10000,2,True,0.1,padic,betweenness,9,29,True,0.01220806661332266,0.012259686520637438,0.0044093551193337376,0.005010960525438425,0.025242581849703186,-0.01170690632025529,0.94,False,100,200
10000,2,True,0.1,padic,betweenness,10,19,True,0.009476978729079146,0.019294402880576073,0.004784755988332497,0.009570872507834898,0.03205002667200093,-2.051812919078104,0.0,False,100,200
10000,2,True,0.1,padic,betweenness,11,23,True,0.008748291324931644,0.01583355162699203,0.004220084732954868,0.007217593518703734,0.030040149696605862,-1.678937924333891,0.04,False,100,200
10000,2,True,0.1,padic,betweenness,12,67,True,0.008653063946122542,0.004482300960192032,0.0021525726494641987,0.002056786357271453,0.012716376608655024,1.937571299611496,0.06,False,100,200
10000,2,True,0.1,padic,betweenness,13,41,True,0.008015644795625793,0.007985950273387995,0.003270659584016029,0.003314954657598191,0.02080281056211228,0.009079062334373203,0.86,False,100,200
10000,2,True,0.1,padic,betweenness,14,47,True,0.007318130292725206,0.00713914857971593,0.0025594219357782475,0.0031420867506834673,0.014986789024471533,0.06993052239932972,0.88,False,100,200
10000,2,True,0.1,padic,betweenness,15,43,True,0.006350853504034143,0.007871799359871959,0.003008563035083182,0.003420042341801698,0.017216693338667703,-0.5055389693025881,0.68,False,100,200
10000,2,True,0.1,padic,betweenness,16,37,True,0.00611297259451892,0.008596562312462476,0.0029729075415592734,0.00393437020737481,0.02123414682936579,-0.8354076550395945,0.34,False,100,200
10000,2,True,0.1,padic,betweenness,17,191,True,0.005726812029072482,0.0015723252983930094,0.0013690243830076097,0.0004298359671934379,0.0075857671534306755,3.034633117017595,0.04,False,100,200
10000,2,True,0.1,padic,betweenness,18,53,True,0.005571405947856246,0.00568438070947522,0.0022711382917001257,0.0026768937120757535,0.012888202640528104,-0.04974367348383768,0.82,False,100,200
10000,2,True,0.1,padic,betweenness,19,59,True,0.005308853437354147,0.005605210458758411,0.0023521182563868504,0.0024665266386610673,0.01271475128359001,-0.1259957999983825,0.96,False,100,200
10000,2,True,0.1,padic,betweenness,20,139,True,0.004941321597652877,0.0020118441188237616,0.0014505940750097767,0.0007886160565446428,0.007202482163099272,2.0195018918779,0.16,False,100,200
10000,2,False,0.1,padic,degree,1,2,True,4999.0,4999.0,0.0,4999.0,4999.0,0.0,1.0,True,100,200
10000,2,False,0.1,padic,degree,2,3,True,3332.0,3332.0,0.0,3332.0,3332.0,0.0,1.0,True,100,200
10000,2,False,0.1,padic,degree,3,5,True,1999.0,1999.0,0.0,1999.0,1999.0,0.0,1.0,True,100,200
10000,2,False,0.1,padic,degree,4,7,True,1427.0,1427.0,0.0,1427.0,1427.0,0.0,1.0,True,100,200
10000,2,False,0.1,padic,degree,5,11,True,908.0,908.0,0.0,908.0,908.0,0.0,1.0,True,100,200
10000,2,False,0.1,padic,degree,6,13,True,768.0,768.0,0.0,768.0,768.0,0.0,1.0,True,100,200
10000,2,False,0.1,padic,degree,7,17,True,587.0,587.0,0.0,587.0,587.0,0.0,1.0,True,100,200
10000,2,False,0.1,padic,degree,8,19,True,525.0,525.0,0.0,525.0,525.0,0.0,1.0,True,100,200
10000,2,False,0.1,padic,degree,9,23,True,433.0,433.0,0.0,433.0,433.0,0.0,1.0,True,100,200
10000,2,False,0.1,padic,degree,10,29,True,343.0,343.0,0.0,343.0,343.0,0.0,1.0,True,100,200
10000,2,False,0.1,padic,degree,11,31,True,321.0,321.0,0.0,321.0,321.0,0.0,1.0,True,100,200
10000,2,False,0.1,padic,degree,12,37,True,269.0,269.0,0.0,269.0,269.0,0.0,1.0,True,100,200
10000,2,False,0.1,padic,degree,13,41,True,242.0,242.0,0.0,242.0,242.0,0.0,1.0,True,100,200
10000,2,False,0.1,padic,degree,14,43,True,231.0,231.0,0.0,231.0,231.0,0.0,1.0,True,100,200
10000,2,False,0.1,padic,degree,15,47,True,211.0,211.0,0.0,211.0,211.0,0.0,1.0,True,100,200
10000,2,False,0.1,padic,degree,16,53,True,187.0,187.0,0.0,187.0,187.0,0.0,1.0,True,100,200
10000,2,False,0.1,padic,degree,17,59,True,168.0,168.0,0.0,168.0,168.0,0.0,1.0,True,100,200
10000,2,False,0.1,padic,degree,18,61,True,162.0,162.0,0.0,162.0,162.0,0.0,1.0,True,100,200
10000,2,False,0.1,padic,degree,19,67,True,148.0,148.0,0.0,148.0,148.0,0.0,1.0,True,100,200
10000,2,False,0.1,padic,degree,20,71,True,139.0,139.0,0.0,139.0,139.0,0.0,1.0,True,100,200
10000,2,False,0.1,padic,degree_weighted,1,2,True,14993.0,14993.0,0.0,14993.0,14993.0,0.0,1.0,True,100,200
10000,2,False,0.1,padic,degree_weighted,2,3,True,8327.0,8327.0,0.0,8327.0,8327.0,0.0,1.0,True,100,200
10000,2,False,0.1,padic,degree_weighted,3,5,True,4497.0,4497.0,0.0,4497.0,4497.0,0.0,1.0,True,100,200
10000,2,False,0.1,padic,degree_weighted,4,7,True,3091.0,3091.0,0.0,3091.0,3091.0,0.0,1.0,True,100,200
10000,2,False,0.1,padic,degree_weighted,5,11,True,1905.0,1905.0,0.0,1905.0,1905.0,0.0,1.0,True,100,200
10000,2,False,0.1,padic,degree_weighted,6,13,True,1599.0,1599.0,0.0,1599.0,1599.0,0.0,1.0,True,100,200
10000,2,False,0.1,padic,degree_weighted,7,17,True,1210.0,1210.0,0.0,1210.0,1210.0,0.0,1.0,True,100,200
10000,2,False,0.1,padic,degree_weighted,8,19,True,1078.0,1078.0,0.0,1078.0,1078.0,0.0,1.0,True,100,200
10000,2,False,0.1,padic,degree_weighted,9,23,True,884.0,884.0,0.0,884.0,884.0,0.0,1.0,True,100,200
10000,2,False,0.1,padic,degree_weighted,10,29,True,697.0,697.0,0.0,697.0,697.0,0.0,1.0,True,100,200
10000,2,False,0.1,padic,degree_weighted,11,31,True,652.0,652.0,0.0,652.0,652.0,0.0,1.0,True,100,200
10000,2,False,0.1,padic,degree_weighted,12,37,True,545.0,545.0,0.0,545.0,545.0,0.0,1.0,True,100,200
10000,2,False,0.1,padic,degree_weighted,13,41,True,489.0,489.0,0.0,489.0,489.0,0.0,1.0,True,100,200
10000,2,False,0.1,padic,degree_weighted,14,43,True,467.0,467.0,0.0,467.0,467.0,0.0,1.0,True,100,200
10000,2,False,0.1,padic,degree_weighted,15,47,True,426.0,426.0,0.0,426.0,426.0,0.0,1.0,True,100,200
10000,2,False,0.1,padic,degree_weighted,16,53,True,377.0,377.0,0.0,377.0,377.0,0.0,1.0,True,100,200
10000,2,False,0.1,padic,degree_weighted,17,59,True,338.0,338.0,0.0,338.0,338.0,0.0,1.0,True,100,200
10000,2,False,0.1,padic,degree_weighted,18,61,True,326.0,326.0,0.0,326.0,326.0,0.0,1.0,True,100,200
10000,2,False,0.1,padic,degree_weighted,19,67,True,298.0,298.0,0.0,298.0,298.0,0.0,1.0,True,100,200
10000,2,False,0.1,padic,degree_weighted,20,71,True,279.0,279.0,0.0,279.0,279.0,0.0,1.0,True,100,200
10000,2,False,0.1,padic,eigenvector,1,2,True,0.6507954899447135,0.6526844806499099,0.0009077663882718577,0.6505837713330551,0.6551626877000024,-2.080921622128902,0.04,False,100,200
10000,2,False,0.1,padic,eigenvector,2,3,True,0.23272014566794044,0.23255978794115426,0.0027858832201231153,0.2244878244737884,0.23806376348761774,0.05756082151178614,1.0,False,100,200
10000,2,False,0.1,padic,eigenvector,3,5,True,0.107477407505834,0.10253348797441195,0.002057326039813243,0.098445901755329,0.10817745774666766,2.40308022926246,0.02,False,100,200
10000,2,False,0.1,padic,eigenvector,4,7,True,0.07021242129444462,0.06618498090654756,0.0015569070093258248,0.06284339800599455,0.07006070969459333,2.586821411794546,0.0,False,100,200
10000,2,False,0.1,padic,eigenvector,5,11,True,0.04148680878621543,0.03851632371829167,0.0012358399316923124,0.03429478487662252,0.0425221505188973,2.4036163517196676,0.02,False,100,200
10000,2,False,0.1,padic,eigenvector,6,8192,False,0.03671780292423317,0.0035206486609931243,0.0056508462211246405,1.6781000752283186e-09,0.03678442553331697,5.874722645811637,0.02,False,100,200
10000,2,False,0.1,padic,eigenvector,7,13,True,0.03448739713000062,0.03184992837089327,0.0010391100372294192,0.029477234814958935,0.03474635866903373,2.5381996753102465,0.02,False,100,200
10000,2,False,0.1,padic,eigenvector,8,4096,False,0.034095102715359385,0.0031757422457489495,0.0040320433602302475,6.852387690467195e-07,0.018405796644521955,7.668409713690379,0.0,False,100,200
10000,2,False,0.1,padic,eigenvector,9,6144,False,0.03334812286436422,0.0058939960152215995,0.005938255689615236,3.1087698137472714e-06,0.03238007804216084,4.6232645214577275,0.0,False,100,200
10000,2,False,0.1,padic,eigenvector,10,9216,False,0.031663282834429735,0.005115010265636582,0.004347820861748184,1.96941519603006e-05,0.02449291982481596,6.1061100291327435,0.0,False,100,200
10000,2,False,0.1,padic,eigenvector,11,2048,False,0.03147240250648558,0.002772131723457957,0.0040423548047449675,6.397626092911802e-07,0.021044671644849168,7.099889091709335,0.0,False,100,200
10000,2,False,0.1,padic,eigenvector,12,3072,False,0.030725422655490428,0.004668422823864586,0.004328827788797824,2.4286118098406404e-05,0.02408645961369255,6.019412437486276,0.0,False,100,200
10000,2,False,0.1,padic,eigenvector,13,5120,False,0.029715968347300326,0.004844528667996217,0.003687820309653999,4.932300014736677e-06,0.01338470370505805,6.744211374452139,0.0,False,100,200
10000,2,False,0.1,padic,eigenvector,14,7168,False,0.029415613201542984,0.004273428537800458,0.0036005012164068927,1.3264546023878188e-05,0.01668759345753596,6.982967968230013,0.0,False,100,200
10000,2,False,0.1,padic,eigenvector,15,4608,False,0.02904058262555595,0.005230307467365974,0.005643562909137473,2.6116843598220724e-05,0.03968785690091537,4.219014750351917,0.02,False,100,200
10000,2,False,0.1,padic,eigenvector,16,7680,False,0.02896898849630518,0.00657454315292718,0.00449787469638604,9.823100871242782e-05,0.018731552360803726,4.978894890373787,0.0,False,100,200
10000,2,False,0.1,padic,eigenvector,17,1024,False,0.028849702297611787,0.002874604638279839,0.00375620573670031,9.059031575647846e-17,0.01580634452606882,6.915248918753349,0.0,False,100,200
10000,2,False,0.1,padic,eigenvector,18,1536,False,0.028102722446616615,0.0051435654302340325,0.004275063560422117,2.5971998869285337e-06,0.017672227412059073,5.370483196772777,0.0,False,100,200
10000,2,False,0.1,padic,eigenvector,19,6912,False,0.02735574259562147,0.005817344449894521,0.004220754465937142,6.836723863671915e-06,0.01852606606513193,5.102973489585525,0.0,False,100,200
10000,2,False,0.1,padic,eigenvector,20,2560,False,0.02709326813842654,0.005264919508722471,0.004795891915966273,9.032516606458583e-06,0.016068266208981618,4.551468008908643,0.0,False,100,200
10000,2,False,0.1,padic,eigenvector_costweight,1,2,True,0.5106327903739892,0.52056229911749,0.0008860243144372873,0.5176968549455604,0.5223203087974414,-11.206812930192626,0.0,False,100,200
10000,2,False,0.1,padic,eigenvector_costweight,2,3,True,0.38139309557025586,0.3828660828827017,0.001603506747229662,0.37921220326638944,0.3864668424334548,-0.918603750804572,0.38,False,100,200
10000,2,False,0.1,padic,eigenvector_costweight,3,5,True,0.21704689345589342,0.2076398270689232,0.002745123972164644,0.20071596287116947,0.21366308943022616,3.426827524861221,0.0,False,100,200
10000,2,False,0.1,padic,eigenvector_costweight,4,7,True,0.1462104879929488,0.1364167576806629,0.002251349289662275,0.13238586856953274,0.1427004012055005,4.350160304869907,0.0,False,100,200
10000,2,False,0.1,padic,eigenvector_costweight,5,11,True,0.08680420546651799,0.07915278621767499,0.0019934958659923144,0.07407067811795895,0.08282518767068554,3.838191680941511,0.0,False,100,200
10000,2,False,0.1,padic,eigenvector_costweight,6,13,True,0.07186891564896333,0.06533061584384096,0.0016086948705828577,0.06149728082916045,0.06853480584060859,4.06435050218904,0.0,False,100,200
10000,2,False,0.1,padic,eigenvector_costweight,7,17,True,0.05355455076879445,0.048246635173781784,0.0014364545513952233,0.04510542823898806,0.051976862528161735,3.695150389448178,0.0,False,100,200
10000,2,False,0.1,padic,eigenvector_costweight,8,19,True,0.04744824880375174,0.04290744041196173,0.001379105590068212,0.0399918944302711,0.04575987967036094,3.2925748575679528,0.0,False,100,200
10000,2,False,0.1,padic,eigenvector_costweight,9,23,True,0.038506167982474956,0.03456658246405989,0.0012863951838454166,0.030496197399523296,0.03719548319876981,3.0625002082474233,0.0,False,100,200
10000,2,False,0.1,padic,eigenvector_costweight,10,29,True,0.03007229681897412,0.02688323337545733,0.0008608486107761356,0.02503745204590194,0.0290984124188979,3.7045578091152813,0.0,False,100,200
10000,2,False,0.1,padic,eigenvector_costweight,11,31,True,0.02808793441149925,0.025044424978250032,0.0010200874723060454,0.022526070552030205,0.027725065330290167,2.983576914604144,0.0,False,100,200
10000,2,False,0.1,padic,eigenvector_costweight,12,37,True,0.023344043452410722,0.020944222170774518,0.0009598243228820856,0.01853065600404888,0.023454729709160196,2.500271377193492,0.02,False,100,200
10000,2,False,0.1,padic,eigenvector_costweight,13,41,True,0.020880135376681916,0.01853267981068292,0.0008550620219467841,0.016224422900768448,0.021310229548844244,2.745362916077558,0.02,False,100,200
10000,2,False,0.1,padic,eigenvector_costweight,14,43,True,0.01994389391721603,0.017798503378363837,0.0008538425042229258,0.015744705780243715,0.019893658011872015,2.512630289826923,0.0,False,100,200
10000,2,False,0.1,padic,eigenvector_costweight,15,2310,False,0.01940984762743362,0.009921212895507374,0.003905041659598694,0.0007269838095283667,0.018293385148500915,2.4298421269342763,0.0,False,100,200
10000,2,False,0.1,padic,eigenvector_costweight,16,2730,False,0.019193847027254674,0.010067860453595881,0.0036820318542095743,0.0015066843021101293,0.017406349267876306,2.4785191804425275,0.0,False,100,200
10000,2,False,0.1,padic,eigenvector_costweight,17,3570,False,0.01892897678674802,0.009618955123733447,0.0038145940019013876,0.0004967836052731828,0.018548174016663543,2.4406323866639505,0.0,False,100,200
10000,2,False,0.1,padic,eigenvector_costweight,18,3990,False,0.018840664815207114,0.010330547872891987,0.0037899089295518823,0.0011143431543407152,0.018035032841627368,2.245467397899019,0.0,False,100,200
10000,2,False,0.1,padic,eigenvector_costweight,19,4830,False,0.01871134058729867,0.010006570234110503,0.004047579846282635,0.0003244375137116322,0.019476023220486433,2.1506111512989117,0.02,False,100,200
10000,2,False,0.1,padic,eigenvector_costweight,20,6090,False,0.018589366306558115,0.010158627322791857,0.004091072903366502,0.0006916804867622379,0.018323740440385324,2.0607647878454287,0.0,False,100,200
10000,2,False,0.1,padic,pagerank,1,2,True,0.12287059081897385,0.12156398992477006,0.00012408038218173018,0.12125750644294885,0.12185689816582312,10.530277802418318,0.0,False,100,200
10000,2,False,0.1,padic,pagerank,2,3,True,0.06781564033054457,0.06863511454501257,0.00011523470384640916,0.06834785372182288,0.06888414562173586,-7.111349160581325,0.0,False,100,200
10000,2,False,0.1,padic,pagerank,3,5,True,0.03640136347323549,0.037505375358509084,0.00010008021566639108,0.03729262340917568,0.037782310835425104,-11.03127004595716,0.0,False,100,200
10000,2,False,0.1,padic,pagerank,4,7,True,0.024964884174215263,0.025885936056926684,8.73407862518297e-05,0.025661925729132406,0.02615736982223479,-10.545495664027431,0.0,False,100,200
10000,2,False,0.1,padic,pagerank,5,11,True,0.015394647408979013,0.01601633870031456,6.595609377110497e-05,0.015854069604699945,0.016245561313692803,-9.425835518596179,0.0,False,100,200
10000,2,False,0.1,padic,pagerank,6,13,True,0.01293764623213558,0.013476274151699184,5.86912151951211e-05,0.013342890349594499,0.013597977195071135,-9.177317555496463,0.0,False,100,200
10000,2,False,0.1,padic,pagerank,7,17,True,0.009804485423413433,0.010207580793360765,5.6523314486995115e-05,0.010069986149337738,0.010319866443923088,-7.1314885477933725,0.0,False,100,200
10000,2,False,0.1,padic,pagerank,8,19,True,0.008747643430814838,0.009088546938768517,5.255885038482778e-05,0.008976179401330909,0.00923441462939294,-6.486129461691729,0.0,False,100,200
10000,2,False,0.1,padic,pagerank,9,23,True,0.007185236295028689,0.007472859615212209,4.8421257110859874e-05,0.0073428294362177645,0.007596204284323076,-5.940021745511744,0.0,False,100,200
10000,2,False,0.1,padic,pagerank,10,29,True,0.005680643281550058,0.005897675713592806,4.209036153775539e-05,0.00578532741233484,0.0059944506623788715,-5.156345161066616,0.0,False,100,200
10000,2,False,0.1,padic,pagerank,11,31,True,0.005323041073148436,0.005512391449456878,4.1616416552464596e-05,0.005416487584926579,0.005672153368161429,-4.549896218713028,0.0,False,100,200
10000,2,False,0.1,padic,pagerank,12,37,True,0.004462948834499262,0.0046182986623258,3.589289774078084e-05,0.004532489279009428,0.0046920188209407816,-4.328149511596322,0.0,False,100,200
10000,2,False,0.1,padic,pagerank,13,41,True,0.004015688162321716,0.00414296136555986,3.389723895782527e-05,0.004056962304338117,0.00423121486777761,-3.7546775829292653,0.0,False,100,200
10000,2,False,0.1,padic,pagerank,14,43,True,0.0038357984360612063,0.003955700911231823,3.4872517193415164e-05,0.003875394823118353,0.004054522481395731,-3.438308582818857,0.0,False,100,200
10000,2,False,0.1,padic,pagerank,15,47,True,0.003506411702622715,0.0036142902649257203,3.0556264301010545e-05,0.003534166998487743,0.0037320030900813853,-3.5304892391389604,0.0,False,100,200
10000,2,False,0.1,padic,pagerank,16,53,True,0.0031110241484561397,0.0032009727145230716,3.5120841206039656e-05,0.0031291107847691044,0.003311749547187609,-2.561116504563223,0.0,False,100,200
10000,2,False,0.1,padic,pagerank,17,59,True,0.002797691782160866,0.0028748095920089057,2.8622380263425303e-05,0.0028030157275569173,0.00295013152349435,-2.6943185415848676,0.0,False,100,200
10000,2,False,0.1,padic,pagerank,18,61,True,0.002700419889125641,0.002769245140545579,2.716380885019636e-05,0.0027047260233481925,0.002826259680535179,-2.533711373080881,0.0,False,100,200
10000,2,False,0.1,padic,pagerank,19,67,True,0.0024754082740696477,0.002539816899774521,2.6722184089277048e-05,0.002483176904484081,0.0025983862842791266,-2.410305440965741,0.0,False,100,200
10000,2,False,0.1,padic,pagerank,20,71,True,0.0023200575053809297,0.0023761644787871736,2.4945435715129683e-05,0.0023205732660439935,0.002438112393768449,-2.2491879495299734,0.0,False,100,200
10000,2,False,0.1,padic,betweenness,1,2,True,0.6225441741126003,0.5881895272430251,0.017027541985586814,0.5488090658475193,0.6414752205755283,2.017592844501864,0.02,False,100,200
10000,2,False,0.1,padic,betweenness,2,3,True,0.2711194962768778,0.2927307883072996,0.019099572444455197,0.24076210609061377,0.33651584751625135,-1.1315065870333534,0.26,False,100,200
10000,2,False,0.1,padic,betweenness,3,5,True,0.14402897131762904,0.1286014034680984,0.01600789279534348,0.08643008499288166,0.1673497393400576,0.9637475741977952,0.3,False,100,200
10000,2,False,0.1,padic,betweenness,4,7776,False,0.10511399779955993,6.601146061499781e-06,2.1479123800008055e-05,0.0,9.451890378075616e-05,4893.467612187188,0.0,False,100,200
10000,2,False,0.1,padic,betweenness,5,7,True,0.07052262569888719,0.0767564199474111,0.012948293104346541,0.04861743149050553,0.11166299590302264,-0.48143752989583805,0.68,False,100,200
10000,2,False,0.1,padic,betweenness,6,8000,False,0.06582554010802161,3.2497961163354052e-06,1.7391783947268606e-05,0.0,0.00014520404080816158,3784.677323009337,0.0,False,100,200
10000,2,False,0.1,padic,betweenness,7,11,True,0.0347505828089631,0.03972096139241709,0.009976340969592701,0.019717231422158532,0.0655719221544363,-0.49821659049178574,0.68,False,100,200
10000,2,False,0.1,padic,betweenness,8,5488,False,0.031173568046942723,1.0738917061555307e-05,5.732428916439839e-05,0.0,0.0005440463633852307,543.6234724256299,0.0,False,100,200
10000,2,False,0.1,padic,betweenness,9,13,True,0.021530362027531787,0.0305361964049069,0.00726542045964743,0.015662707936700486,0.05077647768018042,-1.239547583982794,0.2,False,100,200
10000,2,False,0.1,padic,betweenness,10,17,True,0.02045182425241065,0.020820064658487767,0.0063216972854488376,0.009095698384975088,0.04341114956355509,-0.05825024347887141,0.98,False,100,200
10000,2,False,0.1,padic,betweenness,11,7744,False,0.018480696139227846,1.1378855981976103e-05,6.567016089004483e-05,0.0,0.0006321264252850571,281.24367342681046,0.0,False,100,200
10000,2,False,0.1,padic,betweenness,12,31,True,0.01484187686093841,0.009288751664713862,0.004033872684180403,0.0030650918985703204,0.018273385905636173,1.3766238131416946,0.18,False,100,200
10000,2,False,0.1,padic,betweenness,13,6075,False,0.014161607321464296,4.030907393665224e-05,0.00037364772944914877,0.0,0.0037372057744882157,37.79307924163226,0.0,False,100,200
10000,2,False,0.1,padic,betweenness,14,9261,False,0.012162099086483963,3.0016103682924903e-06,1.4607103358135338e-05,0.0,9.451890378075616e-05,832.4099020866954,0.0,False,100,200
10000,2,False,0.1,padic,betweenness,15,9248,False,0.011195905847836234,3.1225235320572937e-06,1.3195679602564337e-05,0.0,9.451890378075616e-05,848.2157540509761,0.0,False,100,200
10000,2,False,0.1,padic,betweenness,16,5408,False,0.010785198706407949,1.32770325880876e-05,5.074982305325962e-05,0.0,0.00038470729860257764,212.2553543194667,0.0,False,100,200
10000,2,False,0.1,padic,betweenness,17,29,True,0.010571520361500535,0.010048328320750059,0.005248987135978689,0.0033092709592631793,0.028896777235813145,0.09967485672889198,0.76,False,100,200
10000,2,False,0.1,padic,betweenness,18,19,True,0.009916233949315765,0.017109960025803367,0.0056397498875107805,0.007254157392160268,0.03134082986241671,-1.2755399122252027,0.22,False,100,200
10000,2,False,0.1,padic,betweenness,19,7688,False,0.00823833794536685,7.019844235798887e-06,2.260025652708429e-05,0.0,9.451890378075616e-05,364.21348099596054,0.0,False,100,200
10000,2,False,0.1,padic,betweenness,20,23,True,0.007980615151141748,0.01315464208414665,0.004836378213153838,0.00537020235494096,0.024991409981713543,-1.069814374511228,0.4,False,100,200
10000,2,True,0.1,uniform,degree,1,2,True,6227.0,6227.0,0.0,6227.0,6227.0,0.0,1.0,True,100,200
10000,2,True,0.1,uniform,degree,2,3,True,3333.0,3333.0,0.0,3333.0,3333.0,0.0,1.0,True,100,200
10000,2,True,0.1,uniform,degree,3,5,True,2000.0,2000.0,0.0,2000.0,2000.0,0.0,1.0,True,100,200
10000,2,True,0.1,uniform,degree,4,7,True,1428.0,1428.0,0.0,1428.0,1428.0,0.0,1.0,True,100,200
10000,2,True,0.1,uniform,degree,5,11,True,909.0,909.0,0.0,909.0,909.0,0.0,1.0,True,100,200
10000,2,True,0.1,uniform,degree,6,13,True,769.0,769.0,0.0,769.0,769.0,0.0,1.0,True,100,200
10000,2,True,0.1,uniform,degree,7,17,True,588.0,588.0,0.0,588.0,588.0,0.0,1.0,True,100,200
10000,2,True,0.1,uniform,degree,8,19,True,526.0,526.0,0.0,526.0,526.0,0.0,1.0,True,100,200
10000,2,True,0.1,uniform,degree,9,23,True,434.0,434.0,0.0,434.0,434.0,0.0,1.0,True,100,200
10000,2,True,0.1,uniform,degree,10,29,True,344.0,344.0,0.0,344.0,344.0,0.0,1.0,True,100,200
10000,2,True,0.1,uniform,degree,11,31,True,322.0,322.0,0.0,322.0,322.0,0.0,1.0,True,100,200
10000,2,True,0.1,uniform,degree,12,37,True,270.0,270.0,0.0,270.0,270.0,0.0,1.0,True,100,200
10000,2,True,0.1,uniform,degree,13,41,True,243.0,243.0,0.0,243.0,243.0,0.0,1.0,True,100,200
10000,2,True,0.1,uniform,degree,14,43,True,232.0,232.0,0.0,232.0,232.0,0.0,1.0,True,100,200
10000,2,True,0.1,uniform,degree,15,47,True,212.0,212.0,0.0,212.0,212.0,0.0,1.0,True,100,200
10000,2,True,0.1,uniform,degree,16,53,True,188.0,188.0,0.0,188.0,188.0,0.0,1.0,True,100,200
10000,2,True,0.1,uniform,degree,17,59,True,169.0,169.0,0.0,169.0,169.0,0.0,1.0,True,100,200
10000,2,True,0.1,uniform,degree,18,61,True,163.0,163.0,0.0,163.0,163.0,0.0,1.0,True,100,200
10000,2,True,0.1,uniform,degree,19,67,True,149.0,149.0,0.0,149.0,149.0,0.0,1.0,True,100,200
10000,2,True,0.1,uniform,degree,20,71,True,140.0,140.0,0.0,140.0,140.0,0.0,1.0,True,100,200
10000,2,True,0.1,uniform,degree_weighted,1,2,True,17279.0,17279.0,0.0,17279.0,17279.0,0.0,1.0,True,100,200
10000,2,True,0.1,uniform,degree_weighted,2,3,True,3342.0,3342.0,0.0,3342.0,3342.0,0.0,1.0,True,100,200
10000,2,True,0.1,uniform,degree_weighted,3,5,True,2009.0,2009.0,0.0,2009.0,2009.0,0.0,1.0,True,100,200
10000,2,True,0.1,uniform,degree_weighted,4,7,True,1437.0,1437.0,0.0,1437.0,1437.0,0.0,1.0,True,100,200
10000,2,True,0.1,uniform,degree_weighted,5,11,True,918.0,918.0,0.0,918.0,918.0,0.0,1.0,True,100,200
10000,2,True,0.1,uniform,degree_weighted,6,13,True,778.0,778.0,0.0,778.0,778.0,0.0,1.0,True,100,200
10000,2,True,0.1,uniform,degree_weighted,7,17,True,597.0,597.0,0.0,597.0,597.0,0.0,1.0,True,100,200
10000,2,True,0.1,uniform,degree_weighted,8,19,True,535.0,535.0,0.0,535.0,535.0,0.0,1.0,True,100,200
10000,2,True,0.1,uniform,degree_weighted,9,23,True,443.0,443.0,0.0,443.0,443.0,0.0,1.0,True,100,200
10000,2,True,0.1,uniform,degree_weighted,10,29,True,353.0,353.0,0.0,353.0,353.0,0.0,1.0,True,100,200
10000,2,True,0.1,uniform,degree_weighted,11,31,True,331.0,331.0,0.0,331.0,331.0,0.0,1.0,True,100,200
10000,2,True,0.1,uniform,degree_weighted,12,37,True,279.0,279.0,0.0,279.0,279.0,0.0,1.0,True,100,200
10000,2,True,0.1,uniform,degree_weighted,13,41,True,252.0,252.0,0.0,252.0,252.0,0.0,1.0,True,100,200
10000,2,True,0.1,uniform,degree_weighted,14,43,True,241.0,241.0,0.0,241.0,241.0,0.0,1.0,True,100,200
10000,2,True,0.1,uniform,degree_weighted,15,47,True,221.0,221.0,0.0,221.0,221.0,0.0,1.0,True,100,200
10000,2,True,0.1,uniform,degree_weighted,16,53,True,197.0,197.0,0.0,197.0,197.0,0.0,1.0,True,100,200
10000,2,True,0.1,uniform,degree_weighted,17,59,True,178.0,178.0,0.0,178.0,178.0,0.0,1.0,True,100,200
10000,2,True,0.1,uniform,degree_weighted,18,61,True,172.0,172.0,0.0,172.0,172.0,0.0,1.0,True,100,200
10000,2,True,0.1,uniform,degree_weighted,19,67,True,158.0,158.0,0.0,158.0,158.0,0.0,1.0,True,100,200
10000,2,True,0.1,uniform,degree_weighted,20,71,True,149.0,149.0,0.0,149.0,149.0,0.0,1.0,True,100,200
10000,2,True,0.1,uniform,eigenvector,1,2,True,0.7061437267433935,0.7061995968189165,3.1662742172021872e-06,0.7061885065193607,0.7062077378564777,-17.645368559469745,0.0,False,100,200
10000,2,True,0.1,uniform,eigenvector,2,3,True,0.030484085883493266,0.03041340505038313,0.00011505548062776658,0.030129923605161698,0.030727935658401474,0.6143195676077107,0.5,False,100,200
10000,2,True,0.1,uniform,eigenvector,3,5,True,0.02616338497018404,0.025894405157998825,9.78555320819644e-05,0.025651711658618872,0.02611850444518777,2.7487440562881846,0.0,False,100,200
10000,2,True,0.1,uniform,eigenvector,4,7,True,0.024305637051578323,0.024088424191457583,8.486303537922681e-05,0.023926374956081766,0.02431256705090262,2.559569772045885,0.02,False,100,200
10000,2,True,0.1,uniform,eigenvector,5,11,True,0.022619691651189974,0.0224514572144024,7.889644046186967e-05,0.022250666794431287,0.02268466133769934,2.1323450817642167,0.04,False,100,200
10000,2,True,0.1,uniform,eigenvector,6,13,True,0.02216656669891246,0.02202625737113181,6.55583460473514e-05,0.021883955081158625,0.02218704927502756,2.140220677307793,0.06,False,100,200
10000,2,True,0.1,uniform,eigenvector,7,17,True,0.021585323420768555,0.02147714873349229,6.472984623353765e-05,0.021277028943037738,0.0215952014504342,1.6711717016288228,0.04,False,100,200
10000,2,True,0.1,uniform,eigenvector,8,19,True,0.021385370262807922,0.021287800613401308,5.819596992735512e-05,0.021158491849213902,0.021428842998023386,1.6765705516794154,0.14,False,100,200
10000,2,True,0.1,uniform,eigenvector,9,23,True,0.021089272559817327,0.021006782069364033,5.4650104602917284e-05,0.020849329286820397,0.02113309257037979,1.5094296900740722,0.1,False,100,200
10000,2,True,0.1,uniform,eigenvector,10,29,True,0.020800141842274262,0.020737636863771156,4.23570068588054e-05,0.02065685358879207,0.020851637447252738,1.4756703350513658,0.14,False,100,200
10000,2,True,0.1,uniform,eigenvector,11,31,True,0.020729619828350962,0.020672031477323514,5.001680884786351e-05,0.020540141897855826,0.020796342605974485,1.15137995313978,0.28,False,100,200
10000,2,True,0.1,uniform,eigenvector,12,37,True,0.020562874292964984,0.020512879564482164,4.4722131068702254e-05,0.020405159870990928,0.020645111478922246,1.1178968284410513,0.3,False,100,200
10000,2,True,0.1,uniform,eigenvector,13,41,True,0.02047371632584058,0.020426299620245628,4.230809557205788e-05,0.020323259090574808,0.020516716584032414,1.1207478132449358,0.22,False,100,200
10000,2,True,0.1,uniform,eigenvector,14,43,True,0.020441407831866997,0.020401855165915927,3.967903478688574e-05,0.020302269922866375,0.020489254775169795,0.996815224047218,0.34,False,100,200
10000,2,True,0.1,uniform,eigenvector,15,47,True,0.020377327881343096,0.020336698849545972,3.7148042164946296e-05,0.020245782260932654,0.02041620776306641,1.0937058706007063,0.26,False,100,200
10000,2,True,0.1,uniform,eigenvector,16,53,True,0.02030065656738833,0.02025466492617461,4.0089580379078925e-05,0.020134546453031504,0.020332397958833844,1.147221816213046,0.24,False,100,200
10000,2,True,0.1,uniform,eigenvector,17,59,True,0.020237185330422215,0.020206102030264263,3.380474653607072e-05,0.020128847545768297,0.02033139965715639,0.919495140269587,0.28,False,100,200
10000,2,True,0.1,uniform,eigenvector,18,61,True,0.02021802955511108,0.020196797717238528,3.2013466277309285e-05,0.020113902870073724,0.020294053975486795,0.6632158382549614,0.4,False,100,200
10000,2,True,0.1,uniform,eigenvector,19,67,True,0.020173311274124927,0.020147492904028258,2.991213357826943e-05,0.020082186174784578,0.020211128611485683,0.8631403717528692,0.38,False,100,200
10000,2,True,0.1,uniform,eigenvector,20,71,True,0.0201476246118165,0.020119693489623634,2.6504486216723607e-05,0.02004051992915777,0.020176486374262004,1.053826207551423,0.3,False,100,200
10000,2,True,0.1,uniform,eigenvector_costweight,1,2,True,0.5588537236268544,0.5657767919734874,0.0006981839896146307,0.5639292140733441,0.5671690719417742,-9.915822261198509,0.0,False,100,200
10000,2,True,0.1,uniform,eigenvector_costweight,2,3,True,0.347894516742412,0.3482200395207957,0.0015342876953678515,0.34458440320086536,0.3517028309346043,-0.21216541028539074,0.84,False,100,200
10000,2,True,0.1,uniform,eigenvector_costweight,3,5,True,0.18392187279784694,0.17534943717256407,0.0021073397866523996,0.17075305727652298,0.18054507874165082,4.067894356467532,0.0,False,100,200
10000,2,True,0.1,uniform,eigenvector_costweight,4,7,True,0.12266466729206577,0.11466255987063695,0.0016681518390719017,0.11108252262363409,0.11925426968431749,4.796989838695309,0.0,False,100,200
10000,2,True,0.1,uniform,eigenvector_costweight,5,11,True,0.07303201880196512,0.06699495131510969,0.001596434105840321,0.061908899395522875,0.07092963087447371,3.781595159342754,0.0,False,100,200
10000,2,True,0.1,uniform,eigenvector_costweight,6,13,True,0.060663757733725385,0.05549696052716504,0.0012997815514364955,0.05262304369990559,0.05797119555151548,3.9751273595551937,0.0,False,100,200
10000,2,True,0.1,uniform,eigenvector_costweight,7,17,True,0.045440471434674654,0.041321716579626785,0.0011688685069437,0.03835646913962876,0.043794191188092586,3.52371103385906,0.0,False,100,200
10000,2,True,0.1,uniform,eigenvector_costweight,8,19,True,0.04034252676756871,0.0368269009137262,0.0011105430876247485,0.03445809545731863,0.039437808330802786,3.1656816318237606,0.0,False,100,200
10000,2,True,0.1,uniform,eigenvector_costweight,9,23,True,0.03293725445635277,0.029871755636386412,0.001039423200568326,0.02680331847543887,0.032154823193704864,2.949230706309279,0.0,False,100,200
10000,2,True,0.1,uniform,eigenvector_costweight,10,29,True,0.025898179795968482,0.023485142225458788,0.0006682111047750553,0.021664062815078926,0.025134900381339663,3.6111904655071685,0.0,False,100,200
10000,2,True,0.1,uniform,eigenvector_costweight,11,31,True,0.024224009100976367,0.021966105701568317,0.0008496212858005145,0.019754438527662416,0.0240230508767699,2.6575409975523776,0.0,False,100,200
10000,2,True,0.1,uniform,eigenvector_costweight,12,37,True,0.020275218966581132,0.018417929075840687,0.000780577955092763,0.016188509858967737,0.02043257652148866,2.3793778425624725,0.04,False,100,200
10000,2,True,0.1,uniform,eigenvector_costweight,13,41,True,0.01818308312510835,0.01644874789082112,0.0007354825725519866,0.014940509087276448,0.01844248488355571,2.3580915429027822,0.02,False,100,200
10000,2,True,0.1,uniform,eigenvector_costweight,14,43,True,0.017403168058964184,0.01582441019683781,0.0006942101195253894,0.014065869160744674,0.01752552005478853,2.2741786927648353,0.04,False,100,200
10000,2,True,0.1,uniform,eigenvector_costweight,15,47,True,0.01589111687363712,0.01435545092961515,0.0006183214210218631,0.012553913209590909,0.015554570921901933,2.48360462990926,0.0,False,100,200
10000,2,True,0.1,uniform,eigenvector_costweight,16,2310,False,0.015633494070497533,0.00966070904317394,0.0035129830637347956,0.0006221973528760013,0.014897306451534476,1.700203194539083,0.0,False,100,200
10000,2,True,0.1,uniform,eigenvector_costweight,17,4620,False,0.015633494070497533,0.009817381010468852,0.0036084326259846152,0.000913725151099668,0.015535392258849591,1.6118114602296807,0.0,False,100,200
10000,2,True,0.1,uniform,eigenvector_costweight,18,6930,False,0.015633494070497533,0.009629271952168868,0.0034734152982042305,0.0008331208926259233,0.015283461452801978,1.7286220053884345,0.0,False,100,200
10000,2,True,0.1,uniform,eigenvector_costweight,19,9240,False,0.015633494070497533,0.00966313656091912,0.003879355508965406,0.0003378698741361544,0.01554444584566811,1.5390075737530597,0.0,False,100,200
10000,2,True,0.1,uniform,eigenvector_costweight,20,2730,False,0.015483179917351654,0.009615496970049072,0.003292842786750647,0.0011151884793165641,0.015396240137202756,1.781950529467204,0.0,False,100,200
10000,2,True,0.1,uniform,pagerank,1,2,True,0.1942870422844031,0.19425920153819193,9.369404804411993e-05,0.1940462305209973,0.19445242017911085,0.29714530210203804,0.76,False,100,200
10000,2,True,0.1,uniform,pagerank,2,3,True,0.04893771528257828,0.050315405280693025,8.170109719367288e-05,0.050103285129959506,0.0505000498061589,-16.86256421806607,0.0,False,100,200
10000,2,True,0.1,uniform,pagerank,3,5,True,0.029296999855399655,0.030150141684507643,8.092266752485948e-05,0.029965777809642956,0.030355783904640537,-10.542680502294576,0.0,False,100,200
10000,2,True,0.1,uniform,pagerank,4,7,True,0.020964482783116235,0.02152217840751417,6.491959565354956e-05,0.02135020187501386,0.02163940368756052,-8.590559118299803,0.0,False,100,200
10000,2,True,0.1,uniform,pagerank,5,11,True,0.013432471072052574,0.013714043818302789,4.7434573550601e-05,0.013628519092821168,0.013877990157742777,-5.936023562008826,0.0,False,100,200
10000,2,True,0.1,uniform,pagerank,6,13,True,0.011404386574755513,0.011614601401011292,4.627248015399632e-05,0.011509098300268689,0.011774986003303125,-4.542977284903987,0.0,False,100,200
10000,2,True,0.1,uniform,pagerank,7,17,True,0.00877192823524009,0.008896743652493419,4.39414735188799e-05,0.008783505804974211,0.009022046194908356,-2.8404923016453063,0.0,False,100,200
10000,2,True,0.1,uniform,pagerank,8,19,True,0.007871244511030788,0.007957326041303414,4.025495453693043e-05,0.00788118107348027,0.008064132169252771,-2.1384083341506157,0.0,False,100,200
10000,2,True,0.1,uniform,pagerank,9,23,True,0.00652535028868327,0.00658305565073601,4.144694407486827e-05,0.006453530458465185,0.006685683100552896,-1.3922706086244436,0.16,False,100,200
10000,2,True,0.1,uniform,pagerank,10,29,True,0.0052107369452426165,0.005232408401926118,2.862425529252375e-05,0.005170324421724691,0.005300895217551978,-0.7571011529219442,0.46,False,100,200
10000,2,True,0.1,uniform,pagerank,11,31,True,0.004889008077540194,0.00490380310747064,3.275118384945656e-05,0.004830941228457991,0.004987398141141261,-0.4517403095549631,0.68,False,100,200
10000,2,True,0.1,uniform,pagerank,12,37,True,0.004127909473371864,0.00412396455892656,2.9711879072036654e-05,0.00405919674154924,0.004194212609189796,0.132772297428194,0.92,False,100,200
10000,2,True,0.1,uniform,pagerank,13,41,True,0.003732907669096699,0.003722997182484489,3.1584128846653915e-05,0.003638078267007163,0.003830141938939723,0.313780590888762,0.66,False,100,200
10000,2,True,0.1,uniform,pagerank,14,43,True,0.0035666611315427667,0.0035550960874857155,2.6046743082722305e-05,0.0034868449807330918,0.003632343113388015,0.44401113875622605,0.7,False,100,200
10000,2,True,0.1,uniform,pagerank,15,47,True,0.003274298861744802,0.0032563360835658824,2.550022222533249e-05,0.0032050258670596157,0.003347327058862545,0.7044165348910499,0.5,False,100,200
10000,2,True,0.1,uniform,pagerank,16,53,True,0.0029200459321339816,0.0028987717895986413,2.835376561181001e-05,0.0028391841890102495,0.0029894016989410856,0.7503110107702153,0.5,False,100,200
10000,2,True,0.1,uniform,pagerank,17,59,True,0.0026421048530783885,0.0026152376805010234,2.1336159152602373e-05,0.002546200438325469,0.0026733767853373714,1.259231916354002,0.22,False,100,200
10000,2,True,0.1,uniform,pagerank,18,61,True,0.00255280471332094,0.0025230894024287215,2.247162397695763e-05,0.0024650198808618727,0.002568251519378823,1.3223481721965769,0.16,False,100,200
10000,2,True,0.1,uniform,pagerank,19,67,True,0.0023466987547704184,0.0023180255347057064,2.042146434105021e-05,0.002272174433046132,0.0023560285485585185,1.4040726749978714,0.18,False,100,200
10000,2,True,0.1,uniform,pagerank,20,71,True,0.002211662725193554,0.0021780715016849884,2.1074659836684144e-05,0.002130186633423072,0.0022328201549690016,1.5939153357101554,0.12,False,100,200
10000,2,True,0.1,uniform,betweenness,1,2,True,0.8317058411682337,0.82502328465693,0.008818036341169325,0.8046816446622643,0.846373107954923,0.7578281890385098,0.36,False,100,200
10000,2,True,0.1,uniform,betweenness,2,3,True,0.17490006334600275,0.17754568597052742,0.013010434034056982,0.14553884943655399,0.2125973027938921,-0.20334622331578717,0.8,False,100,200
10000,2,True,0.1,uniform,betweenness,3,5,True,0.09710854670934169,0.08971963426018517,0.009502975905869699,0.0703015103020602,0.11883828432353115,0.7775366919106534,0.34,False,100,200
10000,2,True,0.1,uniform,betweenness,4,7,True,0.057125841835033754,0.05902678327332133,0.007921606298189155,0.04302762219110491,0.08156743848769742,-0.23996918891590674,0.94,False,100,200
10000,2,True,0.1,uniform,betweenness,5,11,True,0.029406089551243617,0.03620487264119488,0.005896074118735982,0.023299426551977066,0.05070264886310592,-1.15310339609652,0.22,False,100,200
10000,2,True,0.1,uniform,betweenness,6,13,True,0.0240972361138894,0.029252151013535996,0.004948595528021786,0.019877292125091674,0.04140617290124688,-1.0416925106237747,0.34,False,100,200
10000,2,True,0.1,uniform,betweenness,7,17,True,0.018531456291258238,0.021777940421417574,0.004545469315154756,0.012946572647862878,0.03413010935520433,-0.7142241878820819,0.52,False,100,200
10000,2,True,0.1,uniform,betweenness,8,29,True,0.016626158565046345,0.012786646996065862,0.0037078458373755083,0.006290866506634669,0.026481679669267105,1.0355100339603576,0.28,False,100,200
10000,2,True,0.1,uniform,betweenness,9,19,True,0.012982513169300526,0.019704605921184195,0.004371535695635462,0.010957899913315987,0.03061080549443212,-1.537695953985917,0.12,False,100,200
10000,2,True,0.1,uniform,betweenness,10,31,True,0.012045700806828026,0.011839095152363787,0.00315319254230689,0.005729612589184509,0.020181286257251373,0.06552268904996354,0.82,False,100,200
10000,2,True,0.1,uniform,betweenness,11,67,True,0.00973878108955125,0.004971404697606181,0.0020653838299847754,0.002242990264719612,0.011591001533640035,2.30822780866848,0.04,False,100,200
10000,2,True,0.1,uniform,betweenness,12,23,True,0.009414382876575315,0.016001132226445267,0.003923823974797019,0.0073350086684003555,0.025761819030472737,-1.6786556665582038,0.08,False,100,200
10000,2,True,0.1,uniform,betweenness,13,73,True,0.008751833700073345,0.0050053421517636774,0.0022327805849678196,0.001937037407481495,0.011044708941788339,1.677948820198856,0.16,False,100,200
10000,2,True,0.1,uniform,betweenness,14,47,True,0.008633476695339058,0.00775466801693671,0.002761476062349549,0.0034034223511368914,0.01817780222711206,0.31823874571435967,0.74,False,100,200
10000,2,True,0.1,uniform,betweenness,15,41,True,0.00844923151296926,0.008615502100420076,0.0032020971805118968,0.0038290574781623017,0.02206995565779816,-0.051925528201563834,0.92,False,100,200
10000,2,True,0.1,uniform,betweenness,16,43,True,0.0076054377542175335,0.008599600420084003,0.002968042092821827,0.0037026321931052947,0.01558711742348465,-0.33495571652128325,0.92,False,100,200
10000,2,True,0.1,uniform,betweenness,17,59,True,0.007344343868773748,0.0062160495432419735,0.002304066336304469,0.002759701940388076,0.012798017936920652,0.4896969795329185,0.54,False,100,200
10000,2,True,0.1,uniform,betweenness,18,53,True,0.006986897379475888,0.006293196806027863,0.0022854885170446745,0.003089534573581383,0.013146337600853484,0.30352398109837475,0.62,False,100,200
10000,2,True,0.1,uniform,betweenness,19,37,True,0.006476503634060148,0.009527488414349524,0.0028764671635181536,0.004343868773754752,0.01802012069080479,-1.0606708183512779,0.24,False,100,200
10000,2,True,0.1,uniform,betweenness,20,191,True,0.0058274154830966155,0.001781314096152561,0.0014041304262082202,0.0005689471227578854,0.007544800626792,2.881570907818255,0.04,False,100,200
10000,2,False,0.1,uniform,degree,1,2,True,4999.0,4999.0,0.0,4999.0,4999.0,0.0,1.0,True,100,200
10000,2,False,0.1,uniform,degree,2,3,True,3332.0,3332.0,0.0,3332.0,3332.0,0.0,1.0,True,100,200
10000,2,False,0.1,uniform,degree,3,5,True,1999.0,1999.0,0.0,1999.0,1999.0,0.0,1.0,True,100,200
10000,2,False,0.1,uniform,degree,4,7,True,1427.0,1427.0,0.0,1427.0,1427.0,0.0,1.0,True,100,200
10000,2,False,0.1,uniform,degree,5,11,True,908.0,908.0,0.0,908.0,908.0,0.0,1.0,True,100,200
10000,2,False,0.1,uniform,degree,6,13,True,768.0,768.0,0.0,768.0,768.0,0.0,1.0,True,100,200
10000,2,False,0.1,uniform,degree,7,17,True,587.0,587.0,0.0,587.0,587.0,0.0,1.0,True,100,200
10000,2,False,0.1,uniform,degree,8,19,True,525.0,525.0,0.0,525.0,525.0,0.0,1.0,True,100,200
10000,2,False,0.1,uniform,degree,9,23,True,433.0,433.0,0.0,433.0,433.0,0.0,1.0,True,100,200
10000,2,False,0.1,uniform,degree,10,29,True,343.0,343.0,0.0,343.0,343.0,0.0,1.0,True,100,200
10000,2,False,0.1,uniform,degree,11,31,True,321.0,321.0,0.0,321.0,321.0,0.0,1.0,True,100,200
10000,2,False,0.1,uniform,degree,12,37,True,269.0,269.0,0.0,269.0,269.0,0.0,1.0,True,100,200
10000,2,False,0.1,uniform,degree,13,41,True,242.0,242.0,0.0,242.0,242.0,0.0,1.0,True,100,200
10000,2,False,0.1,uniform,degree,14,43,True,231.0,231.0,0.0,231.0,231.0,0.0,1.0,True,100,200
10000,2,False,0.1,uniform,degree,15,47,True,211.0,211.0,0.0,211.0,211.0,0.0,1.0,True,100,200
10000,2,False,0.1,uniform,degree,16,53,True,187.0,187.0,0.0,187.0,187.0,0.0,1.0,True,100,200
10000,2,False,0.1,uniform,degree,17,59,True,168.0,168.0,0.0,168.0,168.0,0.0,1.0,True,100,200
10000,2,False,0.1,uniform,degree,18,61,True,162.0,162.0,0.0,162.0,162.0,0.0,1.0,True,100,200
10000,2,False,0.1,uniform,degree,19,67,True,148.0,148.0,0.0,148.0,148.0,0.0,1.0,True,100,200
10000,2,False,0.1,uniform,degree,20,71,True,139.0,139.0,0.0,139.0,139.0,0.0,1.0,True,100,200
10000,2,False,0.1,uniform,degree_weighted,1,2,True,4999.0,4999.0,0.0,4999.0,4999.0,0.0,1.0,True,100,200
10000,2,False,0.1,uniform,degree_weighted,2,3,True,3332.0,3332.0,0.0,3332.0,3332.0,0.0,1.0,True,100,200
10000,2,False,0.1,uniform,degree_weighted,3,5,True,1999.0,1999.0,0.0,1999.0,1999.0,0.0,1.0,True,100,200
10000,2,False,0.1,uniform,degree_weighted,4,7,True,1427.0,1427.0,0.0,1427.0,1427.0,0.0,1.0,True,100,200
10000,2,False,0.1,uniform,degree_weighted,5,11,True,908.0,908.0,0.0,908.0,908.0,0.0,1.0,True,100,200
10000,2,False,0.1,uniform,degree_weighted,6,13,True,768.0,768.0,0.0,768.0,768.0,0.0,1.0,True,100,200
10000,2,False,0.1,uniform,degree_weighted,7,17,True,587.0,587.0,0.0,587.0,587.0,0.0,1.0,True,100,200
10000,2,False,0.1,uniform,degree_weighted,8,19,True,525.0,525.0,0.0,525.0,525.0,0.0,1.0,True,100,200
10000,2,False,0.1,uniform,degree_weighted,9,23,True,433.0,433.0,0.0,433.0,433.0,0.0,1.0,True,100,200
10000,2,False,0.1,uniform,degree_weighted,10,29,True,343.0,343.0,0.0,343.0,343.0,0.0,1.0,True,100,200
10000,2,False,0.1,uniform,degree_weighted,11,31,True,321.0,321.0,0.0,321.0,321.0,0.0,1.0,True,100,200
10000,2,False,0.1,uniform,degree_weighted,12,37,True,269.0,269.0,0.0,269.0,269.0,0.0,1.0,True,100,200
10000,2,False,0.1,uniform,degree_weighted,13,41,True,242.0,242.0,0.0,242.0,242.0,0.0,1.0,True,100,200
10000,2,False,0.1,uniform,degree_weighted,14,43,True,231.0,231.0,0.0,231.0,231.0,0.0,1.0,True,100,200
10000,2,False,0.1,uniform,degree_weighted,15,47,True,211.0,211.0,0.0,211.0,211.0,0.0,1.0,True,100,200
10000,2,False,0.1,uniform,degree_weighted,16,53,True,187.0,187.0,0.0,187.0,187.0,0.0,1.0,True,100,200
10000,2,False,0.1,uniform,degree_weighted,17,59,True,168.0,168.0,0.0,168.0,168.0,0.0,1.0,True,100,200
10000,2,False,0.1,uniform,degree_weighted,18,61,True,162.0,162.0,0.0,162.0,162.0,0.0,1.0,True,100,200
10000,2,False,0.1,uniform,degree_weighted,19,67,True,148.0,148.0,0.0,148.0,148.0,0.0,1.0,True,100,200
10000,2,False,0.1,uniform,degree_weighted,20,71,True,139.0,139.0,0.0,139.0,139.0,0.0,1.0,True,100,200
10000,2,False,0.1,uniform,eigenvector,1,2,True,0.5581323127408683,0.5651373099293194,0.0007035094040754606,0.5632740258844029,0.5665407317768945,-9.957218976563643,0.0,False,100,200
10000,2,False,0.1,uniform,eigenvector,2,3,True,0.34906424363490346,0.349346625551485,0.0015356938000341673,0.3457038823687885,0.3528203706108054,-0.18387904970073066,0.84,False,100,200
10000,2,False,0.1,uniform,eigenvector,3,5,True,0.18403053870046512,0.17535722064437162,0.0021237097791367066,0.1707291309510654,0.18060023129214825,4.0840411158342125,0.0,False,100,200
10000,2,False,0.1,uniform,eigenvector,4,7,True,0.12245193615640136,0.11435883362934474,0.0016791705714148523,0.11075085064907703,0.1189833210918423,4.819702455979452,0.0,False,100,200
10000,2,False,0.1,uniform,eigenvector,5,11,True,0.07260030071072848,0.06649289692254104,0.0016072734418785678,0.061370996736374805,0.07045413342237358,3.799853608636225,0.0,False,100,200
10000,2,False,0.1,uniform,eigenvector,6,13,True,0.06018390254143208,0.05495461061507736,0.0013080636702834435,0.05205774220235196,0.05744240179960013,3.9977350072123135,0.0,False,100,200
10000,2,False,0.1,uniform,eigenvector,7,17,True,0.044905155109444726,0.040733150611501616,0.0011757282592525819,0.037755042851883525,0.043222895755559,3.5484428184071044,0.0,False,100,200
10000,2,False,0.1,uniform,eigenvector,8,19,True,0.03978944907060739,0.036225692460144995,0.0011171799799977802,0.033842402451522674,0.03885340114604555,3.189957459199604,0.0,False,100,200
10000,2,False,0.1,uniform,eigenvector,9,23,True,0.03235904045279836,0.029249570148704593,0.0010452251320313421,0.026166793053060872,0.03154471123129747,2.9749287582194657,0.0,False,100,200
10000,2,False,0.1,uniform,eigenvector,10,29,True,0.02529714962008103,0.02284566993222031,0.0006721309149564028,0.02101334354491969,0.024501764082338732,3.647324700158658,0.0,False,100,200
10000,2,False,0.1,uniform,eigenvector,11,31,True,0.02361780727266565,0.021322852794079576,0.0008542578220502783,0.019094817558240478,0.02339325318050705,2.686489276829827,0.0,False,100,200
10000,2,False,0.1,uniform,eigenvector,12,37,True,0.019656847592382412,0.01776624714827751,0.0007847744496149696,0.01552297288869159,0.019789677398598392,2.4091004046226,0.04,False,100,200
10000,2,False,0.1,uniform,eigenvector,13,41,True,0.017558073329162514,0.01579182490145488,0.0007393454672006403,0.01427661629811783,0.017795627395950534,2.388935221845772,0.02,False,100,200
10000,2,False,0.1,uniform,eigenvector,14,43,True,0.01677571062365225,0.015166157087989811,0.0006980081755248561,0.01339974884639014,0.016878195521711943,2.3059236153676297,0.04,False,100,200
10000,2,False,0.1,uniform,eigenvector,15,6930,False,0.015672720421264053,0.009631994699096586,0.003487758772417327,0.0007946469193134604,0.015316944465876284,1.731979221137679,0.0,False,100,200
10000,2,False,0.1,uniform,eigenvector,16,2310,False,0.015672720421264053,0.009662543045751253,0.003528183416277238,0.0005824021680043921,0.01492869583741829,1.7034764541392333,0.0,False,100,200
10000,2,False,0.1,uniform,eigenvector,17,9240,False,0.015672720421264053,0.009664176843395204,0.0038971394346748412,0.00029696201660937263,0.015579498178410513,1.5417830638564702,0.0,False,100,200
10000,2,False,0.1,uniform,eigenvector,18,4620,False,0.015672720421264053,0.009819649072055191,0.0036246707483005925,0.000875847315942393,0.015569623925233571,1.614787040161661,0.0,False,100,200
10000,2,False,0.1,uniform,eigenvector,19,2730,False,0.015521432336679361,0.009618234079695925,0.003306596813925956,0.00107843855417871,0.015430483316866457,1.7852791220634208,0.0,False,100,200
10000,2,False,0.1,uniform,eigenvector,20,8190,False,0.015521432336679361,0.009717571037662744,0.0033311255804310703,0.00018665333004270077,0.01511056454532304,1.7423123682612882,0.0,False,100,200
10000,2,False,0.1,uniform,eigenvector_costweight,1,2,True,0.558132312741443,0.5651373099289443,0.0007035094039492229,0.5632740258840476,0.5665407317770992,-9.957218977000439,0.0,False,100,200
10000,2,False,0.1,uniform,eigenvector_costweight,2,3,True,0.34906424363536315,0.3493466255513248,0.0015356938001602693,0.34570388236888616,0.3528203706107933,-0.1838790492817219,0.84,False,100,200
10000,2,False,0.1,uniform,eigenvector_costweight,3,5,True,0.1840305387006131,0.1753572206441967,0.0021237097789951016,0.1707291309493923,0.18060023129182942,4.084041116258604,0.0,False,100,200
10000,2,False,0.1,uniform,eigenvector_costweight,4,7,True,0.12245193615679938,0.11435883362953904,0.001679170571515801,0.11075085064913623,0.11898332109252804,4.819702455811011,0.0,False,100,200
10000,2,False,0.1,uniform,eigenvector_costweight,5,11,True,0.07260030072152618,0.06649289692210568,0.0016072734430447183,0.061370996756338364,0.07045413342534339,3.7998536128681475,0.0,False,100,200
10000,2,False,0.1,uniform,eigenvector_costweight,6,13,True,0.060183902524130264,0.05495461061688068,0.0013080636704017065,0.05205774219383814,0.05744240180549528,3.997734992245221,0.0,False,100,200
10000,2,False,0.1,uniform,eigenvector_costweight,7,17,True,0.04490515510346517,0.04073315061336556,0.0011757282611564285,0.03775504283850046,0.04322289575557149,3.5484428059899593,0.0,False,100,200
10000,2,False,0.1,uniform,eigenvector_costweight,8,19,True,0.03978944907076599,0.03622569246023002,0.0011171799795295094,0.03384240245013855,0.038853401135679005,3.1899574606025562,0.0,False,100,200
10000,2,False,0.1,uniform,eigenvector_costweight,9,23,True,0.032359040448958924,0.029249570150143935,0.0010452251322137687,0.026166793051902303,0.03154471122893445,2.974928752649851,0.0,False,100,200
10000,2,False,0.1,uniform,eigenvector_costweight,10,29,True,0.02529714962666804,0.022845669932860645,0.0006721309160733099,0.0210133435396367,0.02450176408002755,3.647324702945223,0.0,False,100,200
10000,2,False,0.1,uniform,eigenvector_costweight,11,31,True,0.023617807269626732,0.021322852796048432,0.0008542578217090423,0.019094817561322044,0.02339325318066682,2.686489272040822,0.0,False,100,200
10000,2,False,0.1,uniform,eigenvector_costweight,12,37,True,0.019656847591938198,0.017766247148533407,0.000784774450117808,0.015522972888703183,0.019789677394555623,2.4091004021868616,0.04,False,100,200
10000,2,False,0.1,uniform,eigenvector_costweight,13,41,True,0.017558073330089043,0.015791824901652242,0.0007393454671538074,0.01427661629481739,0.017795627399939822,2.3889352229833296,0.02,False,100,200
10000,2,False,0.1,uniform,eigenvector_costweight,14,43,True,0.016775710627225642,0.015166157087825587,0.0006980081753553536,0.013399748844680918,0.016878195520497158,2.3059236212822825,0.04,False,100,200
10000,2,False,0.1,uniform,eigenvector_costweight,15,6930,False,0.0156727204216923,0.009631994699154796,0.003487758772407059,0.0007946469183948687,0.015316944465853917,1.731979221248873,0.0,False,100,200
10000,2,False,0.1,uniform,eigenvector_costweight,16,2310,False,0.0156727204216923,0.009662543045761723,0.0035281834161556883,0.0005824021677990675,0.01492869583740442,1.7034764543163314,0.0,False,100,200
10000,2,False,0.1,uniform,eigenvector_costweight,17,9240,False,0.0156727204216923,0.00966417684342759,0.0038971394345696034,0.0002969620163952978,0.015579498179246492,1.5417830639996835,0.0,False,100,200
10000,2,False,0.1,uniform,eigenvector_costweight,18,4620,False,0.0156727204216923,0.009819649072051259,0.003624670748267134,0.0008758473148021465,0.0155696239254636,1.6147870402957993,0.0,False,100,200
10000,2,False,0.1,uniform,eigenvector_costweight,19,2730,False,0.015521432336102372,0.009618234079707806,0.0033065968140198574,0.001078438553955409,0.015430483318054652,1.7852791218346336,0.0,False,100,200
10000,2,False,0.1,uniform,eigenvector_costweight,20,8190,False,0.015521432336102372,0.009717571037616685,0.003331125580392343,0.00018665333020964877,0.015110564545712383,1.7423123681221584,0.0,False,100,200
10000,2,False,0.1,uniform,pagerank,1,2,True,0.09926640629325828,0.09812906908314184,0.000102182562799368,0.09787606777498034,0.09833316098062524,11.130443188722555,0.0,False,100,200
10000,2,False,0.1,uniform,pagerank,2,3,True,0.06383497993413657,0.06489193664499565,9.460155471763731e-05,0.0646095152287063,0.06511120143395854,-11.172720300568535,0.0,False,100,200
10000,2,False,0.1,uniform,pagerank,3,5,True,0.03747673693654694,0.0387026155006248,9.391984022011727e-05,0.038458512668897715,0.03893319847421254,-13.052391924909697,0.0,False,100,200
10000,2,False,0.1,uniform,pagerank,4,7,True,0.026554514128951063,0.02755806207727606,7.857659709426553e-05,0.02734626196420189,0.027793714636196253,-12.77158830282603,0.0,False,100,200
10000,2,False,0.1,uniform,pagerank,5,11,True,0.01683438061026202,0.01749824466663804,5.6530900350011034e-05,0.017361625810767018,0.017692468789447257,-11.743383747043035,0.0,False,100,200
10000,2,False,0.1,uniform,pagerank,6,13,True,0.014242728617408456,0.014810519370786073,5.186104708396135e-05,0.014689113562741215,0.014915177888926805,-10.948308707658292,0.0,False,100,200
10000,2,False,0.1,uniform,pagerank,7,17,True,0.01089113465103876,0.011311046473149022,5.018076471525818e-05,0.011178519178296422,0.011409225557061305,-8.367983718322828,0.0,False,100,200
10000,2,False,0.1,uniform,pagerank,8,19,True,0.009751010254395957,0.0101032290546501,4.73043937907087e-05,0.010004203543666107,0.010226614952686524,-7.445794608688692,0.0,False,100,200
10000,2,False,0.1,uniform,pagerank,9,23,True,0.008049602020283122,0.008342786795333589,4.320190355448754e-05,0.008228760799147354,0.008449119422014104,-6.7863855739757675,0.0,False,100,200
10000,2,False,0.1,uniform,pagerank,10,29,True,0.006393214501212933,0.00661161637341439,3.8002787539254655e-05,0.00652744931127387,0.006726241279513894,-5.746996111163175,0.0,False,100,200
10000,2,False,0.1,uniform,pagerank,11,31,True,0.0059910168901279575,0.006182627429014539,3.709812038190032e-05,0.006092010278460483,0.006305380687600078,-5.16496622777863,0.0,False,100,200
10000,2,False,0.1,uniform,pagerank,12,37,True,0.005036129651196999,0.0051868595157921,3.05101419980842e-05,0.005116425318879331,0.005255792397431158,-4.940319996038193,0.0,False,100,200
10000,2,False,0.1,uniform,pagerank,13,41,True,0.00454083521531808,0.004665865176150373,3.05208413366401e-05,0.004580536650510245,0.004745803025860852,-4.0965437175610875,0.0,False,100,200
10000,2,False,0.1,uniform,pagerank,14,43,True,0.004334170353012102,0.004454811888452887,3.0479989917591194e-05,0.004391044408374203,0.004521929612949588,-3.958056933974209,0.0,False,100,200
10000,2,False,0.1,uniform,pagerank,15,47,True,0.003968786158593445,0.004068821243383259,2.7561581681596786e-05,0.003988828420709596,0.00415741996401028,-3.6295117582678067,0.0,False,100,200
10000,2,False,0.1,uniform,pagerank,16,53,True,0.0035258085055141575,0.0036085866447973926,3.2203041148783196e-05,0.003535694741340036,0.003696165873841471,-2.5705068940783753,0.0,False,100,200
10000,2,False,0.1,uniform,pagerank,17,59,True,0.003179284976724562,0.003245331033962513,2.5857278683543944e-05,0.0031896361861043472,0.0033179491386935577,-2.5542539896119854,0.0,False,100,200
10000,2,False,0.1,uniform,pagerank,18,61,True,0.0030682704317549943,0.00313075914614884,2.358317903813187e-05,0.0030818971057714585,0.0031857062793214834,-2.6497154727445884,0.0,False,100,200
10000,2,False,0.1,uniform,pagerank,19,67,True,0.0028116732180970003,0.002866035058650571,2.5550234631128343e-05,0.00280732289480677,0.0029329569964406505,-2.1276454536876046,0.02,False,100,200
10000,2,False,0.1,uniform,pagerank,20,71,True,0.0026436528121450238,0.0026861444774998818,2.3681370623271255e-05,0.0026328863742566084,0.002755022599602126,-1.7943076872882966,0.06,False,100,200
10000,2,False,0.1,uniform,betweenness,1,2,True,0.5623153120447761,0.5260405179034854,0.016411711775241717,0.4894491330765544,0.575655449123279,2.210299244714616,0.02,False,100,200
10000,2,False,0.1,uniform,betweenness,2,3,True,0.2736853431708958,0.2823350677403832,0.01639984150468907,0.239192711625804,0.32284231574706146,-0.5274273270881479,0.52,False,100,200
10000,2,False,0.1,uniform,betweenness,3,5,True,0.14534271218378575,0.13683773106574035,0.013084266177593097,0.10764997407589738,0.17036125089162327,0.6500159047979529,0.52,False,100,200
10000,2,False,0.1,uniform,betweenness,4,7,True,0.08237286270403336,0.08503107787217441,0.01117317635612978,0.05700828556523722,0.12017849471667162,-0.23791042792255723,0.92,False,100,200
10000,2,False,0.1,uniform,betweenness,5,11,True,0.03955707101858955,0.045650906287576044,0.00812719995444863,0.029290606208975375,0.06655560065313311,-0.7498074740551814,0.44,False,100,200
10000,2,False,0.1,uniform,betweenness,6,13,True,0.028513034846687782,0.03563211236102598,0.006726761017026795,0.023593011981641987,0.055450394669857045,-1.0583217534142169,0.28,False,100,200
10000,2,False,0.1,uniform,betweenness,7,17,True,0.02200490152236183,0.024773207683286308,0.005951486877528211,0.013025744538197897,0.0464963337894955,-0.46514530198783,0.66,False,100,200
10000,2,False,0.1,uniform,betweenness,8,31,True,0.014265491757926923,0.010943621918069534,0.0035764223445872295,0.005089786340962297,0.02072175622670389,0.9288248198328437,0.34,False,100,200
10000,2,False,0.1,uniform,betweenness,9,19,True,0.012987507187767904,0.020904102534818794,0.005009106643006297,0.011503054228792858,0.03296647286005367,-1.5804405678014524,0.04,False,100,200
10000,2,False,0.1,uniform,betweenness,10,29,True,0.012670428354876789,0.011915224165682765,0.0043007182085627186,0.005624386187393492,0.026627349890711315,0.17559955164940072,0.78,False,100,200
10000,2,False,0.1,uniform,betweenness,11,23,True,0.009950738863078392,0.016266838941834665,0.004451517464584612,0.0079780315208178,0.028754621653536674,-1.4188644948617886,0.14,False,100,200
10000,2,False,0.1,uniform,betweenness,12,47,True,0.007697988648350525,0.005896669788057913,0.0029895849419822374,0.0022858315804089304,0.01695554521464123,0.6025314199964666,0.48,False,100,200
10000,2,False,0.1,uniform,betweenness,13,43,True,0.007507443601828582,0.006776488540605938,0.0032818099800457187,0.002650277839113008,0.017735298586953798,0.2227292456501279,0.78,False,100,200
10000,2,False,0.1,uniform,betweenness,14,41,True,0.006709931485156943,0.006913528914733753,0.0031447254732531273,0.0032108388770544644,0.01861729927725503,-0.06474251291836743,0.94,False,100,200
10000,2,False,0.1,uniform,betweenness,15,67,True,0.00652484882930346,0.003317846471375594,0.0019747059636448607,0.0013333484430294714,0.01079608452731552,1.6240404480312935,0.18,False,100,200
10000,2,False,0.1,uniform,betweenness,16,59,True,0.005946525595244102,0.004435750654401139,0.002494948421773061,0.0016297877560302394,0.015084150063021013,0.6055335363483448,0.5,False,100,200
10000,2,False,0.1,uniform,betweenness,17,37,True,0.005446319900699357,0.007976830734533796,0.0033046606442154536,0.0037413657070337557,0.018683278484019076,-0.7657399976193907,0.5,False,100,200
10000,2,False,0.1,uniform,betweenness,18,53,True,0.005222447961558183,0.004635094156890761,0.0024621267400583365,0.0018716737898037401,0.012690344025393813,0.2385554712157122,0.72,False,100,200
10000,2,False,0.1,uniform,betweenness,19,9458,False,0.004813462692538518,2.5671660774518034e-05,1.6739092950971498e-05,1.4782455158075882e-08,8.182691698729106e-05,286.02452031226267,0.0,False,100,200
10000,2,False,0.1,uniform,betweenness,20,9742,False,0.004813462692538518,2.3951379666777118e-05,1.8433439096057912e-05,1.4850494352961648e-07,9.451890378075616e-05,259.8273327029899,0.0,False,100,200
10000,2,True,0.1,log,degree,1,2,True,6227.0,6227.0,0.0,6227.0,6227.0,0.0,1.0,True,100,200
10000,2,True,0.1,log,degree,2,3,True,3333.0,3333.0,0.0,3333.0,3333.0,0.0,1.0,True,100,200
10000,2,True,0.1,log,degree,3,5,True,2000.0,2000.0,0.0,2000.0,2000.0,0.0,1.0,True,100,200
10000,2,True,0.1,log,degree,4,7,True,1428.0,1428.0,0.0,1428.0,1428.0,0.0,1.0,True,100,200
10000,2,True,0.1,log,degree,5,11,True,909.0,909.0,0.0,909.0,909.0,0.0,1.0,True,100,200
10000,2,True,0.1,log,degree,6,13,True,769.0,769.0,0.0,769.0,769.0,0.0,1.0,True,100,200
10000,2,True,0.1,log,degree,7,17,True,588.0,588.0,0.0,588.0,588.0,0.0,1.0,True,100,200
10000,2,True,0.1,log,degree,8,19,True,526.0,526.0,0.0,526.0,526.0,0.0,1.0,True,100,200
10000,2,True,0.1,log,degree,9,23,True,434.0,434.0,0.0,434.0,434.0,0.0,1.0,True,100,200
10000,2,True,0.1,log,degree,10,29,True,344.0,344.0,0.0,344.0,344.0,0.0,1.0,True,100,200
10000,2,True,0.1,log,degree,11,31,True,322.0,322.0,0.0,322.0,322.0,0.0,1.0,True,100,200
10000,2,True,0.1,log,degree,12,37,True,270.0,270.0,0.0,270.0,270.0,0.0,1.0,True,100,200
10000,2,True,0.1,log,degree,13,41,True,243.0,243.0,0.0,243.0,243.0,0.0,1.0,True,100,200
10000,2,True,0.1,log,degree,14,43,True,232.0,232.0,0.0,232.0,232.0,0.0,1.0,True,100,200
10000,2,True,0.1,log,degree,15,47,True,212.0,212.0,0.0,212.0,212.0,0.0,1.0,True,100,200
10000,2,True,0.1,log,degree,16,53,True,188.0,188.0,0.0,188.0,188.0,0.0,1.0,True,100,200
10000,2,True,0.1,log,degree,17,59,True,169.0,169.0,0.0,169.0,169.0,0.0,1.0,True,100,200
10000,2,True,0.1,log,degree,18,61,True,163.0,163.0,0.0,163.0,163.0,0.0,1.0,True,100,200
10000,2,True,0.1,log,degree,19,67,True,149.0,149.0,0.0,149.0,149.0,0.0,1.0,True,100,200
10000,2,True,0.1,log,degree,20,71,True,140.0,140.0,0.0,140.0,140.0,0.0,1.0,True,100,200
10000,2,True,0.1,log,degree_weighted,1,2,True,15745.042755619399,15745.042755619397,1.828153136119385e-12,15745.042755619399,15745.042755619399,0.99498743710662,1.0,True,100,200
10000,2,True,0.1,log,degree_weighted,2,3,True,3670.576145841963,3670.576145841964,9.140765680596925e-13,3670.576145841963,3670.576145841963,-0.99498743710662,1.0,True,100,200
10000,2,True,0.1,log,degree_weighted,3,5,True,3227.2663869558505,3227.266386955851,4.570382840298462e-13,3227.2663869558505,3227.2663869558505,-0.99498743710662,1.0,True,100,200
10000,2,True,0.1,log,degree_weighted,4,7,True,2786.8137827019245,2786.8137827019236,9.140765680596925e-13,2786.8137827019245,2786.8137827019245,-0.9949874371066199,1.0,True,100,200
10000,2,True,0.1,log,degree_weighted,5,11,True,2187.2889077009536,2187.288907700953,4.570382840298462e-13,2187.2889077009536,2187.2889077009536,0.99498743710662,1.0,True,100,200
10000,2,True,0.1,log,degree_weighted,6,13,True,1979.8811065304417,1979.8811065304408,9.140765680596925e-13,1979.8811065304417,1979.8811065304417,0.99498743710662,1.0,True,100,200
10000,2,True,0.1,log,degree_weighted,7,17,True,1673.096232961003,1673.0962329610024,4.570382840298462e-13,1673.096232961003,1673.096232961003,0.9949874371066199,1.0,True,100,200
10000,2,True,0.1,log,degree_weighted,8,19,True,1555.830464062393,1555.8304640623935,4.570382840298462e-13,1555.830464062393,1555.830464062393,-0.9949874371066201,1.0,True,100,200
10000,2,True,0.1,log,degree_weighted,9,23,True,1367.6689954973247,1367.6689954973242,4.570382840298462e-13,1367.6689954973247,1367.6689954973247,-0.9949874371066199,1.0,True,100,200
10000,2,True,0.1,log,degree_weighted,10,29,True,1164.9824696853566,1164.982469685357,4.570382840298462e-13,1164.9824696853566,1164.9824696853566,-0.9949874371066199,1.0,True,100,200
10000,2,True,0.1,log,degree_weighted,11,31,True,1112.3098926397286,1112.3098926397283,2.285191420149231e-13,1112.3098926397286,1112.3098926397286,0.9949874371066199,1.0,True,100,200
10000,2,True,0.1,log,degree_weighted,12,37,True,981.3369185012983,981.3369185012982,1.1425957100746156e-13,981.3369185012983,981.3369185012983,-0.99498743710662,1.0,True,100,200
10000,2,True,0.1,log,degree_weighted,13,41,True,908.6844401424402,908.6844401424406,4.570382840298462e-13,908.6844401424402,908.6844401424402,-0.9949874371066199,1.0,True,100,200
10000,2,True,0.1,log,degree_weighted,14,43,True,878.8372267252116,878.8372267252116,0.0,878.8372267252116,878.8372267252116,-0.9949874371066199,1.0,True,100,200
10000,2,True,0.1,log,degree_weighted,15,47,True,822.3811439608235,822.3811439608236,1.1425957100746156e-13,822.3811439608235,822.3811439608235,-0.9949874371066199,1.0,True,100,200
10000,2,True,0.1,log,degree_weighted,16,53,True,752.4445878342481,752.4445878342484,3.427787130223847e-13,752.4445878342481,752.4445878342481,0.9949874371066199,1.0,True,100,200
10000,2,True,0.1,log,degree_weighted,17,59,True,695.0262905761618,695.0262905761618,0.0,695.0262905761618,695.0262905761618,-0.99498743710662,1.0,True,100,200
10000,2,True,0.1,log,degree_weighted,18,61,True,675.961565996075,675.9615659960747,3.427787130223847e-13,675.961565996075,675.961565996075,-0.9949874371066199,1.0,True,100,200
10000,2,True,0.1,log,degree_weighted,19,67,True,632.2945076698626,632.2945076698625,1.1425957100746156e-13,632.2945076698626,632.2945076698626,0.99498743710662,1.0,True,100,200
10000,2,True,0.1,log,degree_weighted,20,71,True,602.5125029087432,602.5125029087432,0.0,602.5125029087432,602.5125029087432,0.0,1.0,True,100,200
10000,2,True,0.1,log,eigenvector,1,2,True,0.7037744752041047,0.7037293108102901,6.836822791007326e-06,0.7037153187916841,0.703747985881904,6.606050090098728,0.0,False,100,200
10000,2,True,0.1,log,eigenvector,2,3,True,0.031461937450681786,0.030982543670004355,8.347813336266277e-05,0.03078685487473451,0.031191514987317443,5.742746769321532,0.0,False,100,200
10000,2,True,0.1,log,eigenvector,3,5,True,0.030194642783465314,0.029628089766645518,0.00010741106099241354,0.029393255705330495,0.029863788752686016,5.274624527355019,0.0,False,100,200
10000,2,True,0.1,log,eigenvector,4,7,True,0.028825258313588942,0.028384002548250287,0.00011687286840765408,0.02818394889383822,0.028684797697092538,3.775519257382725,0.0,False,100,200
10000,2,True,0.1,log,eigenvector,5,11,True,0.02689257885241285,0.0266084375958016,0.00012326519250902067,0.02633699628134101,0.026977784023492542,2.3051215905126994,0.02,False,100,200
10000,2,True,0.1,log,eigenvector,6,13,True,0.026213743016456514,0.025994402028729883,0.00011132168117670066,0.025750507645064123,0.026269941557459642,1.970334847696668,0.08,False,100,200
10000,2,True,0.1,log,eigenvector,7,17,True,0.02521363272953825,0.025080261413190988,0.00012307377597010357,0.02472737070687622,0.02531290104412749,1.0836696550176947,0.26,False,100,200
10000,2,True,0.1,log,eigenvector,8,19,True,0.02482770797842925,0.024723253390145365,0.0001138330644521403,0.02445670199645229,0.024960707126934496,0.9176120206075403,0.36,False,100,200
10000,2,True,0.1,log,eigenvector,9,23,True,0.0242077161829707,0.0241424414866208,0.00012069779735613145,0.023819731852401445,0.02444406039665619,0.5408109988727101,0.58,False,100,200
10000,2,True,0.1,log,eigenvector,10,29,True,0.02353843106708132,0.02352349154355014,9.82990638885055e-05,0.02330705637884139,0.02379251959862312,0.15198032351688706,0.84,False,100,200
10000,2,True,0.1,log,eigenvector,11,31,True,0.02336638482702019,0.023358301078654987,0.00011350216586732797,0.023074060222539407,0.023641487427689744,0.07122109347811623,0.88,False,100,200
10000,2,True,0.1,log,eigenvector,12,37,True,0.02293261085355778,0.0229440136151586,0.00011296482158400897,0.022656963604205358,0.02324811638369412,-0.10094081892870314,0.88,False,100,200
10000,2,True,0.1,log,eigenvector,13,41,True,0.022687532415497244,0.022700623779874043,0.00010869087624427075,0.02246804065001213,0.02290541815985894,-0.12044584448264052,0.96,False,100,200
10000,2,True,0.1,log,eigenvector,14,43,True,0.02259785445649121,0.02262663496249906,9.865449643667854e-05,0.02236027700354712,0.02282985512061072,-0.2917303016829602,0.74,False,100,200
10000,2,True,0.1,log,eigenvector,15,47,True,0.02241071672965684,0.022438797323571794,0.00010061621231559966,0.022168191381569842,0.022665361002370144,-0.27908617576346534,0.84,False,100,200
10000,2,True,0.1,log,eigenvector,16,53,True,0.022181233760398066,0.02219020986715533,0.00010961675614586504,0.021856686197272168,0.0223995508348779,-0.08188626513747736,0.82,False,100,200
10000,2,True,0.1,log,eigenvector,17,59,True,0.02198304629355501,0.02202551065068425,9.245115915887236e-05,0.021832300071041456,0.02239405922917904,-0.4593166544971294,0.62,False,100,200
10000,2,True,0.1,log,eigenvector,18,61,True,0.02191982216166383,0.021986278348228812,9.101460018667483e-05,0.02172982250124627,0.022270656450820027,-0.7301706147000282,0.46,False,100,200
10000,2,True,0.1,log,eigenvector,19,67,True,0.021776428126975472,0.021828707089987777,8.618395497123247e-05,0.02163453336809039,0.022023498004906106,-0.6065974000584563,0.58,False,100,200
10000,2,True,0.1,log,eigenvector,20,71,True,0.021688901798143766,0.02173480962634118,7.783584494935965e-05,0.02154663956220001,0.02191215519461697,-0.5898031713701523,0.56,False,100,200
10000,2,True,0.1,log,eigenvector_costweight,1,2,True,0.6781945923405578,0.6786041293501532,0.00047151208959684713,0.6772213064279466,0.679816745547736,-0.8685609947893675,0.34,False,100,200
10000,2,True,0.1,log,eigenvector_costweight,2,3,True,0.18242528904936042,0.18268320838563387,0.001790757384742854,0.178281091481896,0.18754609577414,-0.14402807352401756,0.86,False,100,200
10000,2,True,0.1,log,eigenvector_costweight,3,5,True,0.0664593804654645,0.06363474020325889,0.0010245654376765665,0.061299953010333114,0.06606955326854666,2.756915428077562,0.0,False,100,200
10000,2,True,0.1,log,eigenvector_costweight,4,7,True,0.03845384955764093,0.036454098357357155,0.0007087021899577807,0.035086582686634005,0.03831367678770085,2.8217087919580357,0.0,False,100,200
10000,2,True,0.1,log,eigenvector_costweight,5,11,True,0.019834498751030265,0.01853285903830544,0.0005487550750994632,0.01701452458213652,0.020033755716256655,2.3719866508549345,0.04,False,100,200
10000,2,True,0.1,log,eigenvector_costweight,6,13,True,0.01576643985614783,0.014729702580466679,0.00042536936464254336,0.013810606282454466,0.015770969776935765,2.4372636157104712,0.02,False,100,200
10000,2,True,0.1,log,eigenvector_costweight,7,2310,False,0.01149378734546066,0.008121397116968328,0.004068277477055252,2.7675691122909002e-05,0.011415533461465904,0.8289479386576596,0.0,False,100,200
10000,2,True,0.1,log,eigenvector_costweight,8,6930,False,0.01149378734546066,0.007919588383475189,0.004175666828509581,4.9090811054508364e-05,0.011444342458843288,0.8559588465206193,0.0,False,100,200
10000,2,True,0.1,log,eigenvector_costweight,9,4620,False,0.01149378734546066,0.008303268019802563,0.003987156617855199,6.408582165170328e-05,0.011483453191640508,0.8001991472746223,0.0,False,100,200
10000,2,True,0.1,log,eigenvector_costweight,10,9240,False,0.01149378734546066,0.008241892428825386,0.004135636819217849,1.651156767900754e-05,0.011468361192934194,0.7863105632303294,0.0,False,100,200
10000,2,True,0.1,log,eigenvector_costweight,11,5460,False,0.011473667650902708,0.00859958292218471,0.0037609386547490346,6.785591959843994e-06,0.011435196167136787,0.764193461408581,0.0,False,100,200
10000,2,True,0.1,log,eigenvector_costweight,12,2730,False,0.011473667650902708,0.007808789747771356,0.004088419273732629,8.640776325641913e-05,0.011455468475849533,0.8964046145358795,0.0,False,100,200
10000,2,True,0.1,log,eigenvector_costweight,13,8190,False,0.011473667650902708,0.008385994619894576,0.0038665696935862044,1.011206138539842e-05,0.01142581494070909,0.7985561558944366,0.0,False,100,200
10000,2,True,0.1,log,eigenvector_costweight,14,3570,False,0.011452520235798881,0.008414872986837187,0.003873906973883155,1.7999710428037997e-05,0.011423600073068313,0.7841301480496821,0.0,False,100,200
10000,2,True,0.1,log,eigenvector_costweight,15,7140,False,0.011452520235798881,0.007949864208322503,0.00399496356499235,4.491600507835516e-05,0.011427146952737093,0.8767679530722039,0.0,False,100,200
10000,2,True,0.1,log,eigenvector_costweight,16,7980,False,0.011446407589053267,0.00843337649976566,0.003930507097030696,5.340196177252979e-05,0.011474352454588353,0.7665756643878865,0.02,False,100,200
10000,2,True,0.1,log,eigenvector_costweight,17,3990,False,0.011446407589053267,0.008363849281463278,0.0040970532362647905,4.807918771988362e-05,0.01140730682134202,0.7523842454144686,0.0,False,100,200
10000,2,True,0.1,log,eigenvector_costweight,18,9660,False,0.011438377857988334,0.008471408396727644,0.0038297600425649487,6.963479925869633e-05,0.011411840336302761,0.7747141931309066,0.0,False,100,200
10000,2,True,0.1,log,eigenvector_costweight,19,4830,False,0.011438377857988334,0.007890542400734567,0.0040856382820711945,1.1379725631139105e-05,0.011483607642000513,0.8683674893155766,0.02,False,100,200
10000,2,True,0.1,log,eigenvector_costweight,20,6090,False,0.011431664310532498,0.00810251614293747,0.004196035815220474,2.3689867212058095e-05,0.011414969813688189,0.793403182003132,0.0,False,100,200
10000,2,True,0.1,log,pagerank,1,2,True,0.08400217842245504,0.0869519875538705,0.00013038914270282318,0.08658849483596105,0.08728802713452179,-22.623119304791338,0.0,False,100,200
10000,2,True,0.1,log,pagerank,2,3,True,0.023524477433899564,0.02791487386205144,0.0001310874093619634,0.027508169331672123,0.028303337523154046,-33.4921290268919,0.0,False,100,200
10000,2,True,0.1,log,pagerank,3,5,True,0.020656728690664376,0.02366119236401397,0.00015635930479076084,0.023236183770405042,0.024050984631295663,-19.215125555656254,0.0,False,100,200
10000,2,True,0.1,log,pagerank,4,7,True,0.01779941558781689,0.019839637600423638,0.00012745437505594137,0.01955444959715175,0.020143031427919445,-16.00746943140448,0.0,False,100,200
10000,2,True,0.1,log,pagerank,5,11,True,0.013914290084427591,0.014954421198946877,0.00011856066897450045,0.014732174373095446,0.015251060587343157,-8.772986214703192,0.0,False,100,200
10000,2,True,0.1,log,pagerank,6,13,True,0.012577936893158916,0.013361727762630138,0.0001245703277361491,0.013085259997032491,0.013627855699526414,-6.291954783416466,0.0,False,100,200
10000,2,True,0.1,log,pagerank,7,17,True,0.010601549865644589,0.01105173869711305,0.0001116276756106218,0.010767359145671387,0.011334421027992295,-4.0329499741516175,0.0,False,100,200
10000,2,True,0.1,log,pagerank,8,19,True,0.009845304940049907,0.010178712483367557,9.333925252242395e-05,0.009957248285852923,0.010446690573622623,-3.5719971427621204,0.0,False,100,200
10000,2,True,0.1,log,pagerank,9,23,True,0.008631361009022025,0.008813220351733524,8.67998579694047e-05,0.008618035578128836,0.008994725307243573,-2.0951571461741074,0.06,False,100,200
10000,2,True,0.1,log,pagerank,10,29,True,0.007335648532275217,0.007383366278673076,6.927458813414057e-05,0.007225570023535273,0.007556046752222367,-0.6888203550984386,0.44,False,100,200
10000,2,True,0.1,log,pagerank,11,31,True,0.00699471761869995,0.007019105032328123,7.647858149569947e-05,0.00676265721295971,0.007207152377132289,-0.3188790005152222,0.54,False,100,200
10000,2,True,0.1,log,pagerank,12,37,True,0.006160875674044651,0.006112414456838462,6.822742039166481e-05,0.005914826591889659,0.006253818728258864,0.7102894544157329,0.46,False,100,200
10000,2,True,0.1,log,pagerank,13,41,True,0.005692696061885444,0.005623242581412133,6.789513194131161e-05,0.005458948608132814,0.005808828184700377,1.0229522866727365,0.28,False,100,200
10000,2,True,0.1,log,pagerank,14,43,True,0.005500199743995723,0.005425365663184809,6.058688316824513e-05,0.005300256930138113,0.0055657909497316485,1.2351531700864515,0.24,False,100,200
10000,2,True,0.1,log,pagerank,15,47,True,0.005142456167292998,0.005037099798698135,5.998937740730965e-05,0.0048597890216446026,0.005193131133411525,1.7562504087936595,0.06,False,100,200
10000,2,True,0.1,log,pagerank,16,53,True,0.004695372927463792,0.004573399267163808,5.368231846226522e-05,0.004440349781229724,0.004687873470484762,2.272138458135369,0.0,False,100,200
10000,2,True,0.1,log,pagerank,17,59,True,0.004333263681052841,0.004199765025775039,5.5608322799305034e-05,0.00408435864228335,0.0043830835051507895,2.4006955893924236,0.02,False,100,200
10000,2,True,0.1,log,pagerank,18,61,True,0.004213864612084143,0.004081775656613187,5.68193258944543e-05,0.003967128038802462,0.0042382967760241225,2.3247188063497615,0.04,False,100,200
10000,2,True,0.1,log,pagerank,19,67,True,0.003936897501963096,0.0037895168217741437,5.09245998315814e-05,0.0036603861855669987,0.0038991118224504977,2.894095990471646,0.0,False,100,200
10000,2,True,0.1,log,pagerank,20,71,True,0.0037427075667371868,0.003592112053235115,5.33679954192128e-05,0.0034225058987189467,0.0037350196571046047,2.821831929775986,0.0,False,100,200
10000,2,True,0.1,log,betweenness,1,2,True,0.9807701540308061,0.96995350070014,0.0019446592904172342,0.9652215443088618,0.974865973194639,5.562235700602096,0.0,False,100,200
10000,2,True,0.1,log,betweenness,2,41,True,0.05547109421884377,0.026462367473494695,0.007709181792519737,0.011758351670334066,0.05296809361872375,3.7628800988318125,0.0,False,100,200
10000,2,True,0.1,log,betweenness,3,19,True,0.0460252050410082,0.04950105521104221,0.01132471813077722,0.0233001600320064,0.08309461892378475,-0.3069259764256475,0.82,False,100,200
10000,2,True,0.1,log,betweenness,4,23,True,0.045165533106621324,0.04077667533506701,0.008268239484476308,0.024654430886177237,0.06979595919183837,0.5308092224220663,0.62,False,100,200
10000,2,True,0.1,log,betweenness,5,47,True,0.045149029805961194,0.025031256251250255,0.0076570259621506,0.011583316663332666,0.046356771354270854,2.627361282847281,0.02,False,100,200
10000,2,True,0.1,log,betweenness,6,37,True,0.04189387877575515,0.029144353870774152,0.007858666723139623,0.012954090818163632,0.054354370874174836,1.6223521564339123,0.1,False,100,200
10000,2,True,0.1,log,betweenness,7,7,True,0.0406876375275055,0.0904531706341268,0.013198539667620267,0.06356971394278856,0.12319213842768553,-3.7705332832169423,0.0,False,100,200
10000,2,True,0.1,log,betweenness,8,97,True,0.03914732946589318,0.013737442488497701,0.005772596868769527,0.005917183436687338,0.030493098619723946,4.401812140193983,0.0,False,100,200
10000,2,True,0.1,log,betweenness,9,67,True,0.03729595919183837,0.01803363672734547,0.006674888366039389,0.0075870174034806965,0.03949039807961592,2.885789455670311,0.02,False,100,200
10000,2,True,0.1,log,betweenness,10,13,True,0.035609621924384875,0.061730571114222844,0.00987114457730495,0.03626425285057011,0.08852670534106821,-2.646192544874021,0.0,False,100,200
10000,2,True,0.1,log,betweenness,11,29,True,0.033892278455691136,0.035150725145029,0.009884995835160466,0.016735347069413882,0.07564462892578516,-0.12730877284354788,0.98,False,100,200
10000,2,True,0.1,log,betweenness,12,43,True,0.031314762952590516,0.02693666233246649,0.00791044995945598,0.012401980396079216,0.05145179035807162,0.5534578491190042,0.54,False,100,200
10000,2,True,0.1,log,betweenness,13,17,True,0.03090718143628726,0.050598719743948785,0.01080895602708155,0.026190738147629525,0.07558911782356471,-1.8217798516642043,0.02,False,100,200
10000,2,True,0.1,log,betweenness,14,59,True,0.02846519303860772,0.02020245049009802,0.007266621942347295,0.008187137427485497,0.039825465093018604,1.1370816610614303,0.3,False,100,200
10000,2,True,0.1,log,betweenness,15,11,True,0.02797759551910382,0.06703023604720944,0.011812371165550398,0.03241748349669934,0.09678185637127426,-3.3060797007461744,0.0,False,100,200
10000,2,True,0.1,log,betweenness,16,73,True,0.026965393078615722,0.01810552110422084,0.007345562881233363,0.007543508701740348,0.038298159631926385,1.2061529004169735,0.3,False,100,200
10000,2,True,0.1,log,betweenness,17,79,True,0.02614522904580916,0.01711838367673535,0.006434347362462175,0.006928385677135427,0.03814112822564513,1.4029154567775135,0.2,False,100,200
10000,2,True,0.1,log,betweenness,18,89,True,0.025216543308661733,0.015162497499499899,0.00611391531716323,0.006014202840568114,0.03143178635727145,1.6444529058061554,0.14,False,100,200
10000,2,True,0.1,log,betweenness,19,31,True,0.02447639527905581,0.033973709741948396,0.008749656920324131,0.01694888977795559,0.06950990198039608,-1.0854499267087554,0.2,False,100,200
10000,2,True,0.1,log,betweenness,20,61,True,0.023105621124224845,0.018782941588317666,0.006952555266535192,0.009161832366473294,0.03530506101220244,0.6217396870922525,0.62,False,100,200
10000,2,False,0.1,log,degree,1,2,True,4999.0,4999.0,0.0,4999.0,4999.0,0.0,1.0,True,100,200
10000,2,False,0.1,log,degree,2,3,True,3332.0,3332.0,0.0,3332.0,3332.0,0.0,1.0,True,100,200
10000,2,False,0.1,log,degree,3,5,True,1999.0,1999.0,0.0,1999.0,1999.0,0.0,1.0,True,100,200
10000,2,False,0.1,log,degree,4,7,True,1427.0,1427.0,0.0,1427.0,1427.0,0.0,1.0,True,100,200
10000,2,False,0.1,log,degree,5,11,True,908.0,908.0,0.0,908.0,908.0,0.0,1.0,True,100,200
10000,2,False,0.1,log,degree,6,13,True,768.0,768.0,0.0,768.0,768.0,0.0,1.0,True,100,200
10000,2,False,0.1,log,degree,7,17,True,587.0,587.0,0.0,587.0,587.0,0.0,1.0,True,100,200
10000,2,False,0.1,log,degree,8,19,True,525.0,525.0,0.0,525.0,525.0,0.0,1.0,True,100,200
10000,2,False,0.1,log,degree,9,23,True,433.0,433.0,0.0,433.0,433.0,0.0,1.0,True,100,200
10000,2,False,0.1,log,degree,10,29,True,343.0,343.0,0.0,343.0,343.0,0.0,1.0,True,100,200
10000,2,False,0.1,log,degree,11,31,True,321.0,321.0,0.0,321.0,321.0,0.0,1.0,True,100,200
10000,2,False,0.1,log,degree,12,37,True,269.0,269.0,0.0,269.0,269.0,0.0,1.0,True,100,200
10000,2,False,0.1,log,degree,13,41,True,242.0,242.0,0.0,242.0,242.0,0.0,1.0,True,100,200
10000,2,False,0.1,log,degree,14,43,True,231.0,231.0,0.0,231.0,231.0,0.0,1.0,True,100,200
10000,2,False,0.1,log,degree,15,47,True,211.0,211.0,0.0,211.0,211.0,0.0,1.0,True,100,200
10000,2,False,0.1,log,degree,16,53,True,187.0,187.0,0.0,187.0,187.0,0.0,1.0,True,100,200
10000,2,False,0.1,log,degree,17,59,True,168.0,168.0,0.0,168.0,168.0,0.0,1.0,True,100,200
10000,2,False,0.1,log,degree,18,61,True,162.0,162.0,0.0,162.0,162.0,0.0,1.0,True,100,200
10000,2,False,0.1,log,degree,19,67,True,148.0,148.0,0.0,148.0,148.0,0.0,1.0,True,100,200
10000,2,False,0.1,log,degree,20,71,True,139.0,139.0,0.0,139.0,139.0,0.0,1.0,True,100,200
10000,2,False,0.1,log,degree_weighted,1,3,True,3660.576145841963,3660.576145841964,9.140765680596925e-13,3660.576145841963,3660.576145841963,-0.99498743710662,1.0,True,100,200
10000,2,False,0.1,log,degree_weighted,2,2,True,3465.0427556193986,3465.0427556193977,9.140765680596925e-13,3465.0427556193986,3465.0427556193986,0.99498743710662,1.0,True,100,200
10000,2,False,0.1,log,degree_weighted,3,5,True,3217.2663869558505,3217.266386955851,4.570382840298462e-13,3217.2663869558505,3217.2663869558505,-0.99498743710662,1.0,True,100,200
10000,2,False,0.1,log,degree_weighted,4,7,True,2776.8137827019245,2776.8137827019236,9.140765680596925e-13,2776.8137827019245,2776.8137827019245,-0.9949874371066199,1.0,True,100,200
10000,2,False,0.1,log,degree_weighted,5,11,True,2177.2889077009536,2177.288907700953,4.570382840298462e-13,2177.2889077009536,2177.2889077009536,0.99498743710662,1.0,True,100,200
10000,2,False,0.1,log,degree_weighted,6,13,True,1969.8811065304417,1969.8811065304408,9.140765680596925e-13,1969.8811065304417,1969.8811065304417,0.99498743710662,1.0,True,100,200
10000,2,False,0.1,log,degree_weighted,7,17,True,1663.096232961003,1663.0962329610024,4.570382840298462e-13,1663.096232961003,1663.096232961003,0.9949874371066199,1.0,True,100,200
10000,2,False,0.1,log,degree_weighted,8,19,True,1545.830464062393,1545.8304640623935,4.570382840298462e-13,1545.830464062393,1545.830464062393,-0.9949874371066201,1.0,True,100,200
10000,2,False,0.1,log,degree_weighted,9,23,True,1357.6689954973247,1357.6689954973242,4.570382840298462e-13,1357.6689954973247,1357.6689954973247,-0.9949874371066199,1.0,True,100,200
10000,2,False,0.1,log,degree_weighted,10,29,True,1154.9824696853566,1154.982469685357,4.570382840298462e-13,1154.9824696853566,1154.9824696853566,-0.9949874371066199,1.0,True,100,200
10000,2,False,0.1,log,degree_weighted,11,31,True,1102.3098926397286,1102.3098926397283,2.285191420149231e-13,1102.3098926397286,1102.3098926397286,0.9949874371066199,1.0,True,100,200
10000,2,False,0.1,log,degree_weighted,12,37,True,971.3369185012983,971.3369185012982,1.1425957100746156e-13,971.3369185012983,971.3369185012983,-0.99498743710662,1.0,True,100,200
10000,2,False,0.1,log,degree_weighted,13,41,True,898.6844401424402,898.6844401424406,4.570382840298462e-13,898.6844401424402,898.6844401424402,-0.9949874371066199,1.0,True,100,200
10000,2,False,0.1,log,degree_weighted,14,43,True,868.8372267252116,868.8372267252116,0.0,868.8372267252116,868.8372267252116,-0.9949874371066199,1.0,True,100,200
10000,2,False,0.1,log,degree_weighted,15,47,True,812.3811439608235,812.3811439608236,1.1425957100746156e-13,812.3811439608235,812.3811439608235,-0.9949874371066199,1.0,True,100,200
10000,2,False,0.1,log,degree_weighted,16,53,True,742.4445878342481,742.4445878342484,3.427787130223847e-13,742.4445878342481,742.4445878342481,0.9949874371066199,1.0,True,100,200
10000,2,False,0.1,log,degree_weighted,17,59,True,685.0262905761618,685.0262905761618,0.0,685.0262905761618,685.0262905761618,-0.99498743710662,1.0,True,100,200
10000,2,False,0.1,log,degree_weighted,18,61,True,665.961565996075,665.9615659960748,2.285191420149231e-13,665.961565996075,665.961565996075,-0.9949874371066199,1.0,True,100,200
10000,2,False,0.1,log,degree_weighted,19,67,True,622.2945076698626,622.2945076698625,1.1425957100746156e-13,622.2945076698626,622.2945076698626,0.9949874371066201,1.0,True,100,200
10000,2,False,0.1,log,degree_weighted,20,71,True,592.5125029087432,592.5125029087432,0.0,592.5125029087432,592.5125029087432,0.0,1.0,True,100,200
10000,2,False,0.1,log,eigenvector,1,5,True,0.2949329972243593,0.2979897504536139,0.0028298105636635753,0.29129050406812285,0.30572169468498195,-1.0801971229116596,0.3,False,100,200
10000,2,False,0.1,log,eigenvector,2,7,True,0.27524591339822196,0.2761165980748746,0.002834123855910957,0.2694288205697223,0.2825486676785972,-0.3072147587469012,0.74,False,100,200
10000,2,False,0.1,log,eigenvector,3,3,True,0.2745321020015464,0.2784348635345515,0.0021579306151888553,0.273440622977617,0.2844018673274779,-1.8085667377510255,0.04,False,100,200
10000,2,False,0.1,log,eigenvector,4,2,True,0.21922843590024613,0.23127619511303332,0.0014060436992811124,0.2271286033744118,0.23435860364276342,-8.568552470273168,0.0,False,100,200
10000,2,False,0.1,log,eigenvector,5,11,True,0.21878215540675897,0.21656044051115778,0.0035608541022421844,0.20867452317502064,0.22479303100289377,0.6239275274441198,0.58,False,100,200
10000,2,False,0.1,log,eigenvector,6,13,True,0.1945334085568336,0.19060844788487166,0.002933733659347234,0.18376273984615063,0.1979761868052326,1.3378721887232818,0.24,False,100,200
10000,2,False,0.1,log,eigenvector,7,17,True,0.1578439033053851,0.15202969970943495,0.0031179707728018766,0.14472236444358497,0.158945150933421,1.8647396077819633,0.06,False,100,200
10000,2,False,0.1,log,eigenvector,8,19,True,0.1433702489317495,0.13889369469663115,0.0031316283040156915,0.13031327030505274,0.14554428700088515,1.4294653772856987,0.18,False,100,200
10000,2,False,0.1,log,eigenvector,9,23,True,0.12097705106766769,0.11563390788508371,0.003334216334759431,0.10808618166264208,0.12414589374759541,1.6025184469529763,0.14,False,100,200
10000,2,False,0.1,log,eigenvector,10,29,True,0.09777884203108717,0.09293474244237922,0.0032771760316115247,0.08419601916231928,0.10247653069948084,1.4781322522751135,0.16,False,100,200
10000,2,False,0.1,log,eigenvector,11,31,True,0.0917532189257311,0.08722255005768002,0.002738186687755991,0.07833899474574955,0.09337099305563222,1.6546238020622672,0.08,False,100,200
10000,2,False,0.1,log,eigenvector,12,37,True,0.077550425150219,0.07374984560765563,0.002871399695127002,0.06577105200279987,0.08153413226767821,1.3235982259847807,0.22,False,100,200
10000,2,False,0.1,log,eigenvector,13,41,True,0.069881747553328,0.06626871431396254,0.0025315015756839955,0.05962322168100097,0.07394708693665879,1.427229306933872,0.12,False,100,200
10000,2,False,0.1,log,eigenvector,14,43,True,0.06719803911923874,0.06360788154433492,0.0025633320184451475,0.05652946243725661,0.070286933709851,1.4005823471442282,0.12,False,100,200
10000,2,False,0.1,log,eigenvector,15,47,True,0.06146817500543453,0.05856227768441674,0.002213712772788551,0.05339874095736845,0.06442192812366285,1.3126803787454724,0.2,False,100,200
10000,2,False,0.1,log,eigenvector,16,53,True,0.054668999288377755,0.05234080705336746,0.0023262047538859204,0.04820257270584534,0.0571711324472598,1.000854387869793,0.36,False,100,200
10000,2,False,0.1,log,eigenvector,17,59,True,0.04903646369397138,0.04683231223386816,0.001955622434712034,0.042232399144609065,0.05179563501866766,1.1270843599356448,0.26,False,100,200
10000,2,False,0.1,log,eigenvector,18,61,True,0.04721656422893108,0.045150640562679714,0.0020096655909427243,0.04108139043162393,0.05103040420427191,1.0279937495880807,0.34,False,100,200
10000,2,False,0.1,log,eigenvector,19,67,True,0.043201747279450135,0.041225778426525785,0.0020672454068551313,0.03631080805586304,0.04754463022459163,0.9558462901268964,0.3,False,100,200
10000,2,False,0.1,log,eigenvector,20,71,True,0.04085493800151556,0.03926127956937492,0.0018945532290492873,0.03539294755971575,0.04358616027173284,0.8411790218955073,0.4,False,100,200
10000,2,False,0.1,log,eigenvector_costweight,1,2,True,0.6783255537554723,0.6787275685632149,0.0004732290634125668,0.6773400404615895,0.6799450024515273,-0.8495141968740365,0.34,False,100,200
10000,2,False,0.1,log,eigenvector_costweight,2,3,True,0.18201204193156584,0.18227105306354344,0.0017971167191624486,0.17785347024529605,0.18715266533357527,-0.14412593751751146,0.86,False,100,200
10000,2,False,0.1,log,eigenvector_costweight,3,5,True,0.06588974330161718,0.06305966868626708,0.001027261660984671,0.060715462879925505,0.0655006437080976,2.754969568938602,0.0,False,100,200
10000,2,False,0.1,log,eigenvector_costweight,4,7,True,0.03785377266575198,0.03585037675792686,0.0007105252172850446,0.03447990872686736,0.03771533937657893,2.81959859986422,0.0,False,100,200
10000,2,False,0.1,log,eigenvector_costweight,5,11,True,0.01921458728586758,0.017910199130657313,0.0005499571213654345,0.01638945285159261,0.01941466043945382,2.3717997358989207,0.04,False,100,200
10000,2,False,0.1,log,eigenvector_costweight,6,13,True,0.015142122035203771,0.014103073921756169,0.00042611502358725993,0.013181447760553291,0.015146609190249856,2.438421684127321,0.02,False,100,200
10000,2,False,0.1,log,eigenvector_costweight,7,6930,False,0.011495471756889496,0.007920081590753013,0.004181491737421962,4.220682734725094e-05,0.011445924731413482,0.8550513526402027,0.0,False,100,200
10000,2,False,0.1,log,eigenvector_costweight,8,9240,False,0.011495471756889496,0.008243012346559463,0.004140913605512846,1.1014167625172237e-05,0.011469544041085314,0.7854448849162162,0.0,False,100,200
10000,2,False,0.1,log,eigenvector_costweight,9,4620,False,0.011495471756889496,0.00830439592566791,0.003992378406590256,5.73918693214211e-05,0.011484803125071191,0.7992919273268405,0.0,False,100,200
10000,2,False,0.1,log,eigenvector_costweight,10,2310,False,0.011495471756889496,0.008122263664249006,0.0040738029381689935,2.077529243729533e-05,0.01141773281162784,0.8280243653996204,0.0,False,100,200
10000,2,False,0.1,log,eigenvector_costweight,11,8190,False,0.011475474050109473,0.00838749306569886,0.003871934847698733,4.77774326112022e-06,0.011427631702488335,0.797529169749833,0.0,False,100,200
10000,2,False,0.1,log,eigenvector_costweight,12,2730,False,0.011475474050109473,0.00780906933793312,0.004094308027213124,7.927888991408662e-05,0.011456829397501573,0.895488245585657,0.0,False,100,200
10000,2,False,0.1,log,eigenvector_costweight,13,5460,False,0.011475474050109473,0.008601300704813129,0.003765844205642247,1.8289307505126749e-06,0.011436813219994768,0.7632215217480494,0.0,False,100,200
10000,2,False,0.1,log,eigenvector_costweight,14,3570,False,0.011454505332740903,0.008416477369644355,0.0038789732564758032,1.2243925768362377e-05,0.011425585275468738,0.7832041528063303,0.0,False,100,200
10000,2,False,0.1,log,eigenvector_costweight,15,7140,False,0.011454505332740903,0.007950722857473115,0.004000629488655074,3.817180189714314e-05,0.011428788367378243,0.8758077910498235,0.0,False,100,200
10000,2,False,0.1,log,eigenvector_costweight,16,7980,False,0.011448460442923353,0.008434293268863349,0.003935851258561288,4.602628765758177e-05,0.011475677536037749,0.7658234460724522,0.02,False,100,200
10000,2,False,0.1,log,eigenvector_costweight,17,3990,False,0.011448460442923353,0.008364921090296048,0.004102635346307915,4.151931063132981e-05,0.011409661345977063,0.7515996651767435,0.0,False,100,200
10000,2,False,0.1,log,eigenvector_costweight,18,9660,False,0.011440538927691939,0.008472668732415804,0.0038349510566153327,6.282521171008152e-05,0.01141367730364567,0.7739004100603911,0.0,False,100,200
10000,2,False,0.1,log,eigenvector_costweight,19,4830,False,0.011440538927691939,0.00789128719938513,0.004091211274521286,5.699069677836811e-06,0.01148488119886422,0.8675307849316839,0.02,False,100,200
10000,2,False,0.1,log,eigenvector_costweight,20,6090,False,0.011433944053175786,0.008103179538647564,0.004201735726331438,1.696593399141595e-05,0.011417559903973902,0.7927115676635687,0.0,False,100,200
10000,2,False,0.1,log,pagerank,1,3,True,0.026194092152869136,0.03134822452471475,0.00015068877304155376,0.03087808765103674,0.03180158779972664,-34.20382466332989,0.0,False,100,200
10000,2,False,0.1,log,pagerank,2,2,True,0.025182047509915293,0.02909733833589834,9.999962930692606e-05,0.02877177085238439,0.029326454165499855,-39.15305339748766,0.0,False,100,200
10000,2,False,0.1,log,pagerank,3,5,True,0.022769654210823633,0.026517093755080073,0.00017307364083769602,0.026037937493919108,0.02698942415066813,-21.65228353733366,0.0,False,100,200
10000,2,False,0.1,log,pagerank,4,7,True,0.019541110698692778,0.02221217773115354,0.0001402502238602897,0.021875513011949663,0.022568591900174725,-19.04501083093847,0.0,False,100,200
10000,2,False,0.1,log,pagerank,5,11,True,0.015219278090640607,0.016722869291089022,0.00013131274225390053,0.016468698338484824,0.017078091317646264,-11.45045922155166,0.0,False,100,200
10000,2,False,0.1,log,pagerank,6,13,True,0.013742686398107712,0.014938106230054937,0.0001317391120919469,0.014628378126230272,0.015201225499599532,-9.074145202321423,0.0,False,100,200
10000,2,False,0.1,log,pagerank,7,17,True,0.011562998778448606,0.012344050045243433,0.00012173271087324748,0.012021690906523696,0.0126390733584663,-6.416116598340477,0.0,False,100,200
10000,2,False,0.1,log,pagerank,8,19,True,0.01073138338939656,0.0113634708883744,0.00010262315603593414,0.011116887543496769,0.01166064901455894,-6.15930676266195,0.0,False,100,200
10000,2,False,0.1,log,pagerank,9,23,True,0.009397310712526509,0.009834161482718633,9.484724843873307e-05,0.009634673865297087,0.010030393891749383,-4.6058349333592385,0.0,False,100,200
10000,2,False,0.1,log,pagerank,10,29,True,0.007975246874858406,0.008231585636711142,7.79151845539636e-05,0.00805130596290396,0.008437639150705022,-3.2899718241082616,0.0,False,100,200
10000,2,False,0.1,log,pagerank,11,31,True,0.007602366050749655,0.007819791168596504,8.304399525936117e-05,0.0075496854333315785,0.008019438144765276,-2.618191925470278,0.02,False,100,200
10000,2,False,0.1,log,pagerank,12,37,True,0.0066889080363801276,0.0068034186110000425,7.564009894859763e-05,0.0065929834949932705,0.006984371678151492,-1.5138871605354656,0.14,False,100,200
10000,2,False,0.1,log,pagerank,13,41,True,0.006176291107780951,0.006252663636033996,7.323756791577477e-05,0.006080054080439878,0.006445526207002142,-1.0428053583220673,0.3,False,100,200
10000,2,False,0.1,log,pagerank,14,43,True,0.005965826138157327,0.006033861970315373,6.69610372260942e-05,0.005876043339501235,0.006187549732063003,-1.0160510496323778,0.3,False,100,200
10000,2,False,0.1,log,pagerank,15,47,True,0.005574733238706595,0.005596480377426993,6.377650459464431e-05,0.005395558534496676,0.005755537324428933,-0.3409898184075796,0.72,False,100,200
10000,2,False,0.1,log,pagerank,16,53,True,0.005085510769398538,0.005075666256762677,5.9567986418365685e-05,0.004922873005178344,0.0052028448484674064,0.16526515713864065,1.0,False,100,200
10000,2,False,0.1,log,pagerank,17,59,True,0.004690027586689507,0.004657992020681694,5.849862750443859e-05,0.004543662113223571,0.004851776057814874,0.5476293611398412,0.66,False,100,200
10000,2,False,0.1,log,pagerank,18,61,True,0.004559719238562209,0.0045273654778187665,6.068973818707301e-05,0.004404723602374116,0.0046963516053002245,0.5331010103176725,0.54,False,100,200
10000,2,False,0.1,log,pagerank,19,67,True,0.004256955003205813,0.004198502537153734,5.550596596843989e-05,0.004056620382011127,0.004322487316394942,1.0530843852949785,0.3,False,100,200
10000,2,False,0.1,log,pagerank,20,71,True,0.004045116575739578,0.003976617572918753,5.6957037611928665e-05,0.003785503980257852,0.004126790586802595,1.202643355287124,0.26,False,100,200
10000,2,False,0.1,log,betweenness,1,3,True,0.13582516503300618,0.09748612222444493,0.01239130187716629,0.06883776755351081,0.12734446889377865,3.0940286330372935,0.0,False,100,200
10000,2,False,0.1,log,betweenness,2,7,True,0.1317838567713544,0.09570499099819964,0.012095331065133559,0.07064512902580523,0.12891128225645104,2.9828754234894057,0.0,False,100,200
10000,2,False,0.1,log,betweenness,3,5,True,0.11850020004000825,0.09968274654930986,0.011350364002722144,0.07221094218843768,0.12842318463692748,1.6578722485186754,0.1,False,100,200
10000,2,False,0.1,log,betweenness,4,13,True,0.07895329065813161,0.06994650930186036,0.009652214954398362,0.04446039207841567,0.09193138627725543,0.9331310376761753,0.32,False,100,200
10000,2,False,0.1,log,betweenness,5,2,True,0.0757746549309859,0.014548174634926992,0.005078242540861865,0.006032706541308262,0.029620924184837263,12.056627820235565,0.0,False,100,200
10000,2,False,0.1,log,betweenness,6,11,True,0.06879325865173042,0.07404021304260851,0.01029455015701173,0.05184336867373476,0.10415733146629327,-0.5096827263796777,0.62,False,100,200
10000,2,False,0.1,log,betweenness,7,19,True,0.05051660332066412,0.059227880576115235,0.00979352177569752,0.03896179235847169,0.08942738547709547,-0.889493836330463,0.38,False,100,200
10000,2,False,0.1,log,betweenness,8,23,True,0.04968293658731744,0.05218438187637528,0.008099631405567966,0.031805361072214454,0.07384676935387083,-0.3088344597185322,0.72,False,100,200
10000,2,False,0.1,log,betweenness,9,41,True,0.04200490098019605,0.03354842968593719,0.007323237086733617,0.017797059411882376,0.051235247049409884,1.1547449842335649,0.22,False,100,200
10000,2,False,0.1,log,betweenness,10,17,True,0.038726245249049794,0.06077734046809363,0.010382601489665896,0.03838767753550708,0.09017653530706139,-2.1238506785598883,0.04,False,100,200
10000,2,False,0.1,log,betweenness,11,47,True,0.037200440088017594,0.03071779855971194,0.0071076900742130505,0.015933186637327467,0.05174284856971397,0.9120602418815218,0.32,False,100,200
10000,2,False,0.1,log,betweenness,12,37,True,0.034702940588117626,0.036283721744348865,0.006789427718853819,0.021427285457091418,0.05675035007001401,-0.2328298085921914,0.92,False,100,200
10000,2,False,0.1,log,betweenness,13,31,True,0.03360372074414883,0.04230406581316263,0.008320794965467245,0.02452390478095619,0.07018853770754147,-1.0456146444085876,0.2,False,100,200
10000,2,False,0.1,log,betweenness,14,29,True,0.030147029405881192,0.04377667533506702,0.008570266350083771,0.026480796159231847,0.07391578315663132,-1.5903409967010655,0.04,False,100,200
10000,2,False,0.1,log,betweenness,15,67,True,0.029409381876375276,0.022379230846169232,0.006113162524627905,0.010514102820564112,0.0390123024604921,1.1500023108961845,0.24,False,100,200
10000,2,False,0.1,log,betweenness,16,97,True,0.02740948189637927,0.01653385177035407,0.005235866602878367,0.008147129425885177,0.03063262652530505,2.077140414548841,0.06,False,100,200
10000,2,False,0.1,log,betweenness,17,43,True,0.023810762152430498,0.03324681436287257,0.007545203480979325,0.01700890178035607,0.056152730546109225,-1.250602748385694,0.2,False,100,200
10000,2,False,0.1,log,betweenness,18,59,True,0.02222044408881777,0.024846574314862972,0.006276237233132469,0.012435987197439487,0.04436337267453491,-0.41842430878516945,0.76,False,100,200
10000,2,False,0.1,log,betweenness,19,73,True,0.020997199439887985,0.022083311662332464,0.005859801120518647,0.00966743348669734,0.03790608121624325,-0.1853496731555174,0.88,False,100,200
10000,2,False,0.1,log,betweenness,20,61,True,0.019399879975995193,0.023983756751350272,0.006527962985988325,0.012952090418083618,0.042241948389677944,-0.7021909874786287,0.52,False,100,200
