N,anchor,hub_edges,hub_cost,weighting,metric,rank,node,is_prime,observed,null_mean,null_sd,null_min,null_max,z,p_empirical,null_degenerate,n_null_samples,pivots
31623,2,True,0.1,padic,degree,1,2,True,19210.0,19210.0,0.0,19210.0,19210.0,0.0,1.0,True,100,
31623,2,True,0.1,padic,degree,2,3,True,10541.0,10541.0,0.0,10541.0,10541.0,0.0,1.0,True,100,
31623,2,True,0.1,padic,degree,3,5,True,6324.0,6324.0,0.0,6324.0,6324.0,0.0,1.0,True,100,
31623,2,True,0.1,padic,degree,4,7,True,4517.0,4517.0,0.0,4517.0,4517.0,0.0,1.0,True,100,
31623,2,True,0.1,padic,degree,5,11,True,2874.0,2874.0,0.0,2874.0,2874.0,0.0,1.0,True,100,
31623,2,True,0.1,padic,degree,6,13,True,2432.0,2432.0,0.0,2432.0,2432.0,0.0,1.0,True,100,
31623,2,True,0.1,padic,degree,7,17,True,1860.0,1860.0,0.0,1860.0,1860.0,0.0,1.0,True,100,
31623,2,True,0.1,padic,degree,8,19,True,1664.0,1664.0,0.0,1664.0,1664.0,0.0,1.0,True,100,
31623,2,True,0.1,padic,degree,9,23,True,1374.0,1374.0,0.0,1374.0,1374.0,0.0,1.0,True,100,
31623,2,True,0.1,padic,degree,10,29,True,1090.0,1090.0,0.0,1090.0,1090.0,0.0,1.0,True,100,
31623,2,True,0.1,padic,degree,11,31,True,1020.0,1020.0,0.0,1020.0,1020.0,0.0,1.0,True,100,
31623,2,True,0.1,padic,degree,12,37,True,854.0,854.0,0.0,854.0,854.0,0.0,1.0,True,100,
31623,2,True,0.1,padic,degree,13,41,True,771.0,771.0,0.0,771.0,771.0,0.0,1.0,True,100,
31623,2,True,0.1,padic,degree,14,43,True,735.0,735.0,0.0,735.0,735.0,0.0,1.0,True,100,
31623,2,True,0.1,padic,degree,15,47,True,672.0,672.0,0.0,672.0,672.0,0.0,1.0,True,100,
31623,2,True,0.1,padic,degree,16,53,True,596.0,596.0,0.0,596.0,596.0,0.0,1.0,True,100,
31623,2,True,0.1,padic,degree,17,59,True,535.0,535.0,0.0,535.0,535.0,0.0,1.0,True,100,
31623,2,True,0.1,padic,degree,18,61,True,518.0,518.0,0.0,518.0,518.0,0.0,1.0,True,100,
31623,2,True,0.1,padic,degree,19,67,True,471.0,471.0,0.0,471.0,471.0,0.0,1.0,True,100,
31623,2,True,0.1,padic,degree,20,71,True,445.0,445.0,0.0,445.0,445.0,0.0,1.0,True,100,
31623,2,True,0.1,padic,degree_weighted,1,2,True,81422.0,81422.0,0.0,81422.0,81422.0,0.0,1.0,True,100,
31623,2,True,0.1,padic,degree_weighted,2,3,True,26356.0,26356.0,0.0,26356.0,26356.0,0.0,1.0,True,100,
31623,2,True,0.1,padic,degree_weighted,3,5,True,14234.0,14234.0,0.0,14234.0,14234.0,0.0,1.0,True,100,
31623,2,True,0.1,padic,degree_weighted,4,7,True,9793.0,9793.0,0.0,9793.0,9793.0,0.0,1.0,True,100,
31623,2,True,0.1,padic,degree_weighted,5,11,True,6042.0,6042.0,0.0,6042.0,6042.0,0.0,1.0,True,100,
31623,2,True,0.1,padic,degree_weighted,6,13,True,5074.0,5074.0,0.0,5074.0,5074.0,0.0,1.0,True,100,
31623,2,True,0.1,padic,degree_weighted,7,17,True,3843.0,3843.0,0.0,3843.0,3843.0,0.0,1.0,True,100,
31623,2,True,0.1,padic,degree_weighted,8,19,True,3427.0,3427.0,0.0,3427.0,3427.0,0.0,1.0,True,100,
31623,2,True,0.1,padic,degree_weighted,9,23,True,2817.0,2817.0,0.0,2817.0,2817.0,0.0,1.0,True,100,
31623,2,True,0.1,padic,degree_weighted,10,29,True,2226.0,2226.0,0.0,2226.0,2226.0,0.0,1.0,True,100,
31623,2,True,0.1,padic,degree_weighted,11,31,True,2081.0,2081.0,0.0,2081.0,2081.0,0.0,1.0,True,100,
31623,2,True,0.1,padic,degree_weighted,12,37,True,1739.0,1739.0,0.0,1739.0,1739.0,0.0,1.0,True,100,
31623,2,True,0.1,padic,degree_weighted,13,41,True,1568.0,1568.0,0.0,1568.0,1568.0,0.0,1.0,True,100,
31623,2,True,0.1,padic,degree_weighted,14,43,True,1495.0,1495.0,0.0,1495.0,1495.0,0.0,1.0,True,100,
31623,2,True,0.1,padic,degree_weighted,15,47,True,1366.0,1366.0,0.0,1366.0,1366.0,0.0,1.0,True,100,
31623,2,True,0.1,padic,degree_weighted,16,53,True,1211.0,1211.0,0.0,1211.0,1211.0,0.0,1.0,True,100,
31623,2,True,0.1,padic,degree_weighted,17,59,True,1087.0,1087.0,0.0,1087.0,1087.0,0.0,1.0,True,100,
31623,2,True,0.1,padic,degree_weighted,18,61,True,1052.0,1052.0,0.0,1052.0,1052.0,0.0,1.0,True,100,
31623,2,True,0.1,padic,degree_weighted,19,67,True,957.0,957.0,0.0,957.0,957.0,0.0,1.0,True,100,
31623,2,True,0.1,padic,degree_weighted,20,71,True,904.0,904.0,0.0,904.0,904.0,0.0,1.0,True,100,
31623,2,True,0.1,padic,eigenvector,1,2,True,0.7001952624458917,0.7005191871152273,5.820399930205455e-05,0.7003661335962597,0.7006554808320427,-5.565333537550411,0.0,False,100,
31623,2,True,0.1,padic,eigenvector,2,3,True,0.0760949139420816,0.07539552553714028,0.000588869395945801,0.0737325019626403,0.07734945029620165,1.1876800012980857,0.22,False,100,
31623,2,True,0.1,padic,eigenvector,3,5,True,0.04374235738458106,0.04231238897976858,0.00035230723559680964,0.04157780183193974,0.04306732534711845,4.058867546078335,0.0,False,100,
31623,2,True,0.1,padic,eigenvector,4,7,True,0.03268497863053343,0.03143269679572784,0.00036778918865287906,0.030662883583513316,0.03235281612112621,3.4048902834593897,0.0,False,100,
31623,2,True,0.1,padic,eigenvector,5,11,True,0.023638199339706973,0.022813665061344447,0.00029280219820206136,0.022081462235419538,0.02347535869808834,2.816011230194119,0.0,False,100,
31623,2,True,0.1,padic,eigenvector,6,13,True,0.021352562427990614,0.020562409224838686,0.00024856618167648444,0.01977930662622185,0.021172136600106136,3.178844353735671,0.0,False,100,
31623,2,True,0.1,padic,eigenvector,7,17,True,0.018458470455834916,0.017861337198983293,0.00020228318967521213,0.01745706816087581,0.01847483634013487,2.951966783845901,0.02,False,100,
31623,2,True,0.1,padic,eigenvector,8,19,True,0.017493157739724118,0.016907515778171893,0.0002325505169209413,0.016323390033121554,0.017583307309622348,2.518342979006656,0.02,False,100,
31623,2,True,0.1,padic,eigenvector,9,23,True,0.016063826742150518,0.01563649014374121,0.00016286918216782615,0.01527214352229384,0.016106107435417308,2.6238026907322824,0.02,False,100,
31623,2,True,0.1,padic,eigenvector,10,29,True,0.014709780793480533,0.014357237767322596,0.0001678825739507575,0.014009679594117523,0.014872046113296991,2.0999381762001508,0.04,False,100,
31623,2,True,0.1,padic,eigenvector,11,16384,False,0.014489072246150836,0.0009173906436888576,0.0013792778469118303,2.6699138199948396e-05,0.005801726509835722,9.83970099487108,0.0,False,100,
31623,2,True,0.1,padic,eigenvector,12,31,True,0.014364844566828816,0.014027041524988319,0.00012794718365319354,0.013763751780018043,0.014354268446187281,2.6401756740197517,0.0,False,100,
31623,2,True,0.1,padic,eigenvector,13,24576,False,0.013733084047000773,0.0016686594224512188,0.0017508511952484744,5.344741871254035e-05,0.006801913102448532,6.89060535657767,0.0,False,100,
31623,2,True,0.1,padic,eigenvector,14,37,True,0.013579645199953933,0.01331327852477838,0.0001271196772892297,0.01301005213324659,0.01371284063676279,2.09540081327852,0.08,False,100,
31623,2,True,0.1,padic,eigenvector,15,8192,False,0.013523134096407447,0.0009194295665732437,0.0012855643045281532,2.6698706771336437e-05,0.005801031185473797,9.804024960431834,0.0,False,100,
31623,2,True,0.1,padic,eigenvector,16,41,True,0.013195058616974606,0.012970594279900853,0.0001351948379901671,0.012646491633353983,0.013430816456868465,1.6603025707984407,0.1,False,100,
31623,2,True,0.1,padic,eigenvector,17,43,True,0.013016224583656706,0.012779189420545829,0.00012776486929011823,0.012502618413243143,0.013101623180841442,1.8552452205984478,0.08,False,100,
31623,2,True,0.1,padic,eigenvector,18,12288,False,0.012767145897257385,0.0016567920677491646,0.0016641849126917028,5.510166699959291e-05,0.006795358903968032,6.676153439907107,0.0,False,100,
31623,2,True,0.1,padic,eigenvector,19,47,True,0.012733719237156408,0.012521405875229617,0.000136300102779494,0.012245993252957586,0.012845244586161837,1.5576904022609184,0.1,False,100,
31623,2,True,0.1,padic,eigenvector,20,20480,False,0.01267788345777306,0.001364063032053513,0.001619358983694299,5.477798870920819e-05,0.0068302078226173315,6.9866042919704805,0.0,False,100,
31623,2,True,0.1,padic,eigenvector_costweight,1,2,True,0.5148561244625837,0.524382562135202,0.0005199555541244241,0.5232636932958505,0.5256998216124505,-18.321638449771285,0.0,False,100,
31623,2,True,0.1,padic,eigenvector_costweight,2,3,True,0.376954799280287,0.37793589153326096,0.000903041647911927,0.3757954150878694,0.37988028224198556,-1.0864307922481082,0.3,False,100,
31623,2,True,0.1,padic,eigenvector_costweight,3,5,True,0.21537723119933042,0.2064344565309709,0.0014569062857605307,0.20240464900812255,0.21023044556450055,6.138194855608891,0.0,False,100,
31623,2,True,0.1,padic,eigenvector_costweight,4,7,True,0.14545019770018625,0.13647553400341395,0.0013489340731027736,0.13417396514072313,0.14126980647163845,6.653152200484547,0.0,False,100,
31623,2,True,0.1,padic,eigenvector_costweight,5,11,True,0.08686968555972609,0.0801710707033983,0.0009632380848028225,0.07712672630144049,0.08223480961380616,6.954267031186796,0.0,False,100,
31623,2,True,0.1,padic,eigenvector_costweight,6,13,True,0.0721303015652987,0.06612535112420029,0.0009402210183518222,0.06371621526658697,0.06893933579491814,6.386743461260714,0.0,False,100,
31623,2,True,0.1,padic,eigenvector_costweight,7,17,True,0.053932761839029425,0.048968238771370985,0.0007565789079634154,0.04734802557597823,0.05114460476772806,6.561804744229667,0.0,False,100,
31623,2,True,0.1,padic,eigenvector_costweight,8,19,True,0.04784012225500541,0.043302543921035046,0.0008163076911140042,0.04111186702934164,0.045049152382393175,5.558661744051446,0.0,False,100,
31623,2,True,0.1,padic,eigenvector_costweight,9,23,True,0.0391207058770331,0.03546901581078875,0.0007393434720479254,0.033367449638486146,0.037280199046587116,4.9390982734038955,0.0,False,100,
31623,2,True,0.1,padic,eigenvector_costweight,10,29,True,0.03075375852701481,0.027747439122308096,0.0006299602217305232,0.026074088506410693,0.02928391832903882,4.77223688258957,0.0,False,100,
31623,2,True,0.1,padic,eigenvector_costweight,11,31,True,0.028750948743031544,0.026022827133012558,0.0005211937357522623,0.024986859424342284,0.027295556213466205,5.23437144938319,0.0,False,100,
31623,2,True,0.1,padic,eigenvector_costweight,12,37,True,0.023972457112162344,0.0216690688921783,0.00046763520609612047,0.02064386819113643,0.023008159359523165,4.925609085793673,0.0,False,100,
31623,2,True,0.1,padic,eigenvector_costweight,13,41,True,0.02163973895660699,0.019600076098828526,0.00045624799276302403,0.018530706519129567,0.020658840192032346,4.4705136025395324,0.0,False,100,
31623,2,True,0.1,padic,eigenvector_costweight,14,43,True,0.02063267362059879,0.018620156175457123,0.00048149030117250843,0.017636789821943652,0.020186472198524496,4.179767360299572,0.0,False,100,
31623,2,True,0.1,padic,eigenvector_costweight,15,47,True,0.018881577751404005,0.01709536934553422,0.0004690179781093435,0.016158724641352554,0.017990795601215148,3.8084007207360453,0.0,False,100,
31623,2,True,0.1,padic,eigenvector_costweight,16,53,True,0.01675948946116677,0.01517637685376487,0.00043424557642638247,0.01417589886636858,0.016303347504579752,3.6456620247697384,0.0,False,100,
31623,2,True,0.1,padic,eigenvector_costweight,17,59,True,0.015087640272128826,0.013676621711563803,0.0003618527340854699,0.012772310344902338,0.014460820391292923,3.89942766117594,0.0,False,100,
31623,2,True,0.1,padic,eigenvector_costweight,18,61,True,0.014616768670432885,0.013229132549970522,0.0003693692731602205,0.01233394691366764,0.014282679633083935,3.7567719387975456,0.0,False,100,
31623,2,True,0.1,padic,eigenvector_costweight,19,67,True,0.01333716075753972,0.01202736973038494,0.00040741736589002616,0.011001754931632956,0.012951827548830749,3.2148630294476215,0.0,False,100,
31623,2,True,0.1,padic,eigenvector_costweight,20,71,True,0.01261744869977814,0.01139708054763464,0.0003791927972817878,0.010456732129586454,0.013002330865851461,3.218331574047856,0.02,False,100,
31623,2,True,0.1,padic,pagerank,1,2,True,0.16566015164431863,0.16500880919410402,5.0378933978277785e-05,0.16488855449012252,0.16512095812693478,12.928865277207878,0.0,False,100,
31623,2,True,0.1,padic,pagerank,2,3,True,0.05688996908573628,0.05798547381031028,5.207694146991416e-05,0.05785421679058779,0.05811798712920164,-21.036272362632552,0.0,False,100,
31623,2,True,0.1,padic,pagerank,3,5,True,0.030902746865814155,0.03167953724413985,3.8647129618296156e-05,0.03158637838250284,0.03177288745100643,-20.099562011403513,0.0,False,100,
31623,2,True,0.1,padic,pagerank,4,7,True,0.021319332553043743,0.021887002932196233,3.969337791525781e-05,0.02178305630296068,0.02198541594245613,-14.301387510138603,0.0,False,100,
31623,2,True,0.1,padic,pagerank,5,11,True,0.013199598585021064,0.013551630842426908,2.949515841367992e-05,0.013481337804270755,0.013634017017855743,-11.935255694119961,0.0,False,100,
31623,2,True,0.1,padic,pagerank,6,13,True,0.011099307749656166,0.011391182533497276,2.7722763934536808e-05,0.011320450150525995,0.011450174723068645,-10.528343585449429,0.0,False,100,
31623,2,True,0.1,padic,pagerank,7,17,True,0.008424544599004973,0.00863894543066441,2.2612079118838617e-05,0.008594991521014068,0.00870197443451337,-9.481694740790719,0.0,False,100,
31623,2,True,0.1,padic,pagerank,8,19,True,0.007522143183518133,0.0077126310745783,2.6823107040594613e-05,0.007654237381222227,0.007790618304342132,-7.101634078851488,0.0,False,100,
31623,2,True,0.1,padic,pagerank,9,23,True,0.006194642861649488,0.006338730630539099,1.919395736487339e-05,0.006298320324240972,0.0064038908569922365,-7.506933882916114,0.0,False,100,
31623,2,True,0.1,padic,pagerank,10,29,True,0.004905092469557858,0.005013029310302192,1.956221576384257e-05,0.0049574981079622184,0.005067632559099054,-5.5176183540433,0.0,False,100,
31623,2,True,0.1,padic,pagerank,11,31,True,0.004590164552022706,0.004688446453396586,1.8230120659102247e-05,0.0046398914662511784,0.004729962325034165,-5.391182165588464,0.0,False,100,
31623,2,True,0.1,padic,pagerank,12,37,True,0.003842892825683741,0.003919099556979041,1.6459652497629847e-05,0.0038851180889126528,0.003957942235075906,-4.62991131229977,0.0,False,100,
31623,2,True,0.1,padic,pagerank,13,41,True,0.0034692603430711176,0.0035322776448340337,1.6617887727924133e-05,0.0034982937418818845,0.003569549816215,-3.7921366899732063,0.0,False,100,
31623,2,True,0.1,padic,pagerank,14,43,True,0.0033097424312272423,0.0033709711891069375,1.4499476274117761e-05,0.0033327364762938787,0.0034056975072781505,-4.2228254815653345,0.0,False,100,
31623,2,True,0.1,padic,pagerank,15,47,True,0.0030268870529046904,0.0030770810421404757,1.469450097183341e-05,0.0030337032045840073,0.0031109431220221577,-3.4158348985105795,0.0,False,100,
31623,2,True,0.1,padic,pagerank,16,53,True,0.0026875412456235596,0.0027276439466423935,1.2232127275204933e-05,0.00270072869223042,0.002755848871365352,-3.278473164690084,0.0,False,100,
31623,2,True,0.1,padic,pagerank,17,59,True,0.00241593263939111,0.0024524552842414993,1.3634716421737212e-05,0.002421588011114076,0.0024800741361573997,-2.6786508586392777,0.0,False,100,
31623,2,True,0.1,padic,pagerank,18,61,True,0.002339102858695335,0.002371107798687033,1.1726570424744741e-05,0.002341118666891055,0.0023932566847152527,-2.7292668557350033,0.0,False,100,
31623,2,True,0.1,padic,pagerank,19,67,True,0.00213295645807444,0.002157092868659543,1.25028975656964e-05,0.002122918612840109,0.0021817254472627895,-1.9304653547929542,0.08,False,100,
31623,2,True,0.1,padic,pagerank,20,71,True,0.002014948420368853,0.0020399948483270872,1.2720213994846952e-05,0.0020138691900870977,0.0020750631021055352,-1.9690256758558302,0.04,False,100,
31623,2,False,0.1,padic,degree,1,2,True,15810.0,15810.0,0.0,15810.0,15810.0,0.0,1.0,True,100,
31623,2,False,0.1,padic,degree,2,3,True,10540.0,10540.0,0.0,10540.0,10540.0,0.0,1.0,True,100,
31623,2,False,0.1,padic,degree,3,5,True,6323.0,6323.0,0.0,6323.0,6323.0,0.0,1.0,True,100,
31623,2,False,0.1,padic,degree,4,7,True,4516.0,4516.0,0.0,4516.0,4516.0,0.0,1.0,True,100,
31623,2,False,0.1,padic,degree,5,11,True,2873.0,2873.0,0.0,2873.0,2873.0,0.0,1.0,True,100,
31623,2,False,0.1,padic,degree,6,13,True,2431.0,2431.0,0.0,2431.0,2431.0,0.0,1.0,True,100,
31623,2,False,0.1,padic,degree,7,17,True,1859.0,1859.0,0.0,1859.0,1859.0,0.0,1.0,True,100,
31623,2,False,0.1,padic,degree,8,19,True,1663.0,1663.0,0.0,1663.0,1663.0,0.0,1.0,True,100,
31623,2,False,0.1,padic,degree,9,23,True,1373.0,1373.0,0.0,1373.0,1373.0,0.0,1.0,True,100,
31623,2,False,0.1,padic,degree,10,29,True,1089.0,1089.0,0.0,1089.0,1089.0,0.0,1.0,True,100,
31623,2,False,0.1,padic,degree,11,31,True,1019.0,1019.0,0.0,1019.0,1019.0,0.0,1.0,True,100,
31623,2,False,0.1,padic,degree,12,37,True,853.0,853.0,0.0,853.0,853.0,0.0,1.0,True,100,
31623,2,False,0.1,padic,degree,13,41,True,770.0,770.0,0.0,770.0,770.0,0.0,1.0,True,100,
31623,2,False,0.1,padic,degree,14,43,True,734.0,734.0,0.0,734.0,734.0,0.0,1.0,True,100,
31623,2,False,0.1,padic,degree,15,47,True,671.0,671.0,0.0,671.0,671.0,0.0,1.0,True,100,
31623,2,False,0.1,padic,degree,16,53,True,595.0,595.0,0.0,595.0,595.0,0.0,1.0,True,100,
31623,2,False,0.1,padic,degree,17,59,True,534.0,534.0,0.0,534.0,534.0,0.0,1.0,True,100,
31623,2,False,0.1,padic,degree,18,61,True,517.0,517.0,0.0,517.0,517.0,0.0,1.0,True,100,
31623,2,False,0.1,padic,degree,19,67,True,470.0,470.0,0.0,470.0,470.0,0.0,1.0,True,100,
31623,2,False,0.1,padic,degree,20,71,True,444.0,444.0,0.0,444.0,444.0,0.0,1.0,True,100,
31623,2,False,0.1,padic,degree_weighted,1,2,True,47422.0,47422.0,0.0,47422.0,47422.0,0.0,1.0,True,100,
31623,2,False,0.1,padic,degree_weighted,2,3,True,26346.0,26346.0,0.0,26346.0,26346.0,0.0,1.0,True,100,
31623,2,False,0.1,padic,degree_weighted,3,5,True,14224.0,14224.0,0.0,14224.0,14224.0,0.0,1.0,True,100,
31623,2,False,0.1,padic,degree_weighted,4,7,True,9783.0,9783.0,0.0,9783.0,9783.0,0.0,1.0,True,100,
31623,2,False,0.1,padic,degree_weighted,5,11,True,6032.0,6032.0,0.0,6032.0,6032.0,0.0,1.0,True,100,
31623,2,False,0.1,padic,degree_weighted,6,13,True,5064.0,5064.0,0.0,5064.0,5064.0,0.0,1.0,True,100,
31623,2,False,0.1,padic,degree_weighted,7,17,True,3833.0,3833.0,0.0,3833.0,3833.0,0.0,1.0,True,100,
31623,2,False,0.1,padic,degree_weighted,8,19,True,3417.0,3417.0,0.0,3417.0,3417.0,0.0,1.0,True,100,
31623,2,False,0.1,padic,degree_weighted,9,23,True,2807.0,2807.0,0.0,2807.0,2807.0,0.0,1.0,True,100,
31623,2,False,0.1,padic,degree_weighted,10,29,True,2216.0,2216.0,0.0,2216.0,2216.0,0.0,1.0,True,100,
31623,2,False,0.1,padic,degree_weighted,11,31,True,2071.0,2071.0,0.0,2071.0,2071.0,0.0,1.0,True,100,
31623,2,False,0.1,padic,degree_weighted,12,37,True,1729.0,1729.0,0.0,1729.0,1729.0,0.0,1.0,True,100,
31623,2,False,0.1,padic,degree_weighted,13,41,True,1558.0,1558.0,0.0,1558.0,1558.0,0.0,1.0,True,100,
31623,2,False,0.1,padic,degree_weighted,14,43,True,1485.0,1485.0,0.0,1485.0,1485.0,0.0,1.0,True,100,
31623,2,False,0.1,padic,degree_weighted,15,47,True,1356.0,1356.0,0.0,1356.0,1356.0,0.0,1.0,True,100,
31623,2,False,0.1,padic,degree_weighted,16,53,True,1201.0,1201.0,0.0,1201.0,1201.0,0.0,1.0,True,100,
31623,2,False,0.1,padic,degree_weighted,17,59,True,1077.0,1077.0,0.0,1077.0,1077.0,0.0,1.0,True,100,
31623,2,False,0.1,padic,degree_weighted,18,61,True,1042.0,1042.0,0.0,1042.0,1042.0,0.0,1.0,True,100,
31623,2,False,0.1,padic,degree_weighted,19,67,True,947.0,947.0,0.0,947.0,947.0,0.0,1.0,True,100,
31623,2,False,0.1,padic,degree_weighted,20,71,True,894.0,894.0,0.0,894.0,894.0,0.0,1.0,True,100,
31623,2,False,0.1,padic,eigenvector,1,2,True,0.6505766396542795,0.6531692188426327,0.0004941658723317795,0.6518110354614443,0.6542661876143219,-5.246374412947248,0.0,False,100,
31623,2,False,0.1,padic,eigenvector,2,3,True,0.23301623179308978,0.23112518357254896,0.0015154197544283493,0.22668729444498759,0.2360756310668493,1.2478709050840537,0.22,False,100,
31623,2,False,0.1,padic,eigenvector,3,5,True,0.10758061657563951,0.10261700702093252,0.0009883474106367667,0.10046115274912115,0.10506011381315151,5.022130377727272,0.0,False,100,
31623,2,False,0.1,padic,eigenvector,4,7,True,0.07037180702900764,0.06604322317902964,0.001013215164327734,0.06397832120819812,0.06878489589617028,4.272126989779122,0.0,False,100,
31623,2,False,0.1,padic,eigenvector,5,11,True,0.04165245177225979,0.0387909325869167,0.0007826776184696868,0.03694581419342314,0.040737342953701,3.6560636433401665,0.0,False,100,
31623,2,False,0.1,padic,eigenvector,6,13,True,0.03462374137172392,0.03193359589124556,0.0006624615501905797,0.029885490365750625,0.033666433271674276,4.0608326320289,0.0,False,100,
31623,2,False,0.1,padic,eigenvector,7,17,True,0.02585062012182008,0.023791144406010233,0.0005301293356457492,0.02276286442646672,0.02515275091036421,3.8848552180218405,0.0,False,100,
31623,2,False,0.1,padic,eigenvector,8,19,True,0.022950572650437633,0.020975694629795504,0.0006068513848104538,0.019235669391542726,0.02266070285724527,3.254302569086115,0.0,False,100,
31623,2,False,0.1,padic,eigenvector,9,16384,False,0.022099883330435666,0.0015602416589557302,0.0020744574535929454,0.0,0.008902866693677892,9.901211343672257,0.0,False,100,
31623,2,False,0.1,padic,eigenvector,10,24576,False,0.021681956165330397,0.0029221152573849383,0.0026400120420614448,2.975167102363086e-07,0.01041196914677921,7.105967930849626,0.0,False,100,
31623,2,False,0.1,padic,eigenvector,11,8192,False,0.020626557775073284,0.0015865480093857456,0.0019105862224648997,5.842113112577154e-09,0.00889764369431783,9.965532851547259,0.0,False,100,
31623,2,False,0.1,padic,eigenvector,12,12288,False,0.020208630609968015,0.0028641667451531263,0.0026100919930805264,7.960107711802836e-06,0.012034643065789108,6.645154236247556,0.0,False,100,
31623,2,False,0.1,padic,eigenvector,13,20480,False,0.01964049616987906,0.0024621595115686744,0.002452949933853159,6.57744709017988e-06,0.01056296232657978,7.003133827247013,0.0,False,100,
31623,2,False,0.1,padic,eigenvector,14,28672,False,0.019471966632701697,0.002589463828343561,0.002719954441234176,8.074652183491146e-07,0.014853246330563605,6.206906464469208,0.0,False,100,
31623,2,False,0.1,padic,eigenvector,15,18432,False,0.019263004249734195,0.0031433770763507852,0.002965388221779091,2.4637018099364406e-06,0.01944939857567498,5.435924731538998,0.02,False,100,
31623,2,False,0.1,padic,eigenvector,16,30720,False,0.019222569004773794,0.003272355877565891,0.0024272844203294167,2.2301263003033504e-05,0.012329649942613144,6.571217197959534,0.0,False,100,
31623,2,False,0.1,padic,eigenvector,17,4096,False,0.019153232219710912,0.0020825894783565264,0.0029842445492511095,7.378443209535592e-08,0.011877095410354775,5.720255984261823,0.0,False,100,
31623,2,False,0.1,padic,eigenvector,18,6144,False,0.01873530505460564,0.0028664517113109137,0.002773259355002264,1.3603823298485389e-06,0.013321886132107547,5.722094947474458,0.0,False,100,
31623,2,False,0.1,padic,eigenvector,19,23,True,0.018696975988442412,0.017211568803236477,0.0004203599957674533,0.016200031426544494,0.01839454794744796,3.533654962799263,0.0,False,100,
31623,2,False,0.1,padic,eigenvector,20,27648,False,0.018317377889500372,0.002866292473146835,0.0030252995882979862,2.792629004268473e-06,0.01588961756091782,5.1072910187536875,0.0,False,100,
31623,2,False,0.1,padic,eigenvector_costweight,1,2,True,0.5105122945221744,0.5202239265432231,0.0005336224802406693,0.519061585662868,0.5215520306009405,-18.199443203121238,0.0,False,100,
31623,2,False,0.1,padic,eigenvector_costweight,2,3,True,0.38138823125502086,0.3824732754787972,0.0009000484148068154,0.3803646755242862,0.38437703618829017,-1.2055398419976253,0.28,False,100,
31623,2,False,0.1,padic,eigenvector_costweight,3,5,True,0.217092508212012,0.20798769628279334,0.0014807036880206499,0.20389140112750312,0.21187283256333342,6.148976329889158,0.0,False,100,
31623,2,False,0.1,padic,eigenvector_costweight,4,7,True,0.1461504836319926,0.13699402171931882,0.0013652851821402635,0.13467486853526284,0.1418525726203833,6.706629525063675,0.0,False,100,
31623,2,False,0.1,padic,eigenvector_costweight,5,11,True,0.08684507386131647,0.08000311010788,0.0009771536462378485,0.07691543567834648,0.08208699968753254,7.001932377552675,0.0,False,100,
31623,2,False,0.1,padic,eigenvector_costweight,6,13,True,0.07194446771384387,0.06580777208197744,0.0009535338206487545,0.06336400609889638,0.06865778721811766,6.435739875163753,0.0,False,100,
31623,2,False,0.1,padic,eigenvector_costweight,7,17,True,0.05356138955620039,0.04848331948464791,0.0007648766293380799,0.04684849433756617,0.05068733929276757,6.6390707687682955,0.0,False,100,
31623,2,False,0.1,padic,eigenvector_costweight,8,19,True,0.04740926246128739,0.042766266006375106,0.0008274757282891336,0.04053570557433116,0.044535219679911114,5.611036428237051,0.0,False,100,
31623,2,False,0.1,padic,eigenvector_costweight,9,23,True,0.0386087356487679,0.034865669364234145,0.0007477452101080857,0.032729948520893365,0.03669799668634069,5.005804429014938,0.0,False,100,
31623,2,False,0.1,padic,eigenvector_costweight,10,29,True,0.030166759575006384,0.027080453182711624,0.000636880814640609,0.025376643632532656,0.028635724763534254,4.845971681587493,0.0,False,100,
31623,2,False,0.1,padic,eigenvector_costweight,11,31,True,0.02814662604587455,0.025342182883213375,0.0005273863530564614,0.02429399095694542,0.02661498812950097,5.317625582095649,0.0,False,100,
31623,2,False,0.1,padic,eigenvector_costweight,12,37,True,0.023326924108332644,0.02095471361454502,0.0004736093833132881,0.019916372957830712,0.02230762194728277,5.008791162860956,0.0,False,100,
31623,2,False,0.1,padic,eigenvector_costweight,13,41,True,0.020975038736607894,0.018870382431538123,0.00046038172367287547,0.017786367161445618,0.019937165920744702,4.571546168859713,0.0,False,100,
31623,2,False,0.1,padic,eigenvector_costweight,14,43,True,0.01995950305127268,0.01788316358708,0.0004863567976973245,0.016888194938283276,0.0194668506549418,4.2691692066877405,0.0,False,100,
31623,2,False,0.1,padic,eigenvector_costweight,15,47,True,0.018194016195558164,0.016347874885421845,0.00047410381852184993,0.015399501754276172,0.017256252812,3.893960010472324,0.0,False,100,
31623,2,False,0.1,padic,eigenvector_costweight,16,53,True,0.0160541616574311,0.014414337922050425,0.00043944757891765837,0.013403817619015209,0.015554427659872819,3.7315571049896086,0.0,False,100,
31623,2,False,0.1,padic,eigenvector_costweight,17,59,True,0.014368911856036524,0.01290474707103989,0.0003649787587387974,0.011987772893644014,0.013694359444535738,4.011643828413817,0.0,False,100,
31623,2,False,0.1,padic,eigenvector_costweight,18,61,True,0.013893988825253986,0.01245321109533886,0.0003735112914256105,0.011544751882255436,0.013522260267654296,3.8573873480932725,0.0,False,100,
31623,2,False,0.1,padic,eigenvector_costweight,19,67,True,0.012604381545612917,0.011242944926372673,0.0004115569499579572,0.010204946693334504,0.012177679106585789,3.3080151346717015,0.0,False,100,
31623,2,False,0.1,padic,eigenvector_costweight,20,71,True,0.011878812728575867,0.010608475680731484,0.00038319322460689264,0.009652100150418258,0.012223810952202607,3.3151344185367173,0.02,False,100,
31623,2,False,0.1,padic,pagerank,1,2,True,0.11716028899127494,0.11603946534993376,6.341373645185108e-05,0.11588974491328796,0.11619051327673148,17.674776855203966,0.0,False,100,
31623,2,False,0.1,padic,pagerank,2,3,True,0.06470542996943054,0.06553125640916672,6.283831798009782e-05,0.0653962232308677,0.06570035207143825,-13.142083783938387,0.0,False,100,
31623,2,False,0.1,padic,pagerank,3,5,True,0.0347196814508366,0.03574691742233448,3.9529374251565353e-05,0.035644826265210754,0.03584633211570816,-25.986648940115497,0.0,False,100,
31623,2,False,0.1,padic,pagerank,4,7,True,0.02382642258826408,0.02468276262366325,4.6969650731452e-05,0.024555789028894267,0.02478472341749166,-18.23177354022239,0.0,False,100,
31623,2,False,0.1,padic,pagerank,5,11,True,0.014678402123403968,0.015271698699363859,3.3679105635568707e-05,0.015202767841714171,0.015361192420880706,-17.61616185357676,0.0,False,100,
31623,2,False,0.1,padic,pagerank,6,13,True,0.012324680071542977,0.012831656165903357,3.331687155219059e-05,0.012728595958696572,0.01290941631121305,-15.216797698613535,0.0,False,100,
31623,2,False,0.1,padic,pagerank,7,17,True,0.009334612043250362,0.00972736571143478,2.7244104733628703e-05,0.00967532211178392,0.009814751419226575,-14.416097428212563,0.0,False,100,
31623,2,False,0.1,padic,pagerank,8,19,True,0.008329092835721473,0.008680591868196167,3.2382836600309254e-05,0.008607743658319135,0.00877422139376906,-10.854485566324126,0.0,False,100,
31623,2,False,0.1,padic,pagerank,9,23,True,0.006850015878677641,0.007129412795445577,2.3940537775150018e-05,0.007065041615249236,0.007217436852505377,-11.670452827419146,0.0,False,100,
31623,2,False,0.1,padic,pagerank,10,29,True,0.005416184431371435,0.005632541140593032,2.1272948520131724e-05,0.005567442211037882,0.005698990509519854,-10.170508757488252,0.0,False,100,
31623,2,False,0.1,padic,pagerank,11,31,True,0.005066269306922093,0.00526894183975525,1.9759867087471012e-05,0.005217577247750951,0.005314142561038839,-10.256776117773704,0.0,False,100,
31623,2,False,0.1,padic,pagerank,12,37,True,0.004236578371254887,0.004401836406105192,1.9505080416556088e-05,0.004364427991323852,0.004446258168502679,-8.472563625527732,0.0,False,100,
31623,2,False,0.1,padic,pagerank,13,41,True,0.003822244263331034,0.00396426732890164,1.8294231256453092e-05,0.003920101420883383,0.004010693029584487,-7.763270485635086,0.0,False,100,
31623,2,False,0.1,padic,pagerank,14,43,True,0.003645184786490804,0.0037821422631395558,1.6893595493917468e-05,0.003739976574700636,0.0038175520145331747,-8.107064993835282,0.0,False,100,
31623,2,False,0.1,padic,pagerank,15,47,True,0.0033316771718867734,0.0034523930854477485,1.6312307754109085e-05,0.0033948724797379258,0.0034935161411758023,-7.400296474333418,0.0,False,100,
31623,2,False,0.1,padic,pagerank,16,53,True,0.002955488742362001,0.0030578361547981842,1.4601584543571536e-05,0.0030254831622300296,0.003101678326313696,-7.009336016291671,0.0,False,100,
31623,2,False,0.1,padic,pagerank,17,59,True,0.002654465804024641,0.0027471532698440776,1.475552105049313e-05,0.0027142900377961484,0.002780547506379484,-6.281544752114375,0.0,False,100,
31623,2,False,0.1,padic,pagerank,18,61,True,0.002569549298949194,0.0026552955830716767,1.3622013004551616e-05,0.002625778078481411,0.0026942265993300466,-6.294685234394602,0.0,False,100,
31623,2,False,0.1,padic,pagerank,19,67,True,0.0023410000590603783,0.0024138839962983463,1.4772240006352308e-05,0.002379548062008832,0.0024531866700938246,-4.933844644185759,0.0,False,100,
31623,2,False,0.1,padic,pagerank,20,71,True,0.002210387113127548,0.0022812875534035516,1.4259514840455517e-05,0.0022504903092337453,0.002315623121296996,-4.972149548514374,0.0,False,100,
31623,2,True,0.1,uniform,degree,1,2,True,19210.0,19210.0,0.0,19210.0,19210.0,0.0,1.0,True,100,
31623,2,True,0.1,uniform,degree,2,3,True,10541.0,10541.0,0.0,10541.0,10541.0,0.0,1.0,True,100,
31623,2,True,0.1,uniform,degree,3,5,True,6324.0,6324.0,0.0,6324.0,6324.0,0.0,1.0,True,100,
31623,2,True,0.1,uniform,degree,4,7,True,4517.0,4517.0,0.0,4517.0,4517.0,0.0,1.0,True,100,
31623,2,True,0.1,uniform,degree,5,11,True,2874.0,2874.0,0.0,2874.0,2874.0,0.0,1.0,True,100,
31623,2,True,0.1,uniform,degree,6,13,True,2432.0,2432.0,0.0,2432.0,2432.0,0.0,1.0,True,100,
31623,2,True,0.1,uniform,degree,7,17,True,1860.0,1860.0,0.0,1860.0,1860.0,0.0,1.0,True,100,
31623,2,True,0.1,uniform,degree,8,19,True,1664.0,1664.0,0.0,1664.0,1664.0,0.0,1.0,True,100,
31623,2,True,0.1,uniform,degree,9,23,True,1374.0,1374.0,0.0,1374.0,1374.0,0.0,1.0,True,100,
31623,2,True,0.1,uniform,degree,10,29,True,1090.0,1090.0,0.0,1090.0,1090.0,0.0,1.0,True,100,
31623,2,True,0.1,uniform,degree,11,31,True,1020.0,1020.0,0.0,1020.0,1020.0,0.0,1.0,True,100,
31623,2,True,0.1,uniform,degree,12,37,True,854.0,854.0,0.0,854.0,854.0,0.0,1.0,True,100,
31623,2,True,0.1,uniform,degree,13,41,True,771.0,771.0,0.0,771.0,771.0,0.0,1.0,True,100,
31623,2,True,0.1,uniform,degree,14,43,True,735.0,735.0,0.0,735.0,735.0,0.0,1.0,True,100,
31623,2,True,0.1,uniform,degree,15,47,True,672.0,672.0,0.0,672.0,672.0,0.0,1.0,True,100,
31623,2,True,0.1,uniform,degree,16,53,True,596.0,596.0,0.0,596.0,596.0,0.0,1.0,True,100,
31623,2,True,0.1,uniform,degree,17,59,True,535.0,535.0,0.0,535.0,535.0,0.0,1.0,True,100,
31623,2,True,0.1,uniform,degree,18,61,True,518.0,518.0,0.0,518.0,518.0,0.0,1.0,True,100,
31623,2,True,0.1,uniform,degree,19,67,True,471.0,471.0,0.0,471.0,471.0,0.0,1.0,True,100,
31623,2,True,0.1,uniform,degree,20,71,True,445.0,445.0,0.0,445.0,445.0,0.0,1.0,True,100,
31623,2,True,0.1,uniform,degree_weighted,1,2,True,49810.0,49810.0,0.0,49810.0,49810.0,0.0,1.0,True,100,
31623,2,True,0.1,uniform,degree_weighted,2,3,True,10550.0,10550.0,0.0,10550.0,10550.0,0.0,1.0,True,100,
31623,2,True,0.1,uniform,degree_weighted,3,5,True,6333.0,6333.0,0.0,6333.0,6333.0,0.0,1.0,True,100,
31623,2,True,0.1,uniform,degree_weighted,4,7,True,4526.0,4526.0,0.0,4526.0,4526.0,0.0,1.0,True,100,
31623,2,True,0.1,uniform,degree_weighted,5,11,True,2883.0,2883.0,0.0,2883.0,2883.0,0.0,1.0,True,100,
31623,2,True,0.1,uniform,degree_weighted,6,13,True,2441.0,2441.0,0.0,2441.0,2441.0,0.0,1.0,True,100,
31623,2,True,0.1,uniform,degree_weighted,7,17,True,1869.0,1869.0,0.0,1869.0,1869.0,0.0,1.0,True,100,
31623,2,True,0.1,uniform,degree_weighted,8,19,True,1673.0,1673.0,0.0,1673.0,1673.0,0.0,1.0,True,100,
31623,2,True,0.1,uniform,degree_weighted,9,23,True,1383.0,1383.0,0.0,1383.0,1383.0,0.0,1.0,True,100,
31623,2,True,0.1,uniform,degree_weighted,10,29,True,1099.0,1099.0,0.0,1099.0,1099.0,0.0,1.0,True,100,
31623,2,True,0.1,uniform,degree_weighted,11,31,True,1029.0,1029.0,0.0,1029.0,1029.0,0.0,1.0,True,100,
31623,2,True,0.1,uniform,degree_weighted,12,37,True,863.0,863.0,0.0,863.0,863.0,0.0,1.0,True,100,
31623,2,True,0.1,uniform,degree_weighted,13,41,True,780.0,780.0,0.0,780.0,780.0,0.0,1.0,True,100,
31623,2,True,0.1,uniform,degree_weighted,14,43,True,744.0,744.0,0.0,744.0,744.0,0.0,1.0,True,100,
31623,2,True,0.1,uniform,degree_weighted,15,47,True,681.0,681.0,0.0,681.0,681.0,0.0,1.0,True,100,
31623,2,True,0.1,uniform,degree_weighted,16,53,True,605.0,605.0,0.0,605.0,605.0,0.0,1.0,True,100,
31623,2,True,0.1,uniform,degree_weighted,17,59,True,544.0,544.0,0.0,544.0,544.0,0.0,1.0,True,100,
31623,2,True,0.1,uniform,degree_weighted,18,61,True,527.0,527.0,0.0,527.0,527.0,0.0,1.0,True,100,
31623,2,True,0.1,uniform,degree_weighted,19,67,True,480.0,480.0,0.0,480.0,480.0,0.0,1.0,True,100,
31623,2,True,0.1,uniform,degree_weighted,20,71,True,454.0,454.0,0.0,454.0,454.0,0.0,1.0,True,100,
31623,2,True,0.1,uniform,eigenvector,1,2,True,0.7063562751386883,0.7064043702314874,1.8285942567197968e-06,0.7063999601233966,0.7064084464797792,-26.30167552068842,0.0,False,100,
31623,2,True,0.1,uniform,eigenvector,2,3,True,0.02359578102331553,0.023440084234181015,7.094627358944822e-05,0.023277111263835037,0.023707020086936672,2.1945731785082043,0.04,False,100,
31623,2,True,0.1,uniform,eigenvector,3,5,True,0.018861828633741813,0.018562457204353854,6.0144694898482356e-05,0.018412052763546884,0.01867685932265064,4.977520126974871,0.0,False,100,
31623,2,True,0.1,uniform,eigenvector,4,7,True,0.016834266367717468,0.016573094779452846,6.986917754958794e-05,0.016429570154247536,0.016754250968020423,3.7380086244646513,0.0,False,100,
31623,2,True,0.1,uniform,eigenvector,5,11,True,0.014999397755897877,0.014814609388139468,4.888339738851177e-05,0.014666296066786716,0.014923660192177493,3.7801866815796092,0.0,False,100,
31623,2,True,0.1,uniform,eigenvector,6,13,True,0.014507004675858576,0.014334973892094873,4.715833130608229e-05,0.014204488654044563,0.014443880391410388,3.6479404380772062,0.0,False,100,
31623,2,True,0.1,uniform,eigenvector,7,17,True,0.013871261311465655,0.013732981809732345,4.20753767084126e-05,0.013644844251913342,0.01387398274844645,3.2864709136557724,0.02,False,100,
31623,2,True,0.1,uniform,eigenvector,8,19,True,0.013653679625637119,0.013522133460883738,4.1690278750139564e-05,0.013428186708566957,0.013605625931153166,3.1553198658557884,0.0,False,100,
31623,2,True,0.1,uniform,eigenvector,9,23,True,0.013332268553128985,0.013231033459193043,3.472479268066193e-05,0.013152329054536964,0.013326371254229528,2.9153548839565793,0.0,False,100,
31623,2,True,0.1,uniform,eigenvector,10,29,True,0.013018025573806394,0.012933726262447433,3.466484756796036e-05,0.012843897686506038,0.013009239790620361,2.4318385128822095,0.0,False,100,
31623,2,True,0.1,uniform,eigenvector,11,31,True,0.012940710644794028,0.01286420455836857,2.6786794501421624e-05,0.012810378155604863,0.012938587619387884,2.856112045112339,0.0,False,100,
31623,2,True,0.1,uniform,eigenvector,12,37,True,0.012757303048787624,0.012694161062276298,2.6517693123087138e-05,0.012623821498815866,0.01276730693200054,2.3811266771297617,0.06,False,100,
31623,2,True,0.1,uniform,eigenvector,13,41,True,0.012664817366918766,0.012612310509721567,2.7527111626140032e-05,0.012540677099010949,0.012699336641091607,1.907459740430535,0.04,False,100,
31623,2,True,0.1,uniform,eigenvector,14,43,True,0.012625084819344356,0.012569332944991579,2.7359942109816108e-05,0.012510760552043499,0.012645887819263249,2.0377190174235937,0.08,False,100,
31623,2,True,0.1,uniform,eigenvector,15,47,True,0.012556721433988553,0.01250757452185105,2.71290978933809e-05,0.012442397281657705,0.01258691179999999,1.8115940430699196,0.04,False,100,
31623,2,True,0.1,uniform,eigenvector,16,53,True,0.012472938138941599,0.0124307204314681,2.1943669428789403e-05,0.01238152333336108,0.012504304958550027,1.9239128446815428,0.08,False,100,
31623,2,True,0.1,uniform,eigenvector,17,59,True,0.012404843517581242,0.0123656804501942,2.243998084603094e-05,0.012307260748100398,0.012410395200125024,1.7452362217128263,0.04,False,100,
31623,2,True,0.1,uniform,eigenvector,18,61,True,0.012387083581511662,0.012349075735790273,2.000249404300801e-05,0.012307396659659143,0.012399132162288306,1.9001553326135205,0.06,False,100,
31623,2,True,0.1,uniform,eigenvector,19,67,True,0.01233444418485574,0.012301050805658735,2.2748354918582964e-05,0.012245773332068319,0.012361307179203454,1.467946992937255,0.18,False,100,
31623,2,True,0.1,uniform,eigenvector,20,71,True,0.012305888419951396,0.012273327382977324,2.0038672678718866e-05,0.01223091983858457,0.012364045497227708,1.6249098678401102,0.06,False,100,
31623,2,True,0.1,uniform,eigenvector_costweight,1,2,True,0.5585569376462748,0.5657602145331042,0.00038453796122182225,0.5648426663464321,0.5667227753320546,-18.7322907313023,0.0,False,100,
31623,2,True,0.1,uniform,eigenvector_costweight,2,3,True,0.34818042786744824,0.3476510019129487,0.0008868652909045622,0.34554073054527806,0.3506913826375062,0.5969632140632906,0.48,False,100,
31623,2,True,0.1,uniform,eigenvector_costweight,3,5,True,0.18389555904002367,0.17570668166049486,0.0011931146139912338,0.17250320977125602,0.1786628236777396,6.863445710496513,0.0,False,100,
31623,2,True,0.1,uniform,eigenvector_costweight,4,7,True,0.12253183564075737,0.11483670174830717,0.0011831352536747675,0.11251642630702036,0.11836347230719825,6.504018765859143,0.0,False,100,
31623,2,True,0.1,uniform,eigenvector_costweight,5,11,True,0.07289282838382569,0.06740074896120107,0.0008266917063143542,0.06524987180277438,0.06920999819599265,6.643443233645091,0.0,False,100,
31623,2,True,0.1,uniform,eigenvector_costweight,6,13,True,0.060549414217966405,0.05555756544528993,0.0007952431861122253,0.05362106465318519,0.05792534822414611,6.277134919043545,0.0,False,100,
31623,2,True,0.1,uniform,eigenvector_costweight,7,17,True,0.04524476895323331,0.041218766998018366,0.0006351786340751885,0.03986561477156038,0.042811665331315064,6.338377488211234,0.0,False,100,
31623,2,True,0.1,uniform,eigenvector_costweight,8,19,True,0.04014074904956891,0.036422123864418975,0.0006920593635896135,0.03437628386210282,0.03786653578167407,5.373274867436159,0.0,False,100,
31623,2,True,0.1,uniform,eigenvector_costweight,9,23,True,0.0327853220201049,0.029839691846271565,0.0005592401394420041,0.028523540344930834,0.030982374766098875,5.267200914391485,0.0,False,100,
31623,2,True,0.1,uniform,eigenvector_costweight,10,29,True,0.02575276811362669,0.02333057850470789,0.000526132653809727,0.022031791899574146,0.024397328081080256,4.603762171725544,0.0,False,100,
31623,2,True,0.1,uniform,eigenvector_costweight,11,31,True,0.02404922251086833,0.021807258851346833,0.00043239027548866286,0.020862782417348374,0.022916720629470075,5.185046442100823,0.0,False,100,
31623,2,True,0.1,uniform,eigenvector_costweight,12,37,True,0.020027429577859152,0.018160365687133716,0.00038523661341438126,0.017325109084643207,0.019259813196649732,4.846538012515249,0.0,False,100,
31623,2,True,0.1,uniform,eigenvector_costweight,13,41,True,0.01805027565667527,0.01641777859676097,0.0003929269543300309,0.015474781917586035,0.01746392838922643,4.154708761830376,0.0,False,100,
31623,2,True,0.1,uniform,eigenvector_costweight,14,43,True,0.01719484714666756,0.015556647489586128,0.0004139215163944427,0.014694981787695752,0.016941070184641267,3.957754289632828,0.0,False,100,
31623,2,True,0.1,uniform,eigenvector_costweight,15,47,True,0.015720972715161985,0.014271066508600843,0.00040781455857813226,0.013406915397886498,0.01516953254254099,3.555307617306082,0.0,False,100,
31623,2,True,0.1,uniform,eigenvector_costweight,16,53,True,0.013924333313538635,0.012648556199626597,0.00033532330463945825,0.011862073534726432,0.013455015975828858,3.8046180991916607,0.0,False,100,
31623,2,True,0.1,uniform,eigenvector_costweight,17,59,True,0.012494408390923046,0.011328827322829124,0.00032313636041638144,0.010676777987841177,0.01196296024957521,3.607087319396654,0.0,False,100,
31623,2,True,0.1,uniform,eigenvector_costweight,18,61,True,0.012102692432846217,0.010959542275205576,0.00029831685112755274,0.010261300600860772,0.011657245720154369,3.8319999467675414,0.0,False,100,
31623,2,True,0.1,uniform,eigenvector_costweight,19,67,True,0.011009846717371919,0.009961235102990757,0.0003285860575771309,0.008995931411313577,0.010635807255422468,3.191284566707512,0.0,False,100,
31623,2,True,0.1,uniform,eigenvector_costweight,20,71,True,0.010408063035119515,0.009413096404238664,0.00031461093434922456,0.008668861457334009,0.010812025441874195,3.162530358135654,0.02,False,100,
31623,2,True,0.1,uniform,pagerank,1,2,True,0.17813143459080963,0.1779422934027911,5.568592499720881e-05,0.17779865293625072,0.17809828895229865,3.396570821585556,0.0,False,100,
31623,2,True,0.1,uniform,pagerank,2,3,True,0.047900006436072645,0.04930619838082463,4.220652227815558e-05,0.04920382756657416,0.049415743698430936,-33.31693465490242,0.0,False,100,
31623,2,True,0.1,uniform,pagerank,3,5,True,0.02860516665418316,0.029497529508562704,3.816313094125722e-05,0.029409297818481797,0.029577954324483468,-23.38285230719444,0.0,False,100,
31623,2,True,0.1,uniform,pagerank,4,7,True,0.020440352874689323,0.02103907756365066,3.337062325986484e-05,0.02096293059462995,0.02112498659974198,-17.94166936286821,0.0,False,100,
31623,2,True,0.1,uniform,pagerank,5,11,True,0.013046510748885612,0.013378551908530266,2.9414285156445453e-05,0.013316704100043689,0.013452038170599135,-11.28843206213,0.0,False,100,
31623,2,True,0.1,uniform,pagerank,6,13,True,0.01106047246262532,0.011319541153756482,2.3020431484978596e-05,0.01126633498635145,0.011365647836682374,-11.253859046917274,0.0,False,100,
31623,2,True,0.1,uniform,pagerank,7,17,True,0.008485453870972682,0.00866060976180768,2.3180954409564585e-05,0.008598466236254383,0.008724935028164701,-7.556025853824596,0.0,False,100,
31623,2,True,0.1,uniform,pagerank,8,19,True,0.007604419585164516,0.00775346305776649,2.4378209121994826e-05,0.007700189443596015,0.007816552475849428,-6.113799084096829,0.0,False,100,
31623,2,True,0.1,uniform,pagerank,9,23,True,0.006298691621044446,0.006402202278025454,1.871214967876963e-05,0.006357085903561775,0.006449516987231908,-5.531735196541692,0.0,False,100,
31623,2,True,0.1,uniform,pagerank,10,29,True,0.005017801964796269,0.005086208236405676,1.82047651346167e-05,0.0050374485516638005,0.005135437558049804,-3.7576025344775976,0.0,False,100,
31623,2,True,0.1,uniform,pagerank,11,31,True,0.004701640778746838,0.004758780445843647,1.659786470293106e-05,0.004717828392892723,0.004794174693019584,-3.4425914489299645,0.0,False,100,
31623,2,True,0.1,uniform,pagerank,12,37,True,0.003949759090524177,0.00398901076063776,1.5753462165269847e-05,0.00395709462701306,0.004026591699534533,-2.4916218226694093,0.0,False,100,
31623,2,True,0.1,uniform,pagerank,13,41,True,0.0035741051093915637,0.003602597022206015,1.57074171260394e-05,0.00357463844652593,0.003638002498212493,-1.8139145720666079,0.0,False,100,
31623,2,True,0.1,uniform,pagerank,14,43,True,0.0034116656634985876,0.003437103461556793,1.4089018924629997e-05,0.003405086394661555,0.0034751951797779386,-1.8055052799834048,0.06,False,100,
31623,2,True,0.1,uniform,pagerank,15,47,True,0.0031245193683722555,0.0031416894285829287,1.3842195970434215e-05,0.0031040712863004134,0.0031748254728146464,-1.2404144723386612,0.2,False,100,
31623,2,True,0.1,uniform,pagerank,16,53,True,0.0027796695499990947,0.0027893712596888665,1.2175190699362014e-05,0.0027606479046520596,0.0028150843464722513,-0.796842524222758,0.42,False,100,
31623,2,True,0.1,uniform,pagerank,17,59,True,0.002503104132660712,0.0025096646187578696,1.2741686081995105e-05,0.002471761772655731,0.0025388804994024494,-0.5148836704138486,0.58,False,100,
31623,2,True,0.1,uniform,pagerank,18,61,True,0.002425376449318134,0.0024274190158037755,1.1595527715313452e-05,0.0024014043238066744,0.002468804981220291,-0.17615123138761282,0.82,False,100,
31623,2,True,0.1,uniform,pagerank,19,67,True,0.00221226186846081,0.0022108605491691293,1.2408124660375027e-05,0.002177564764087072,0.002234558493336686,0.1129356232337462,0.9,False,100,
31623,2,True,0.1,uniform,pagerank,20,71,True,0.0020928688938476035,0.0020924789602979757,1.1768780677851869e-05,0.002062561724892049,0.0021229334179993934,0.03313287589433131,0.96,False,100,
31623,2,False,0.1,uniform,degree,1,2,True,15810.0,15810.0,0.0,15810.0,15810.0,0.0,1.0,True,100,
31623,2,False,0.1,uniform,degree,2,3,True,10540.0,10540.0,0.0,10540.0,10540.0,0.0,1.0,True,100,
31623,2,False,0.1,uniform,degree,3,5,True,6323.0,6323.0,0.0,6323.0,6323.0,0.0,1.0,True,100,
31623,2,False,0.1,uniform,degree,4,7,True,4516.0,4516.0,0.0,4516.0,4516.0,0.0,1.0,True,100,
31623,2,False,0.1,uniform,degree,5,11,True,2873.0,2873.0,0.0,2873.0,2873.0,0.0,1.0,True,100,
31623,2,False,0.1,uniform,degree,6,13,True,2431.0,2431.0,0.0,2431.0,2431.0,0.0,1.0,True,100,
31623,2,False,0.1,uniform,degree,7,17,True,1859.0,1859.0,0.0,1859.0,1859.0,0.0,1.0,True,100,
31623,2,False,0.1,uniform,degree,8,19,True,1663.0,1663.0,0.0,1663.0,1663.0,0.0,1.0,True,100,
31623,2,False,0.1,uniform,degree,9,23,True,1373.0,1373.0,0.0,1373.0,1373.0,0.0,1.0,True,100,
31623,2,False,0.1,uniform,degree,10,29,True,1089.0,1089.0,0.0,1089.0,1089.0,0.0,1.0,True,100,
31623,2,False,0.1,uniform,degree,11,31,True,1019.0,1019.0,0.0,1019.0,1019.0,0.0,1.0,True,100,
31623,2,False,0.1,uniform,degree,12,37,True,853.0,853.0,0.0,853.0,853.0,0.0,1.0,True,100,
31623,2,False,0.1,uniform,degree,13,41,True,770.0,770.0,0.0,770.0,770.0,0.0,1.0,True,100,
31623,2,False,0.1,uniform,degree,14,43,True,734.0,734.0,0.0,734.0,734.0,0.0,1.0,True,100,
31623,2,False,0.1,uniform,degree,15,47,True,671.0,671.0,0.0,671.0,671.0,0.0,1.0,True,100,
31623,2,False,0.1,uniform,degree,16,53,True,595.0,595.0,0.0,595.0,595.0,0.0,1.0,True,100,
31623,2,False,0.1,uniform,degree,17,59,True,534.0,534.0,0.0,534.0,534.0,0.0,1.0,True,100,
31623,2,False,0.1,uniform,degree,18,61,True,517.0,517.0,0.0,517.0,517.0,0.0,1.0,True,100,
31623,2,False,0.1,uniform,degree,19,67,True,470.0,470.0,0.0,470.0,470.0,0.0,1.0,True,100,
31623,2,False,0.1,uniform,degree,20,71,True,444.0,444.0,0.0,444.0,444.0,0.0,1.0,True,100,
31623,2,False,0.1,uniform,degree_weighted,1,2,True,15810.0,15810.0,0.0,15810.0,15810.0,0.0,1.0,True,100,
31623,2,False,0.1,uniform,degree_weighted,2,3,True,10540.0,10540.0,0.0,10540.0,10540.0,0.0,1.0,True,100,
31623,2,False,0.1,uniform,degree_weighted,3,5,True,6323.0,6323.0,0.0,6323.0,6323.0,0.0,1.0,True,100,
31623,2,False,0.1,uniform,degree_weighted,4,7,True,4516.0,4516.0,0.0,4516.0,4516.0,0.0,1.0,True,100,
31623,2,False,0.1,uniform,degree_weighted,5,11,True,2873.0,2873.0,0.0,2873.0,2873.0,0.0,1.0,True,100,
31623,2,False,0.1,uniform,degree_weighted,6,13,True,2431.0,2431.0,0.0,2431.0,2431.0,0.0,1.0,True,100,
31623,2,False,0.1,uniform,degree_weighted,7,17,True,1859.0,1859.0,0.0,1859.0,1859.0,0.0,1.0,True,100,
31623,2,False,0.1,uniform,degree_weighted,8,19,True,1663.0,1663.0,0.0,1663.0,1663.0,0.0,1.0,True,100,
31623,2,False,0.1,uniform,degree_weighted,9,23,True,1373.0,1373.0,0.0,1373.0,1373.0,0.0,1.0,True,100,
31623,2,False,0.1,uniform,degree_weighted,10,29,True,1089.0,1089.0,0.0,1089.0,1089.0,0.0,1.0,True,100,
31623,2,False,0.1,uniform,degree_weighted,11,31,True,1019.0,1019.0,0.0,1019.0,1019.0,0.0,1.0,True,100,
31623,2,False,0.1,uniform,degree_weighted,12,37,True,853.0,853.0,0.0,853.0,853.0,0.0,1.0,True,100,
31623,2,False,0.1,uniform,degree_weighted,13,41,True,770.0,770.0,0.0,770.0,770.0,0.0,1.0,True,100,
31623,2,False,0.1,uniform,degree_weighted,14,43,True,734.0,734.0,0.0,734.0,734.0,0.0,1.0,True,100,
31623,2,False,0.1,uniform,degree_weighted,15,47,True,671.0,671.0,0.0,671.0,671.0,0.0,1.0,True,100,
31623,2,False,0.1,uniform,degree_weighted,16,53,True,595.0,595.0,0.0,595.0,595.0,0.0,1.0,True,100,
31623,2,False,0.1,uniform,degree_weighted,17,59,True,534.0,534.0,0.0,534.0,534.0,0.0,1.0,True,100,
31623,2,False,0.1,uniform,degree_weighted,18,61,True,517.0,517.0,0.0,517.0,517.0,0.0,1.0,True,100,
31623,2,False,0.1,uniform,degree_weighted,19,67,True,470.0,470.0,0.0,470.0,470.0,0.0,1.0,True,100,
31623,2,False,0.1,uniform,degree_weighted,20,71,True,444.0,444.0,0.0,444.0,444.0,0.0,1.0,True,100,
31623,2,False,0.1,uniform,eigenvector,1,2,True,0.5579618123111502,0.5652142189375566,0.0003865100557777833,0.5642909110500652,0.566180739567182,-18.763823910899447,0.0,False,100,
31623,2,False,0.1,uniform,eigenvector,2,3,True,0.3490856902458666,0.34853855337841994,0.0008873868111584398,0.34642897244607374,0.3515751798319017,0.6165708804401039,0.48,False,100,
31623,2,False,0.1,uniform,eigenvector,3,5,True,0.18406905420044625,0.1758227963142823,0.0011992517959852388,0.17260153704491474,0.17879385535697215,6.876168886108908,0.0,False,100,
31623,2,False,0.1,uniform,eigenvector,4,7,True,0.12248088816229448,0.11473285607906342,0.001188063970523161,0.11240296449483107,0.11827591234568567,6.5215613598813285,0.0,False,100,
31623,2,False,0.1,uniform,eigenvector,5,11,True,0.072687400286346,0.06715591863036947,0.00083005080914772,0.0649952527313891,0.06897371765336302,6.664027786029273,0.0,False,100,
31623,2,False,0.1,uniform,eigenvector,6,13,True,0.06030981069953853,0.05528154139871329,0.0007985967805650921,0.05333884373831245,0.057659738058049755,6.296380630619631,0.0,False,100,
31623,2,False,0.1,uniform,eigenvector,7,17,True,0.04496531663795776,0.04090812363447267,0.0006375936013676589,0.039551226151586474,0.042507947282118506,6.363290024840731,0.0,False,100,
31623,2,False,0.1,uniform,eigenvector,8,19,True,0.039848548144990885,0.03610064309293836,0.0006947030272566592,0.03404613219420342,0.037549929804297215,5.394974406334119,0.0,False,100,
31623,2,False,0.1,uniform,eigenvector,9,23,True,0.03247546771486469,0.029504300404339302,0.0005612696272086524,0.028184643610456566,0.0306493341519064,5.293654184178477,0.0,False,100,
31623,2,False,0.1,uniform,eigenvector,10,29,True,0.02542658197446562,0.022981761084905076,0.0005280195820969145,0.021676358057129426,0.02405140270973685,4.630170873306385,0.0,False,100,
31623,2,False,0.1,uniform,eigenvector,11,31,True,0.023719157679181608,0.021455454929510686,0.0004341008504621172,0.02050786091943419,0.02256970088466428,5.2146931922872755,0.0,False,100,
31623,2,False,0.1,uniform,eigenvector,12,37,True,0.019688304631904806,0.017801497472907237,0.00038663659433460366,0.01696261588661235,0.018904585817113392,4.88005322477231,0.0,False,100,
31623,2,False,0.1,uniform,eigenvector,13,41,True,0.01770683598146993,0.01605569232156248,0.00039419923675119983,0.015110705001210901,0.017103694070665906,4.188601869235902,0.0,False,100,
31623,2,False,0.1,uniform,eigenvector,14,43,True,0.016849544520867555,0.015192865861307263,0.0004154134320027092,0.014328123444397265,0.016582791919994667,3.988023814187795,0.0,False,100,
31623,2,False,0.1,uniform,eigenvector,15,47,True,0.015372410031569346,0.013905051034461591,0.00040915830894385006,0.013037485613486248,0.014806250923243466,3.5862866891189893,0.0,False,100,
31623,2,False,0.1,uniform,eigenvector,16,53,True,0.013571837220834123,0.012279511254925667,0.0003366454901369505,0.01148955790795458,0.013089253409794466,3.8388334428087023,0.0,False,100,
31623,2,False,0.1,uniform,eigenvector,17,59,True,0.012138842825041985,0.01095745841418187,0.00032416527751733654,0.010303259865334403,0.011593302494359282,3.64438912121592,0.0,False,100,
31623,2,False,0.1,uniform,eigenvector,18,61,True,0.011746255822912067,0.010587319516032282,0.0002994870695536194,0.009885575615639814,0.011287941523396737,3.8697373766659013,0.0,False,100,
31623,2,False,0.1,uniform,eigenvector,19,67,True,0.010651102006703515,0.00958724495777109,0.00032967022073420013,0.008617498894323599,0.010265106922115715,3.2270341147682067,0.0,False,100,
31623,2,False,0.1,uniform,eigenvector,20,71,True,0.010048004422818948,0.009038212729765793,0.00031565610120151385,0.008292178454013834,0.010441845899115771,3.1990247906170093,0.02,False,100,
31623,2,False,0.1,uniform,eigenvector_costweight,1,2,True,0.5579618123114779,0.5652142189374301,0.0003865100558438484,0.5642909110499806,0.5661807395664341,-18.76382390651795,0.0,False,100,
31623,2,False,0.1,uniform,eigenvector_costweight,2,3,True,0.349085690246123,0.3485385533783495,0.0008873868111532639,0.3464289724456623,0.35157517983167336,0.6165708808118411,0.48,False,100,
31623,2,False,0.1,uniform,eigenvector_costweight,3,5,True,0.1840690542007739,0.17582279631414582,0.001199251795698176,0.17260153704670175,0.17879385535604778,6.876168888141858,0.0,False,100,
31623,2,False,0.1,uniform,eigenvector_costweight,4,7,True,0.12248088816269335,0.11473285607885103,0.001188063970467281,0.11240296449521366,0.11827591234632127,6.521561360702624,0.0,False,100,
31623,2,False,0.1,uniform,eigenvector_costweight,5,11,True,0.07268740028976313,0.06715591863127279,0.0008300508116858595,0.06499525271349395,0.06897371767509326,6.664027768680444,0.0,False,100,
31623,2,False,0.1,uniform,eigenvector_costweight,6,13,True,0.06030981068838051,0.05528154139860976,0.0007985967802049304,0.05333884375321333,0.057659738066540484,6.296380619616846,0.0,False,100,
31623,2,False,0.1,uniform,eigenvector_costweight,7,17,True,0.044965316641620214,0.04090812363653563,0.0006375936018718926,0.039551226144010354,0.042507947292605555,6.363290022316988,0.0,False,100,
31623,2,False,0.1,uniform,eigenvector_costweight,8,19,True,0.03984854814350382,0.0361006430925234,0.0006947030284371791,0.034046132192769474,0.03754992980921079,5.394974395623112,0.0,False,100,
31623,2,False,0.1,uniform,eigenvector_costweight,9,23,True,0.03247546771523145,0.029504300405047187,0.0005612696275539185,0.028184643607177644,0.030649334151648146,5.293654180314342,0.0,False,100,
31623,2,False,0.1,uniform,eigenvector_costweight,10,29,True,0.025426581970620546,0.022981761085537213,0.0005280195806151467,0.021676358056140266,0.024051402710727997,4.630170877820665,0.0,False,100,
31623,2,False,0.1,uniform,eigenvector_costweight,11,31,True,0.02371915768136624,0.02145545492865416,0.0004341008505278922,0.02050786091496701,0.022569700899776203,5.214693198502822,0.0,False,100,
31623,2,False,0.1,uniform,eigenvector_costweight,12,37,True,0.019688304631546555,0.017801497473208548,0.0003866365934539296,0.016962615907388585,0.018904585814869534,4.880053234182119,0.0,False,100,
31623,2,False,0.1,uniform,eigenvector_costweight,13,41,True,0.017706835981124377,0.01605569232120412,0.00039419923698943835,0.015110704998604447,0.01710369407066578,4.188601866736988,0.0,False,100,
31623,2,False,0.1,uniform,eigenvector_costweight,14,43,True,0.016849544520588892,0.015192865861341286,0.00041541343194255524,0.014328123443608155,0.016582791922053357,3.9880238140125757,0.0,False,100,
31623,2,False,0.1,uniform,eigenvector_costweight,15,47,True,0.015372410030039429,0.013905051034719151,0.0004091583088046139,0.013037485613114685,0.01480625093405197,3.5862866859707156,0.0,False,100,
31623,2,False,0.1,uniform,eigenvector_costweight,16,53,True,0.013571837220468744,0.012279511255052675,0.0003366454906486257,0.0114895579133916,0.013089253414751728,3.8388334355113374,0.0,False,100,
31623,2,False,0.1,uniform,eigenvector_costweight,17,59,True,0.012138842825896626,0.010957458413492216,0.0003241652773880482,0.010303259868089807,0.011593302497329972,3.6443891274333224,0.0,False,100,
31623,2,False,0.1,uniform,eigenvector_costweight,18,61,True,0.011746255823139859,0.010587319515975828,0.0002994870692706589,0.009885575613867102,0.011287941523227396,3.8697373812712006,0.0,False,100,
31623,2,False,0.1,uniform,eigenvector_costweight,19,67,True,0.010651102007273346,0.00958724495818246,0.00032967022049698315,0.008617498903963952,0.010265106921214191,3.2270341175708883,0.0,False,100,
31623,2,False,0.1,uniform,eigenvector_costweight,20,71,True,0.010048004420908382,0.009038212729784046,0.00031565610176736037,0.008292178455000425,0.010441845900523264,3.199024778771912,0.02,False,100,
31623,2,False,0.1,uniform,pagerank,1,2,True,0.09388302806445735,0.09293492192137381,5.6032985751467366e-05,0.09282011740255025,0.09309381654755369,16.920500136987734,0.0,False,100,
31623,2,False,0.1,uniform,pagerank,2,3,True,0.06045029377535562,0.06150105400875279,4.894092753511212e-05,0.061371691534998975,0.06165305757521096,-21.469969743489468,0.0,False,100,
31623,2,False,0.1,uniform,pagerank,3,5,True,0.03549549846127916,0.03666585857889771,3.548133324334663e-05,0.03657406505620967,0.03676258807759705,-32.98523506971067,0.0,False,100,
31623,2,False,0.1,uniform,pagerank,4,7,True,0.025164528397644725,0.0261190814543005,3.8403376906350834e-05,0.026027810093296917,0.026198355597122615,-24.8559666766679,0.0,False,100,
31623,2,False,0.1,uniform,pagerank,5,11,True,0.015928113093563623,0.016584906150417827,3.154134499767997e-05,0.016517367088094648,0.016673599627177307,-20.82324190368288,0.0,False,100,
31623,2,False,0.1,uniform,pagerank,6,13,True,0.013467131580567955,0.014022471151900456,2.9225108343415913e-05,0.013945558064311919,0.014106726159318815,-19.002139010294112,0.0,False,100,
31623,2,False,0.1,uniform,pagerank,7,17,True,0.010290908188332622,0.010719105889424927,2.685411033591612e-05,0.010659910797812014,0.010801778888934806,-15.945331859295099,0.0,False,100,
31623,2,False,0.1,uniform,pagerank,8,19,True,0.009210173743385779,0.00959024205643596,2.914763034446337e-05,0.009519322578654038,0.009657901801684425,-13.039424082115017,0.0,False,100,
31623,2,False,0.1,uniform,pagerank,9,23,True,0.0076091633779717645,0.00791078398817641,2.2673339947974767e-05,0.00785012827187171,0.007978219972267593,-13.30287513426484,0.0,False,100,
31623,2,False,0.1,uniform,pagerank,10,29,True,0.006044252026708415,0.0062740912404911815,1.9049191292063766e-05,0.0062189713175014125,0.006330532142880251,-12.065562797855932,0.0,False,100,
31623,2,False,0.1,uniform,pagerank,11,31,True,0.005658936739885373,0.00587194224443509,1.736981637418708e-05,0.005819800900275997,0.005909715078114791,-12.262968125918794,0.0,False,100,
31623,2,False,0.1,uniform,pagerank,12,37,True,0.004743504773755902,0.004917416703283365,1.8041196574247293e-05,0.004880051173137214,0.0049572997194853195,-9.639711468789777,0.0,False,100,
31623,2,False,0.1,uniform,pagerank,13,41,True,0.004287174036802634,0.004436349621139898,1.588961815896321e-05,0.004399962721122357,0.004490166902796243,-9.388242237471129,0.0,False,100,
31623,2,False,0.1,uniform,pagerank,14,43,True,0.004089653464461699,0.004230481661930606,1.6187031169975468e-05,0.004184759781310811,0.004270027687746442,-8.700063401998136,0.0,False,100,
31623,2,False,0.1,uniform,pagerank,15,47,True,0.0037413166233681242,0.0038660832682491895,1.4222616849785986e-05,0.003809228170205811,0.0039014419114900205,-8.77241130790518,0.0,False,100,
31623,2,False,0.1,uniform,pagerank,16,53,True,0.0033231493652090788,0.0034287298093624323,1.2980499651372044e-05,0.003393339066796541,0.003456342695243805,-8.13377350556711,0.0,False,100,
31623,2,False,0.1,uniform,pagerank,17,59,True,0.002987694561372937,0.003080235551124794,1.2788329423912123e-05,0.0030469184287298867,0.0031097316170929853,-7.236362677584866,0.0,False,100,
31623,2,False,0.1,uniform,pagerank,18,61,True,0.002894154945131469,0.0029785156333153977,1.3492726836765195e-05,0.0029499870521868727,0.0030171017591855824,-6.2523083142882845,0.0,False,100,
31623,2,False,0.1,uniform,pagerank,19,67,True,0.0026358017852226106,0.0027094846559969164,1.3533524382330143e-05,0.0026775195968173995,0.002740103868903842,-5.444470242393748,0.0,False,100,
31623,2,False,0.1,uniform,pagerank,20,71,True,0.0024913137888805613,0.0025617619415873095,1.2546466019017893e-05,0.002536534710938848,0.0025865785311577016,-5.614979756049478,0.0,False,100,
31623,2,True,0.1,log,degree,1,2,True,19210.0,19210.0,0.0,19210.0,19210.0,0.0,1.0,True,100,
31623,2,True,0.1,log,degree,2,3,True,10541.0,10541.0,0.0,10541.0,10541.0,0.0,1.0,True,100,
31623,2,True,0.1,log,degree,3,5,True,6324.0,6324.0,0.0,6324.0,6324.0,0.0,1.0,True,100,
31623,2,True,0.1,log,degree,4,7,True,4517.0,4517.0,0.0,4517.0,4517.0,0.0,1.0,True,100,
31623,2,True,0.1,log,degree,5,11,True,2874.0,2874.0,0.0,2874.0,2874.0,0.0,1.0,True,100,
31623,2,True,0.1,log,degree,6,13,True,2432.0,2432.0,0.0,2432.0,2432.0,0.0,1.0,True,100,
31623,2,True,0.1,log,degree,7,17,True,1860.0,1860.0,0.0,1860.0,1860.0,0.0,1.0,True,100,
31623,2,True,0.1,log,degree,8,19,True,1664.0,1664.0,0.0,1664.0,1664.0,0.0,1.0,True,100,
31623,2,True,0.1,log,degree,9,23,True,1374.0,1374.0,0.0,1374.0,1374.0,0.0,1.0,True,100,
31623,2,True,0.1,log,degree,10,29,True,1090.0,1090.0,0.0,1090.0,1090.0,0.0,1.0,True,100,
31623,2,True,0.1,log,degree,11,31,True,1020.0,1020.0,0.0,1020.0,1020.0,0.0,1.0,True,100,
31623,2,True,0.1,log,degree,12,37,True,854.0,854.0,0.0,854.0,854.0,0.0,1.0,True,100,
31623,2,True,0.1,log,degree,13,41,True,771.0,771.0,0.0,771.0,771.0,0.0,1.0,True,100,
31623,2,True,0.1,log,degree,14,43,True,735.0,735.0,0.0,735.0,735.0,0.0,1.0,True,100,
31623,2,True,0.1,log,degree,15,47,True,672.0,672.0,0.0,672.0,672.0,0.0,1.0,True,100,
31623,2,True,0.1,log,degree,16,53,True,596.0,596.0,0.0,596.0,596.0,0.0,1.0,True,100,
31623,2,True,0.1,log,degree,17,59,True,535.0,535.0,0.0,535.0,535.0,0.0,1.0,True,100,
31623,2,True,0.1,log,degree,18,61,True,518.0,518.0,0.0,518.0,518.0,0.0,1.0,True,100,
31623,2,True,0.1,log,degree,19,67,True,471.0,471.0,0.0,471.0,471.0,0.0,1.0,True,100,
31623,2,True,0.1,log,degree,20,71,True,445.0,445.0,0.0,445.0,445.0,0.0,1.0,True,100,
31623,2,True,0.1,log,degree_weighted,1,2,True,44958.65692465483,44958.65692465483,0.0,44958.65692465483,44958.65692465483,0.99498743710662,1.0,True,100,
31623,2,True,0.1,log,degree_weighted,2,3,True,11589.373522560452,11589.373522560445,7.31261254447754e-12,11589.373522560452,11589.373522560452,0.9949874371066199,1.0,True,100,
31623,2,True,0.1,log,degree_weighted,3,5,True,10186.475920320467,10186.475920320465,1.828153136119385e-12,10186.475920320467,10186.475920320467,-0.99498743710662,1.0,True,100,
31623,2,True,0.1,log,degree_weighted,4,7,True,8797.730233134473,8797.73023313447,1.828153136119385e-12,8797.730233134473,8797.730233134473,0.99498743710662,1.0,True,100,
31623,2,True,0.1,log,degree_weighted,5,11,True,6899.153118749909,6899.1531187499095,9.140765680596925e-13,6899.153118749909,6899.153118749909,-0.9949874371066199,1.0,True,100,
31623,2,True,0.1,log,degree_weighted,6,13,True,6245.391887989297,6245.391887989294,2.7422297041790776e-12,6245.391887989297,6245.391887989297,0.9949874371066199,1.0,True,100,
31623,2,True,0.1,log,degree_weighted,7,17,True,5276.943606600586,5276.9436066005865,9.140765680596925e-13,5276.943606600586,5276.943606600586,0.99498743710662,1.0,True,100,
31623,2,True,0.1,log,degree_weighted,8,19,True,4906.602022353785,4906.602022353785,0.0,4906.602022353785,4906.602022353785,-0.9949874371066199,1.0,True,100,
31623,2,True,0.1,log,degree_weighted,9,23,True,4315.033558470702,4315.033558470702,0.0,4315.033558470702,4315.033558470702,-0.9949874371066199,1.0,True,100,
31623,2,True,0.1,log,degree_weighted,10,29,True,3676.985158855365,3676.985158855366,9.140765680596925e-13,3676.985158855365,3676.985158855365,-0.99498743710662,1.0,True,100,
31623,2,True,0.1,log,degree_weighted,11,31,True,3509.232961370412,3509.2329613704137,1.828153136119385e-12,3509.232961370412,3509.232961370412,-0.9949874371066199,1.0,True,100,
31623,2,True,0.1,log,degree_weighted,12,37,True,3090.1129794855424,3090.112979485543,4.570382840298462e-13,3090.1129794855424,3090.1129794855424,0.99498743710662,1.0,True,100,
31623,2,True,0.1,log,degree_weighted,13,41,True,2869.450491362297,2869.450491362297,0.0,2869.450491362297,2869.450491362297,-0.9949874371066199,1.0,True,100,
31623,2,True,0.1,log,degree_weighted,14,43,True,2770.7208849190697,2770.7208849190683,1.3711148520895388e-12,2770.7208849190697,2770.7208849190697,-0.9949874371066199,1.0,True,100,
31623,2,True,0.1,log,degree_weighted,15,47,True,2593.4490407474195,2593.449040747419,4.570382840298462e-13,2593.4490407474195,2593.4490407474195,-0.99498743710662,1.0,True,100,
31623,2,True,0.1,log,degree_weighted,16,53,True,2372.323688563491,2372.3236885634906,4.570382840298462e-13,2372.323688563491,2372.323688563491,0.99498743710662,1.0,True,100,
31623,2,True,0.1,log,degree_weighted,17,59,True,2187.4049950456324,2187.404995045632,4.570382840298462e-13,2187.4049950456324,2187.4049950456324,0.99498743710662,1.0,True,100,
31623,2,True,0.1,log,degree_weighted,18,61,True,2135.3217877775965,2135.3217877775965,0.0,2135.3217877775965,2135.3217877775965,0.99498743710662,1.0,True,100,
31623,2,True,0.1,log,degree_weighted,19,67,True,1986.2055311137408,1986.2055311137412,4.570382840298462e-13,1986.2055311137408,1986.2055311137408,-0.9949874371066201,1.0,True,100,
31623,2,True,0.1,log,degree_weighted,20,71,True,1902.6298654063592,1902.6298654063594,2.285191420149231e-13,1902.6298654063592,1902.6298654063592,-0.99498743710662,1.0,True,100,
31623,2,True,0.1,log,eigenvector,1,2,True,0.7045276370211884,0.7045620181776918,3.785452940687138e-06,0.7045517696369152,0.7045727185878593,-9.082441927598811,0.0,False,100,
31623,2,True,0.1,log,eigenvector,2,3,True,0.02400378797626306,0.023514048386649843,5.180316442970838e-05,0.023399284285385753,0.023711162578332466,9.453854701825058,0.0,False,100,
31623,2,True,0.1,log,eigenvector,3,5,True,0.022698922037144156,0.022091559082487628,6.899022244213066e-05,0.021915294590046094,0.022221861285117172,8.803609166008751,0.0,False,100,
31623,2,True,0.1,log,eigenvector,4,7,True,0.02127870335133749,0.020749473254815035,9.385355462637369e-05,0.020541321079377898,0.0209758105838451,5.638892406678616,0.0,False,100,
31623,2,True,0.1,log,eigenvector,5,11,True,0.01927448897205782,0.01889600811608484,8.210205126151273e-05,0.0186426869212066,0.01907691357770517,4.6098830681762655,0.0,False,100,
31623,2,True,0.1,log,eigenvector,6,13,True,0.018572460666317896,0.018231617549185893,8.23652453349264e-05,0.018007771139393572,0.018417134812267238,4.13819100211523,0.0,False,100,
31623,2,True,0.1,log,eigenvector,7,17,True,0.017528740008749693,0.01726716262221595,8.070515468602903e-05,0.01708699111231149,0.0175395917037641,3.241148444004202,0.02,False,100,
31623,2,True,0.1,log,eigenvector,8,19,True,0.017128774841098357,0.01688341981942236,8.445323862497168e-05,0.016696082543196114,0.01705431689007529,2.905217439505698,0.0,False,100,
31623,2,True,0.1,log,eigenvector,9,23,True,0.0164878842563158,0.01630966142282702,7.590142837982618e-05,0.016150894798686987,0.01652561752445695,2.3480827343183837,0.04,False,100,
31623,2,True,0.1,log,eigenvector,10,29,True,0.0157968074299627,0.015659130437340275,7.90367970208522e-05,0.015441765309041644,0.015817708213223505,1.7419353745584905,0.04,False,100,
31623,2,True,0.1,log,eigenvector,11,31,True,0.015616622455365615,0.015496747949901097,6.514406915734637e-05,0.015359532075641481,0.015689226982329267,1.8401445751719645,0.1,False,100,
31623,2,True,0.1,log,eigenvector,12,37,True,0.015162745851714171,0.015076264166928097,6.71650631286948e-05,0.014911923221928122,0.015253984395852961,1.287599248144338,0.18,False,100,
31623,2,True,0.1,log,eigenvector,13,41,True,0.014922639954673354,0.014860628483976613,7.214777994083429e-05,0.014686454704131211,0.015078725882204894,0.8595062903888973,0.42,False,100,
31623,2,True,0.1,log,eigenvector,14,43,True,0.0148154288285059,0.014746780956320434,7.024673183406585e-05,0.014592392896394036,0.01494423282074856,0.9772393731800735,0.34,False,100,
31623,2,True,0.1,log,eigenvector,15,47,True,0.014628413259684205,0.014575009710924793,7.133794596030951e-05,0.014402426556909915,0.014796420778829374,0.7485994731208053,0.44,False,100,
31623,2,True,0.1,log,eigenvector,16,53,True,0.014389929361729399,0.014352980358083165,5.954104873786101e-05,0.014229649020194697,0.014543371764383974,0.6205635343929022,0.48,False,100,
31623,2,True,0.1,log,eigenvector,17,59,True,0.014188517464190413,0.01415448899755783,6.514465316028772e-05,0.013983957024893159,0.014277636532425234,0.5223524108549934,0.7,False,100,
31623,2,True,0.1,log,eigenvector,18,61,True,0.014135555683146502,0.014107788660804747,5.426805885514985e-05,0.013975361644713587,0.014244299005463281,0.5116641893506418,0.56,False,100,
31623,2,True,0.1,log,eigenvector,19,67,True,0.013973281716314586,0.013953335109577063,6.685070727625034e-05,0.013793171860479162,0.01412825641162466,0.298375403196508,0.66,False,100,
31623,2,True,0.1,log,eigenvector,20,71,True,0.013883902557171677,0.013864802052748083,5.889379967830995e-05,0.01373095346846506,0.014116239478925954,0.32432114293728564,0.78,False,100,
31623,2,True,0.1,log,eigenvector_costweight,1,2,True,0.6782602281863498,0.6790767321189773,0.00024291275229060074,0.6781887365358721,0.6796211853163594,-3.361305344935267,0.02,False,100,
31623,2,True,0.1,log,eigenvector_costweight,2,3,True,0.18221259265759013,0.18098618783067608,0.000968465911279072,0.17874360287481003,0.18460371175361637,1.2663376300919085,0.22,False,100,
31623,2,True,0.1,log,eigenvector_costweight,3,5,True,0.06618160488331472,0.06331619610091015,0.0005539484957720941,0.06195744677489698,0.06444441949130425,5.17269891384173,0.0,False,100,
31623,2,True,0.1,log,eigenvector_costweight,4,7,True,0.03817729239692734,0.03606360423063524,0.0005135916880261513,0.03501636929349762,0.037490154238864766,4.115503065120611,0.0,False,100,
31623,2,True,0.1,log,eigenvector_costweight,5,11,True,0.01957150269365959,0.01834348155587674,0.00029137265513145785,0.01747806578901304,0.019015803109854665,4.214606676899051,0.0,False,100,
31623,2,True,0.1,log,eigenvector_costweight,6,13,True,0.015507777430447815,0.014432186052657852,0.0002622867192302487,0.013708831660439654,0.0150899943435841,4.1008228740920245,0.0,False,100,
31623,2,True,0.1,log,eigenvector_costweight,7,17,True,0.010812301315068757,0.010017260458031814,0.00020883085208700308,0.009562482455814364,0.0106683813919336,3.80710440574994,0.0,False,100,
31623,2,True,0.1,log,eigenvector_costweight,8,19,True,0.009347006213714287,0.008621054059525055,0.00020182853066621714,0.008143557936425735,0.00903802778352492,3.5968757825909576,0.0,False,100,
31623,2,True,0.1,log,eigenvector_costweight,9,23,True,0.007319956308187219,0.006784382408760302,0.00015876619767128076,0.006421233986967492,0.007210963702578675,3.3733496631052415,0.0,False,100,
31623,2,True,0.1,log,eigenvector_costweight,10,30030,False,0.006494330457376556,0.004520537413513992,0.002363099749523891,6.510174112870944e-06,0.00644713817466791,0.835255915142912,0.0,False,100,
31623,2,True,0.1,log,eigenvector_costweight,11,2310,False,0.006462128324422623,0.0043705580146691965,0.00238446419588379,2.159364428002412e-05,0.006451059092087573,0.8771657437188718,0.0,False,100,
31623,2,True,0.1,log,eigenvector_costweight,12,4620,False,0.006462128324422623,0.004707692968822521,0.002050033034754247,3.0514088997975272e-05,0.006411403695041479,0.8558083337473719,0.0,False,100,
31623,2,True,0.1,log,eigenvector_costweight,13,13860,False,0.006462128324422623,0.004516984024568477,0.0023603915110273765,7.675971650792418e-06,0.006439997433166339,0.8240769765383154,0.0,False,100,
31623,2,True,0.1,log,eigenvector_costweight,14,11550,False,0.006462128324422623,0.004421539487378076,0.0023510636269250132,2.514724309331468e-06,0.006421362817490955,0.8679428381585148,0.0,False,100,
31623,2,True,0.1,log,eigenvector_costweight,15,20790,False,0.006462128324422623,0.0046772408397769555,0.0022827789758721575,1.4578958360859685e-05,0.006451524681961224,0.7818923792058036,0.0,False,100,
31623,2,True,0.1,log,eigenvector_costweight,16,25410,False,0.006462128324422623,0.00472478268743984,0.0022625529340860595,4.947308296575052e-06,0.006413308982152421,0.7678696090637852,0.0,False,100,
31623,2,True,0.1,log,eigenvector_costweight,17,23100,False,0.006462128324422623,0.0044950582058152794,0.002290283713774785,3.3112527493346784e-06,0.0064174391339576675,0.8588761762468586,0.0,False,100,
31623,2,True,0.1,log,eigenvector_costweight,18,6930,False,0.006462128324422623,0.003907654151549809,0.0025510520317846837,1.7762508158076216e-05,0.006421491508458283,1.0013414626771597,0.0,False,100,
31623,2,True,0.1,log,eigenvector_costweight,19,18480,False,0.006462128324422623,0.005091923782008736,0.0019560992089361793,0.00014103023067445994,0.006424079513073172,0.7004780412743322,0.0,False,100,
31623,2,True,0.1,log,eigenvector_costweight,20,9240,False,0.006462128324422623,0.00405866981719626,0.002491762441262268,9.419721799493358e-06,0.006410840180108096,0.9645616562102226,0.0,False,100,
31623,2,True,0.1,log,pagerank,1,2,True,0.06872903604302531,0.07169411287640946,6.558358135086195e-05,0.0715018253575285,0.07186101867879634,-45.21065748943248,0.0,False,100,
31623,2,True,0.1,log,pagerank,2,3,True,0.02034413978759268,0.024649782074923566,6.368281591491192e-05,0.024500439107296046,0.024783671316260678,-67.61073965516445,0.0,False,100,
31623,2,True,0.1,log,pagerank,3,5,True,0.01786786451539054,0.020978873102472925,7.544200346782762e-05,0.020804075493098498,0.021183072730221658,-41.23708867844529,0.0,False,100,
31623,2,True,0.1,log,pagerank,4,7,True,0.015409015028156038,0.01762633229987083,6.910977756633779e-05,0.017412247258735934,0.017796786912590668,-32.08398796518219,0.0,False,100,
31623,2,True,0.1,log,pagerank,5,11,True,0.012051683916972707,0.013345901889090593,6.452790770879675e-05,0.013216963670588644,0.013511945708819858,-20.05671682333895,0.0,False,100,
31623,2,True,0.1,log,pagerank,6,13,True,0.010900089872574617,0.011915038612106521,4.815782945658433e-05,0.011822776456735937,0.012039414549432907,-21.07546687599181,0.0,False,100,
31623,2,True,0.1,log,pagerank,7,17,True,0.009192208798174192,0.009859082194876061,6.2508709452963e-05,0.009657344865874311,0.010020894961261944,-10.668487680163777,0.0,False,100,
31623,2,True,0.1,log,pagerank,8,19,True,0.008539826075875263,0.009092478716289517,5.0119109140291964e-05,0.00895352711016933,0.009198206519546523,-11.026784990676697,0.0,False,100,
31623,2,True,0.1,log,pagerank,9,23,True,0.007502622928692991,0.007895685709352836,4.7979252524274314e-05,0.00779531617819246,0.008020731604079376,-8.192348983781686,0.0,False,100,
31623,2,True,0.1,log,pagerank,10,29,True,0.006386142732136637,0.006623085604634313,4.372934822022369e-05,0.00652295877781466,0.006713610478007809,-5.4183947884248616,0.0,False,100,
31623,2,True,0.1,log,pagerank,11,31,True,0.006089290001936864,0.0062926494157970365,4.286340176862469e-05,0.006185653481085542,0.0064079841134403554,-4.7443601177036925,0.0,False,100,
31623,2,True,0.1,log,pagerank,12,37,True,0.005355055533111723,0.0054774573751700355,3.767294812226195e-05,0.005384579711571273,0.005560085141034874,-3.249064598318056,0.0,False,100,
31623,2,True,0.1,log,pagerank,13,41,True,0.004969696822388325,0.005056436906583096,3.680235338447739e-05,0.004952878491291525,0.0051441221907212705,-2.356916778896986,0.04,False,100,
31623,2,True,0.1,log,pagerank,14,43,True,0.004798676495839911,0.004864624724495104,3.51672766120491e-05,0.004767479146366441,0.004986491034640376,-1.8752725547305804,0.04,False,100,
31623,2,True,0.1,log,pagerank,15,47,True,0.004486328031695139,0.004525470575190635,3.57946530039164e-05,0.004442364889987487,0.0046172733233226715,-1.0935304636481076,0.3,False,100,
31623,2,True,0.1,log,pagerank,16,53,True,0.004101540068181688,0.004113853201678907,3.543419150045968e-05,0.004034900655941922,0.004206507167754588,-0.34749299972204506,0.8,False,100,
31623,2,True,0.1,log,pagerank,17,59,True,0.0037804788780191,0.003774660188418958,3.3085304535337465e-05,0.0036935331601656582,0.0038699476901880615,0.17586930759326358,0.78,False,100,
31623,2,True,0.1,log,pagerank,18,61,True,0.0036885583501403483,0.0036686758510932073,3.3749673627238705e-05,0.0035856085228975713,0.003750947216551401,0.5891167798166781,0.52,False,100,
31623,2,True,0.1,log,pagerank,19,67,True,0.0034257631769194974,0.0033937120097882884,2.8744746868156e-05,0.003309388853491502,0.0034571543546785765,1.1150269396428867,0.28,False,100,
31623,2,True,0.1,log,pagerank,20,71,True,0.0032811596500690546,0.0032420187440843403,2.8082282326301382e-05,0.003173893249778868,0.003295592504096509,1.3937936215410685,0.12,False,100,
31623,2,False,0.1,log,degree,1,2,True,15810.0,15810.0,0.0,15810.0,15810.0,0.0,1.0,True,100,
31623,2,False,0.1,log,degree,2,3,True,10540.0,10540.0,0.0,10540.0,10540.0,0.0,1.0,True,100,
31623,2,False,0.1,log,degree,3,5,True,6323.0,6323.0,0.0,6323.0,6323.0,0.0,1.0,True,100,
31623,2,False,0.1,log,degree,4,7,True,4516.0,4516.0,0.0,4516.0,4516.0,0.0,1.0,True,100,
31623,2,False,0.1,log,degree,5,11,True,2873.0,2873.0,0.0,2873.0,2873.0,0.0,1.0,True,100,
31623,2,False,0.1,log,degree,6,13,True,2431.0,2431.0,0.0,2431.0,2431.0,0.0,1.0,True,100,
31623,2,False,0.1,log,degree,7,17,True,1859.0,1859.0,0.0,1859.0,1859.0,0.0,1.0,True,100,
31623,2,False,0.1,log,degree,8,19,True,1663.0,1663.0,0.0,1663.0,1663.0,0.0,1.0,True,100,
31623,2,False,0.1,log,degree,9,23,True,1373.0,1373.0,0.0,1373.0,1373.0,0.0,1.0,True,100,
31623,2,False,0.1,log,degree,10,29,True,1089.0,1089.0,0.0,1089.0,1089.0,0.0,1.0,True,100,
31623,2,False,0.1,log,degree,11,31,True,1019.0,1019.0,0.0,1019.0,1019.0,0.0,1.0,True,100,
31623,2,False,0.1,log,degree,12,37,True,853.0,853.0,0.0,853.0,853.0,0.0,1.0,True,100,
31623,2,False,0.1,log,degree,13,41,True,770.0,770.0,0.0,770.0,770.0,0.0,1.0,True,100,
31623,2,False,0.1,log,degree,14,43,True,734.0,734.0,0.0,734.0,734.0,0.0,1.0,True,100,
31623,2,False,0.1,log,degree,15,47,True,671.0,671.0,0.0,671.0,671.0,0.0,1.0,True,100,
31623,2,False,0.1,log,degree,16,53,True,595.0,595.0,0.0,595.0,595.0,0.0,1.0,True,100,
31623,2,False,0.1,log,degree,17,59,True,534.0,534.0,0.0,534.0,534.0,0.0,1.0,True,100,
31623,2,False,0.1,log,degree,18,61,True,517.0,517.0,0.0,517.0,517.0,0.0,1.0,True,100,
31623,2,False,0.1,log,degree,19,67,True,470.0,470.0,0.0,470.0,470.0,0.0,1.0,True,100,
31623,2,False,0.1,log,degree,20,71,True,444.0,444.0,0.0,444.0,444.0,0.0,1.0,True,100,
31623,2,False,0.1,log,degree_weighted,1,3,True,11579.373522560452,11579.373522560445,7.31261254447754e-12,11579.373522560452,11579.373522560452,0.9949874371066199,1.0,True,100,
31623,2,False,0.1,log,degree_weighted,2,2,True,10958.65692465483,10958.656924654824,5.484459408358155e-12,10958.65692465483,10958.65692465483,-0.9949874371066199,1.0,True,100,
31623,2,False,0.1,log,degree_weighted,3,5,True,10176.475920320467,10176.475920320465,1.828153136119385e-12,10176.475920320467,10176.475920320467,-0.99498743710662,1.0,True,100,
31623,2,False,0.1,log,degree_weighted,4,7,True,8787.730233134473,8787.73023313447,1.828153136119385e-12,8787.730233134473,8787.730233134473,0.99498743710662,1.0,True,100,
31623,2,False,0.1,log,degree_weighted,5,11,True,6889.153118749909,6889.1531187499095,9.140765680596925e-13,6889.153118749909,6889.153118749909,-0.9949874371066199,1.0,True,100,
31623,2,False,0.1,log,degree_weighted,6,13,True,6235.391887989297,6235.391887989294,2.7422297041790776e-12,6235.391887989297,6235.391887989297,0.9949874371066199,1.0,True,100,
31623,2,False,0.1,log,degree_weighted,7,17,True,5266.943606600586,5266.9436066005865,9.140765680596925e-13,5266.943606600586,5266.943606600586,0.99498743710662,1.0,True,100,
31623,2,False,0.1,log,degree_weighted,8,19,True,4896.602022353785,4896.602022353785,0.0,4896.602022353785,4896.602022353785,-0.9949874371066199,1.0,True,100,
31623,2,False,0.1,log,degree_weighted,9,23,True,4305.033558470702,4305.033558470702,0.0,4305.033558470702,4305.033558470702,-0.9949874371066199,1.0,True,100,
31623,2,False,0.1,log,degree_weighted,10,29,True,3666.985158855365,3666.985158855366,9.140765680596925e-13,3666.985158855365,3666.985158855365,-0.99498743710662,1.0,True,100,
31623,2,False,0.1,log,degree_weighted,11,31,True,3499.232961370412,3499.2329613704137,1.828153136119385e-12,3499.232961370412,3499.232961370412,-0.9949874371066199,1.0,True,100,
31623,2,False,0.1,log,degree_weighted,12,37,True,3080.1129794855424,3080.112979485543,4.570382840298462e-13,3080.1129794855424,3080.1129794855424,0.99498743710662,1.0,True,100,
31623,2,False,0.1,log,degree_weighted,13,41,True,2859.450491362297,2859.450491362297,0.0,2859.450491362297,2859.450491362297,-0.9949874371066199,1.0,True,100,
31623,2,False,0.1,log,degree_weighted,14,43,True,2760.7208849190697,2760.7208849190683,1.3711148520895388e-12,2760.7208849190697,2760.7208849190697,-0.9949874371066199,1.0,True,100,
31623,2,False,0.1,log,degree_weighted,15,47,True,2583.4490407474195,2583.449040747419,4.570382840298462e-13,2583.4490407474195,2583.4490407474195,-0.99498743710662,1.0,True,100,
31623,2,False,0.1,log,degree_weighted,16,53,True,2362.323688563491,2362.3236885634906,4.570382840298462e-13,2362.323688563491,2362.323688563491,0.99498743710662,1.0,True,100,
31623,2,False,0.1,log,degree_weighted,17,59,True,2177.4049950456324,2177.404995045632,4.570382840298462e-13,2177.4049950456324,2177.4049950456324,0.99498743710662,1.0,True,100,
31623,2,False,0.1,log,degree_weighted,18,61,True,2125.3217877775965,2125.3217877775965,0.0,2125.3217877775965,2125.3217877775965,0.99498743710662,1.0,True,100,
31623,2,False,0.1,log,degree_weighted,19,67,True,1976.2055311137408,1976.2055311137412,4.570382840298462e-13,1976.2055311137408,1976.2055311137408,-0.9949874371066201,1.0,True,100,
31623,2,False,0.1,log,degree_weighted,20,71,True,1892.6298654063592,1892.6298654063594,2.285191420149231e-13,1892.6298654063592,1892.6298654063592,-0.99498743710662,1.0,True,100,
31623,2,False,0.1,log,eigenvector,1,5,True,0.2921203728013491,0.29655083214889005,0.0012815332523280583,0.2933848278152836,0.2999036564702645,-3.4571552002201105,0.0,False,100,
31623,2,False,0.1,log,eigenvector,2,7,True,0.2722980268552543,0.2753607265306509,0.0016528026730584654,0.26934272407108556,0.2786429091401574,-1.8530340767958635,0.06,False,100,
31623,2,False,0.1,log,eigenvector,3,3,True,0.2722039585349532,0.2772392337010785,0.0012485275970369586,0.2736219299137972,0.2801066685187894,-4.032970659259069,0.0,False,100,
31623,2,False,0.1,log,eigenvector,4,2,True,0.2176580733321373,0.22898498033904965,0.0008270075615328805,0.22681403099836295,0.23076112509448135,-13.696255673790395,0.0,False,100,
31623,2,False,0.1,log,eigenvector,5,11,True,0.2172125101831861,0.21586861685975223,0.001997814818384083,0.21128925823204517,0.22120658413385513,0.6726816274798048,0.46,False,100,
31623,2,False,0.1,log,eigenvector,6,13,True,0.19382088478398748,0.19124298242399312,0.0022545563437937404,0.18566415024934405,0.19675539613658405,1.1434189112597566,0.26,False,100,
31623,2,False,0.1,log,eigenvector,7,17,True,0.1576163194155876,0.15300369446859963,0.001901466986166328,0.14920340717175903,0.1585453390102843,2.4258243664213097,0.02,False,100,
31623,2,False,0.1,log,eigenvector,8,19,True,0.14348397100657803,0.138533336713897,0.0020502307706137856,0.13429067011609178,0.14331967346059857,2.4146717353183442,0.0,False,100,
31623,2,False,0.1,log,eigenvector,9,23,True,0.12143039652764907,0.11674370792216023,0.0018795828685309731,0.11212583417627627,0.1211439649563482,2.4934727188441763,0.0,False,100,
31623,2,False,0.1,log,eigenvector,10,29,True,0.09864023027969049,0.09388129335786946,0.001722604758934364,0.08959548473505491,0.09890598147146075,2.76264006420428,0.02,False,100,
31623,2,False,0.1,log,eigenvector,11,31,True,0.09278311838744635,0.08807544974962597,0.0014788536930431739,0.08464988856676312,0.09149692313888862,3.183322772202696,0.0,False,100,
31623,2,False,0.1,log,eigenvector,12,37,True,0.07856909160705382,0.0740708419688977,0.0015636321942036765,0.07045597563875954,0.07838459745754152,2.8767952302536175,0.0,False,100,
31623,2,False,0.1,log,eigenvector,13,41,True,0.07145524749773935,0.0673980714233387,0.0013756029208287694,0.06449108579921244,0.07111370085185167,2.9493802411791123,0.0,False,100,
31623,2,False,0.1,log,eigenvector,14,43,True,0.06824985653579098,0.06424013227735617,0.001478692466962065,0.061134154118324076,0.06827758398963993,2.7116688209501123,0.02,False,100,
31623,2,False,0.1,log,eigenvector,15,47,True,0.06285770935158619,0.05898679307618128,0.0012610752568651999,0.056363929497172324,0.06274866982119888,3.0695362979583614,0.0,False,100,
31623,2,False,0.1,log,eigenvector,16,53,True,0.056040460451602984,0.05268211350624312,0.0012766706217801343,0.0487613100376239,0.05567084370115884,2.6305508155871227,0.0,False,100,
31623,2,False,0.1,log,eigenvector,17,59,True,0.0506343310975098,0.04745110722577395,0.0011368201036484964,0.04457955116043236,0.05073308850085027,2.800112226657196,0.02,False,100,
31623,2,False,0.1,log,eigenvector,18,61,True,0.04905548021632553,0.04617474176427191,0.0012679381207075342,0.043233851641838614,0.04963066934894705,2.271986625377356,0.06,False,100,
31623,2,False,0.1,log,eigenvector,19,67,True,0.04473422301032034,0.04199259433923717,0.0011251153293134674,0.03919055500611893,0.04489207760546474,2.436753459537422,0.02,False,100,
31623,2,False,0.1,log,eigenvector,20,71,True,0.04253935105599736,0.03962196386003224,0.0012177352238148555,0.03569369657326728,0.04195558850893103,2.3957483851256973,0.0,False,100,
31623,2,False,0.1,log,eigenvector_costweight,1,2,True,0.6783128555761825,0.6791263638200591,0.0002435653058758728,0.6782358436919106,0.6796724070657473,-3.3400005019236563,0.02,False,100,
31623,2,False,0.1,log,eigenvector_costweight,2,3,True,0.18205369142561803,0.18082438247029395,0.0009706146738414114,0.17857711233190088,0.1844496699388583,1.2665262420345684,0.22,False,100,
31623,2,False,0.1,log,eigenvector_costweight,3,5,True,0.06588461956196043,0.06301447695738399,0.0005549170059178818,0.06165324776006451,0.06414475570722632,5.172201561617251,0.0,False,100,
31623,2,False,0.1,log,eigenvector_costweight,4,7,True,0.037852820066980084,0.03573559570433717,0.0005144229086147191,0.034686453454905675,0.03716458109074687,4.115727210408159,0.0,False,100,
31623,2,False,0.1,log,eigenvector_costweight,5,11,True,0.01922930548527828,0.017998950812822254,0.00029183196401095623,0.01713200427840274,0.018672510142982594,4.215969544754323,0.0,False,100,
31623,2,False,0.1,log,eigenvector_costweight,6,13,True,0.015161693746641634,0.014083926481986402,0.0002627289741294917,0.013359343217275173,0.014742513403697699,4.102201777425688,0.0,False,100,
31623,2,False,0.1,log,eigenvector_costweight,7,17,True,0.010461680618591408,0.009664816047990925,0.00020916605745505384,0.009209537062960951,0.010317151086249785,3.809722190569616,0.0,False,100,
31623,2,False,0.1,log,eigenvector_costweight,8,19,True,0.00899495742029568,0.008267254757565191,0.00020215781450904862,0.007789123136737494,0.008684753065980629,3.599676146567717,0.0,False,100,
31623,2,False,0.1,log,eigenvector_costweight,9,23,True,0.0069659117523057,0.006428833178326857,0.00015899410869839485,0.006065376665876225,0.006856048653758929,3.37797782808205,0.0,False,100,
31623,2,False,0.1,log,eigenvector_costweight,10,30030,False,0.006495555302425264,0.0045211766379438375,0.0023652186404488898,4.397523469733074e-06,0.006448368944050099,0.8347552444905109,0.0,False,100,
31623,2,False,0.1,log,eigenvector_costweight,11,4620,False,0.00646404785304193,0.004709158023717963,0.0020518907844709147,2.818189858462427e-05,0.006413676334007381,0.8552549885234114,0.0,False,100,
31623,2,False,0.1,log,eigenvector_costweight,12,13860,False,0.00646404785304193,0.0045182412817538695,0.0023624355395095924,6.003728359699767e-06,0.006441793993783708,0.8236443021391323,0.0,False,100,
31623,2,False,0.1,log,eigenvector_costweight,13,20790,False,0.00646404785304193,0.004678609823573413,0.0022847612084848407,1.27924731894141e-05,0.006453298183128142,0.7814549821828191,0.0,False,100,
31623,2,False,0.1,log,eigenvector_costweight,14,11550,False,0.00646404785304193,0.004422680216781122,0.0023532923624036456,1.0277243882668972e-06,0.006423276836787728,0.8674517747449633,0.0,False,100,
31623,2,False,0.1,log,eigenvector_costweight,15,2310,False,0.00646404785304193,0.0043716893955312265,0.002386655747805363,1.9724585726673875e-05,0.00645282348170867,0.8766905153517515,0.0,False,100,
31623,2,False,0.1,log,eigenvector_costweight,16,18480,False,0.00646404785304193,0.0050935290557221295,0.0019577897343142584,0.0001380945966766276,0.006425945246407622,0.7000337029552587,0.0,False,100,
31623,2,False,0.1,log,eigenvector_costweight,17,6930,False,0.00646404785304193,0.003908316685131173,0.0025533615062918046,1.583885901084699e-05,0.00642339021125886,1.0009280556682292,0.0,False,100,
31623,2,False,0.1,log,eigenvector_costweight,18,25410,False,0.00646404785304193,0.004726189944100196,0.0022645296594744012,3.133882463648719e-06,0.006415326284252445,0.7674255453757636,0.0,False,100,
31623,2,False,0.1,log,eigenvector_costweight,19,23100,False,0.00646404785304193,0.004496301413123939,0.002292346280075903,1.750891585142403e-06,0.006419389703190758,0.8583984265469858,0.0,False,100,
31623,2,False,0.1,log,eigenvector_costweight,20,9240,False,0.00646404785304193,0.004059477993633791,0.002493974029898687,7.373793494082943e-06,0.006412992443175997,0.9641519240301872,0.0,False,100,
31623,2,False,0.1,log,pagerank,1,3,True,0.02215163476118632,0.027066044511284484,7.079414125502138e-05,0.026902189547893227,0.027211365082138447,-69.41831150115954,0.0,False,100,
31623,2,False,0.1,log,pagerank,2,2,True,0.021264472908541443,0.025089008926164492,5.339031426404961e-05,0.02494832620276107,0.025215506222244225,-71.63351762097204,0.0,False,100,
31623,2,False,0.1,log,pagerank,3,5,True,0.0192914699045359,0.022998636448858086,8.186775866896558e-05,0.02280371196430856,0.02323360276374825,-45.28237494948661,0.0,False,100,
31623,2,False,0.1,log,pagerank,4,7,True,0.016586619409513698,0.0193141147156803,7.68948913842248e-05,0.019078680162688086,0.01950518720643748,-35.470435773658586,0.0,False,100,
31623,2,False,0.1,log,pagerank,5,11,True,0.012938141791220036,0.014616218346542996,6.934924275527213e-05,0.014476187203791537,0.014792902629813405,-24.197474819512596,0.0,False,100,
31623,2,False,0.1,log,pagerank,6,13,True,0.01169290287320076,0.013044955406385419,5.4126321331605574e-05,0.012934860219127814,0.013190040952574335,-24.979575554401574,0.0,False,100,
31623,2,False,0.1,log,pagerank,7,17,True,0.009850306218076688,0.01079078285921765,6.776740633273469e-05,0.010573927911553796,0.010957871211372787,-13.878008500476874,0.0,False,100,
31623,2,False,0.1,log,pagerank,8,19,True,0.009148048849395634,0.009949676616575897,5.5272210874764586e-05,0.009788471189749962,0.010065966809456027,-14.50326944577248,0.0,False,100,
31623,2,False,0.1,log,pagerank,9,23,True,0.008031838930318154,0.008636932843282397,5.1546899457245776e-05,0.00851799097669534,0.008778103761085695,-11.738706291464197,0.0,False,100,
31623,2,False,0.1,log,pagerank,10,29,True,0.006831724747996474,0.007240760757062945,4.730379542957626e-05,0.007134712874634298,0.007356076460114311,-8.64700190231935,0.0,False,100,
31623,2,False,0.1,log,pagerank,11,31,True,0.006512971497225252,0.006880935769550794,4.6505182976469875e-05,0.00677299761282286,0.007004494456500081,-7.912328234720036,0.0,False,100,
31623,2,False,0.1,log,pagerank,12,37,True,0.0057246493862793115,0.005987326844127156,4.0240921520955336e-05,0.005884872613782662,0.006076010178770253,-6.527620340678764,0.0,False,100,
31623,2,False,0.1,log,pagerank,13,41,True,0.0053112545988239345,0.005525608923891295,4.0210347824031685e-05,0.0054209301963351894,0.005623572595023498,-5.330824941018079,0.0,False,100,
31623,2,False,0.1,log,pagerank,14,43,True,0.005127652239774647,0.005314698307465103,3.8622364991884946e-05,0.005208703751358641,0.005447342698327166,-4.842947026412143,0.0,False,100,
31623,2,False,0.1,log,pagerank,15,47,True,0.0047927091009496115,0.004944075583887937,3.8366609711475994e-05,0.0048512721688746385,0.0050331762747594785,-3.9452660549531955,0.0,False,100,
31623,2,False,0.1,log,pagerank,16,53,True,0.004380060138146542,0.004493001263887525,3.790630956234104e-05,0.00441065776823723,0.004593687105283844,-2.979480910829296,0.0,False,100,
31623,2,False,0.1,log,pagerank,17,59,True,0.004035812842896254,0.004121359891598416,3.588996978905335e-05,0.004036094121803046,0.004231392873472255,-2.3835921067911987,0.0,False,100,
31623,2,False,0.1,log,pagerank,18,61,True,0.00393744007580436,0.004004810938927365,3.7326284176041505e-05,0.0039198075126361314,0.004093259415177587,-1.8049174893826285,0.04,False,100,
31623,2,False,0.1,log,pagerank,19,67,True,0.0036557543163344315,0.003703257073694266,3.102542489006851e-05,0.0036147447462397926,0.0037741413818096633,-1.5310912752411858,0.22,False,100,
31623,2,False,0.1,log,pagerank,20,71,True,0.0035007704028089666,0.0035367116390101145,3.0240984178709102e-05,0.003465774644026759,0.003600806938909116,-1.1884942629100157,0.26,False,100,
100000,2,True,0.1,padic,degree,1,2,True,59590.0,59590.0,0.0,59590.0,59590.0,0.0,1.0,True,100,
100000,2,True,0.1,padic,degree,2,3,True,33333.0,33333.0,0.0,33333.0,33333.0,0.0,1.0,True,100,
100000,2,True,0.1,padic,degree,3,5,True,20000.0,20000.0,0.0,20000.0,20000.0,0.0,1.0,True,100,
100000,2,True,0.1,padic,degree,4,7,True,14285.0,14285.0,0.0,14285.0,14285.0,0.0,1.0,True,100,
100000,2,True,0.1,padic,degree,5,11,True,9090.0,9090.0,0.0,9090.0,9090.0,0.0,1.0,True,100,
100000,2,True,0.1,padic,degree,6,13,True,7692.0,7692.0,0.0,7692.0,7692.0,0.0,1.0,True,100,
100000,2,True,0.1,padic,degree,7,17,True,5882.0,5882.0,0.0,5882.0,5882.0,0.0,1.0,True,100,
100000,2,True,0.1,padic,degree,8,19,True,5263.0,5263.0,0.0,5263.0,5263.0,0.0,1.0,True,100,
100000,2,True,0.1,padic,degree,9,23,True,4347.0,4347.0,0.0,4347.0,4347.0,0.0,1.0,True,100,
100000,2,True,0.1,padic,degree,10,29,True,3448.0,3448.0,0.0,3448.0,3448.0,0.0,1.0,True,100,
100000,2,True,0.1,padic,degree,11,31,True,3225.0,3225.0,0.0,3225.0,3225.0,0.0,1.0,True,100,
100000,2,True,0.1,padic,degree,12,37,True,2702.0,2702.0,0.0,2702.0,2702.0,0.0,1.0,True,100,
100000,2,True,0.1,padic,degree,13,41,True,2439.0,2439.0,0.0,2439.0,2439.0,0.0,1.0,True,100,
100000,2,True,0.1,padic,degree,14,43,True,2325.0,2325.0,0.0,2325.0,2325.0,0.0,1.0,True,100,
100000,2,True,0.1,padic,degree,15,47,True,2127.0,2127.0,0.0,2127.0,2127.0,0.0,1.0,True,100,
100000,2,True,0.1,padic,degree,16,53,True,1886.0,1886.0,0.0,1886.0,1886.0,0.0,1.0,True,100,
100000,2,True,0.1,padic,degree,17,59,True,1694.0,1694.0,0.0,1694.0,1694.0,0.0,1.0,True,100,
100000,2,True,0.1,padic,degree,18,61,True,1639.0,1639.0,0.0,1639.0,1639.0,0.0,1.0,True,100,
100000,2,True,0.1,padic,degree,19,67,True,1492.0,1492.0,0.0,1492.0,1492.0,0.0,1.0,True,100,
100000,2,True,0.1,padic,degree,20,71,True,1408.0,1408.0,0.0,1408.0,1408.0,0.0,1.0,True,100,
100000,2,True,0.1,padic,degree_weighted,1,2,True,245902.0,245902.0,0.0,245902.0,245902.0,0.0,1.0,True,100,
100000,2,True,0.1,padic,degree_weighted,2,3,True,83336.0,83336.0,0.0,83336.0,83336.0,0.0,1.0,True,100,
100000,2,True,0.1,padic,degree_weighted,3,5,True,45007.0,45007.0,0.0,45007.0,45007.0,0.0,1.0,True,100,
100000,2,True,0.1,padic,degree_weighted,4,7,True,30955.0,30955.0,0.0,30955.0,30955.0,0.0,1.0,True,100,
100000,2,True,0.1,padic,degree_weighted,5,11,True,19095.0,19095.0,0.0,19095.0,19095.0,0.0,1.0,True,100,
100000,2,True,0.1,padic,degree_weighted,6,13,True,16031.0,16031.0,0.0,16031.0,16031.0,0.0,1.0,True,100,
100000,2,True,0.1,padic,degree_weighted,7,17,True,12139.0,12139.0,0.0,12139.0,12139.0,0.0,1.0,True,100,
100000,2,True,0.1,padic,degree_weighted,8,19,True,10825.0,10825.0,0.0,10825.0,10825.0,0.0,1.0,True,100,
100000,2,True,0.1,padic,degree_weighted,9,23,True,8899.0,8899.0,0.0,8899.0,8899.0,0.0,1.0,True,100,
100000,2,True,0.1,padic,degree_weighted,10,29,True,7026.0,7026.0,0.0,7026.0,7026.0,0.0,1.0,True,100,
100000,2,True,0.1,padic,degree_weighted,11,31,True,6565.0,6565.0,0.0,6565.0,6565.0,0.0,1.0,True,100,
100000,2,True,0.1,padic,degree_weighted,12,37,True,5486.0,5486.0,0.0,5486.0,5486.0,0.0,1.0,True,100,
100000,2,True,0.1,padic,degree_weighted,13,41,True,4946.0,4946.0,0.0,4946.0,4946.0,0.0,1.0,True,100,
100000,2,True,0.1,padic,degree_weighted,14,43,True,4713.0,4713.0,0.0,4713.0,4713.0,0.0,1.0,True,100,
100000,2,True,0.1,padic,degree_weighted,15,47,True,4307.0,4307.0,0.0,4307.0,4307.0,0.0,1.0,True,100,
100000,2,True,0.1,padic,degree_weighted,16,53,True,3815.0,3815.0,0.0,3815.0,3815.0,0.0,1.0,True,100,
100000,2,True,0.1,padic,degree_weighted,17,59,True,3424.0,3424.0,0.0,3424.0,3424.0,0.0,1.0,True,100,
100000,2,True,0.1,padic,degree_weighted,18,61,True,3312.0,3312.0,0.0,3312.0,3312.0,0.0,1.0,True,100,
100000,2,True,0.1,padic,degree_weighted,19,67,True,3014.0,3014.0,0.0,3014.0,3014.0,0.0,1.0,True,100,
100000,2,True,0.1,padic,degree_weighted,20,71,True,2843.0,2843.0,0.0,2843.0,2843.0,0.0,1.0,True,100,
100000,2,True,0.1,padic,eigenvector,1,2,True,0.7001735083579813,0.7005616491296195,4.143521376499992e-05,0.700462323115649,0.7006919114224914,-9.367413278950217,0.0,False,100,
100000,2,True,0.1,padic,eigenvector,2,3,True,0.07699709210728557,0.0759122991526822,0.0003844119628409571,0.07490328143670702,0.07701597057452336,2.8219542039907366,0.02,False,100,
100000,2,True,0.1,padic,eigenvector,3,5,True,0.04212646352635544,0.04045304747550331,0.00029093601192309857,0.03968661821814109,0.041219561583911095,5.751835394287559,0.0,False,100,
100000,2,True,0.1,padic,eigenvector,4,7,True,0.030257834127707092,0.028849094926092986,0.00019200895340432166,0.028272935228626672,0.029322186530099537,7.336841207855879,0.0,False,100,
100000,2,True,0.1,padic,eigenvector,5,11,True,0.020588667954544726,0.019572285482801825,0.00015345699961615252,0.019027828532104656,0.020039888063761075,6.623239567339463,0.0,False,100,
100000,2,True,0.1,padic,eigenvector,6,13,True,0.018134506433474848,0.017263482671053616,0.00015467839595229648,0.016900216295833586,0.017671902200802513,5.631192107072641,0.0,False,100,
100000,2,True,0.1,padic,eigenvector,7,17,True,0.015046535779207514,0.014360362921015269,0.0001137708307007374,0.01411443550673486,0.014658295089009898,6.031184390286746,0.0,False,100,
100000,2,True,0.1,padic,eigenvector,8,19,True,0.01401311130921668,0.013399026473883286,0.0001119200601975809,0.013178460351956309,0.01379649059770165,5.486816521089279,0.0,False,100,
100000,2,True,0.1,padic,eigenvector,9,23,True,0.012501240400314561,0.011991806520579896,0.00010118579323732095,0.011780406007325158,0.0122537985459012,5.03463839572653,0.0,False,100,
100000,2,True,0.1,padic,eigenvector,10,29,True,0.011041126762694904,0.010647136147345828,8.348693432935413e-05,0.010461135114307782,0.010868733515226749,4.719188918768953,0.0,False,100,
100000,2,True,0.1,padic,eigenvector,11,31,True,0.010683244562734558,0.010303724409108568,8.892715683352388e-05,0.01009739127188397,0.010541178961982063,4.267764394362334,0.0,False,100,
100000,2,True,0.1,padic,eigenvector,12,37,True,0.009845918334569765,0.009537155619277031,8.80621747561791e-05,0.00930874772107491,0.009758950724557663,3.5061899861957313,0.0,False,100,
100000,2,True,0.1,padic,eigenvector,13,65536,False,0.00959051474123816,0.0004974890881233315,0.0008340669650541688,9.105647888789769e-06,0.0033889551698892254,10.902033090981226,0.0,False,100,
100000,2,True,0.1,padic,eigenvector,14,41,True,0.00942619979943151,0.009139479801656768,7.99971349041931e-05,0.00900172508613058,0.009443221944723336,3.584128333072492,0.02,False,100,
100000,2,True,0.1,padic,eigenvector,15,43,True,0.009247549279316812,0.008978980623019085,7.187757453387728e-05,0.008781217486802316,0.009174458042929504,3.736473552973674,0.0,False,100,
100000,2,True,0.1,padic,eigenvector,16,98304,False,0.009150443917025299,0.000900168157258758,0.00100692638475549,1.8288088858662834e-05,0.005266324179093837,8.193524258250456,0.0,False,100,
100000,2,True,0.1,padic,eigenvector,17,32768,False,0.009026366815282976,0.00044878477414911783,0.0007057185611125572,9.114180519648225e-06,0.0022591522418076615,12.15439484489596,0.0,False,100,
100000,2,True,0.1,padic,eigenvector,18,47,True,0.008932912650468756,0.008695463647902945,7.735937416393982e-05,0.0085543865756918,0.008950747098099654,3.069427656725993,0.02,False,100,
100000,2,True,0.1,padic,eigenvector,19,49152,False,0.008586295991070114,0.0009062269886734722,0.0010726040869624119,1.88008135225762e-05,0.004763517524307509,7.160208594903276,0.0,False,100,
100000,2,True,0.1,padic,eigenvector,20,53,True,0.008551871979183239,0.008347944054052201,6.724205343138396e-05,0.008169962144803172,0.008512220921642562,3.032743866740115,0.0,False,100,
100000,2,True,0.1,padic,eigenvector_costweight,1,2,True,0.514099866389201,0.5233565897954372,0.0002773621889987581,0.5227447656230776,0.523991291620769,-33.37413596154378,0.0,False,100,
100000,2,True,0.1,padic,eigenvector_costweight,2,3,True,0.37780167950291477,0.3785773064262067,0.0006411228095091809,0.3769295133859258,0.3798091007534007,-1.2097946162385127,0.2,False,100,
100000,2,True,0.1,padic,eigenvector_costweight,3,5,True,0.2155802903763982,0.20710501642611817,0.0009692436542833737,0.20467422603835664,0.20948433915581935,8.744214019689805,0.0,False,100,
100000,2,True,0.1,padic,eigenvector_costweight,4,7,True,0.14546149731754654,0.1367698331239458,0.0006749485262445603,0.13465354239165872,0.1387816906783492,12.877521552586451,0.0,False,100,
100000,2,True,0.1,padic,eigenvector_costweight,5,11,True,0.08668137849728424,0.08010323619409104,0.0005837411611470579,0.07863597829490404,0.08126470812449185,11.268936886799416,0.0,False,100,
100000,2,True,0.1,padic,eigenvector_costweight,6,13,True,0.07195174994409766,0.06616394712145307,0.00045898716926244976,0.0650947996131324,0.06708953842817524,12.609944700513145,0.0,False,100,
100000,2,True,0.1,padic,eigenvector_costweight,7,17,True,0.05363621347834962,0.04896024219062741,0.00043542274538855896,0.04790945841964196,0.050133976080129976,10.738922891016005,0.0,False,100,
100000,2,True,0.1,padic,eigenvector_costweight,8,19,True,0.04758189267526483,0.04337946078333209,0.0004338812868486368,0.04232919199322408,0.04443726370917573,9.68567213962097,0.0,False,100,
100000,2,True,0.1,padic,eigenvector_costweight,9,23,True,0.03882141448558365,0.03531486685776883,0.0004471842736633052,0.034236189441614384,0.036199530271641536,7.841392987927364,0.0,False,100,
100000,2,True,0.1,padic,eigenvector_costweight,10,29,True,0.030445283992545473,0.027692068964463565,0.00032306885406895806,0.026832395958866474,0.028618392259861604,8.522068882239727,0.0,False,100,
100000,2,True,0.1,padic,eigenvector_costweight,11,31,True,0.02840254224250195,0.025805406819884222,0.00031114394167591763,0.02511869219607698,0.026527059156252458,8.34705444891118,0.0,False,100,
100000,2,True,0.1,padic,eigenvector_costweight,12,37,True,0.023669958581476913,0.02145795274684691,0.00027527420909197344,0.0209284843958518,0.022191391803529,8.035645046176256,0.0,False,100,
100000,2,True,0.1,padic,eigenvector_costweight,13,41,True,0.021318599722702676,0.019325017310467575,0.0002708437514601549,0.018604330731932763,0.019969390725932772,7.360636534856108,0.0,False,100,
100000,2,True,0.1,padic,eigenvector_costweight,14,43,True,0.020305402448520447,0.018390235040479434,0.00026454209385614534,0.017732619039110258,0.018955548858782867,7.239556397714399,0.0,False,100,
100000,2,True,0.1,padic,eigenvector_costweight,15,47,True,0.018554127376566178,0.016835470726319433,0.0002613365953496341,0.016195798537490494,0.017597104887637122,6.576410196005707,0.0,False,100,
100000,2,True,0.1,padic,eigenvector_costweight,16,53,True,0.016444417865081756,0.01492053152084672,0.000232079668540675,0.014342822644283517,0.01567228839466711,6.566220788823439,0.0,False,100,
100000,2,True,0.1,padic,eigenvector_costweight,17,59,True,0.014770832636116048,0.013380909044973266,0.00024489842715788254,0.012679711435309509,0.014002109578647412,5.675510485196847,0.0,False,100,
100000,2,True,0.1,padic,eigenvector_costweight,18,61,True,0.014289407176388663,0.012939797675665887,0.00022742849438641693,0.012359317970991096,0.01348425382176572,5.9342146390402934,0.0,False,100,
100000,2,True,0.1,padic,eigenvector_costweight,19,67,True,0.013017031998588178,0.011795666611224725,0.00020302354284204772,0.011311739870839351,0.012334134473459138,6.015880573582929,0.0,False,100,
100000,2,True,0.1,padic,eigenvector_costweight,20,71,True,0.012296942102872178,0.011156595908657408,0.000207256560941244,0.010708822519427182,0.011612783276687216,5.50209937401236,0.0,False,100,
100000,2,True,0.1,padic,pagerank,1,2,True,0.15580095783078127,0.15511917496085337,2.8082084030830556e-05,0.15506342873164947,0.15519005136731892,24.278214863945323,0.0,False,100,
100000,2,True,0.1,padic,pagerank,2,3,True,0.05553602870551539,0.05660837528851254,2.853515845178948e-05,0.05654039471839069,0.05667282074070152,-37.57983628543373,0.0,False,100,
100000,2,True,0.1,padic,pagerank,3,5,True,0.03014054688768487,0.0309018050913371,2.4126624431394466e-05,0.030839993045239565,0.03095877844446571,-31.55261963052098,0.0,False,100,
100000,2,True,0.1,padic,pagerank,4,7,True,0.020774565398177416,0.02133987271514163,1.8687577078534802e-05,0.021289135246257904,0.021378932301656398,-30.250433996258636,0.0,False,100,
100000,2,True,0.1,padic,pagerank,5,11,True,0.012848493067141207,0.013211141697646644,1.523692147853729e-05,0.013174254680681698,0.01324306669420047,-23.800649692673446,0.0,False,100,
100000,2,True,0.1,padic,pagerank,6,13,True,0.010798503685841501,0.011098794976632598,1.3955181732077716e-05,0.011054369482884668,0.011128437808590895,-21.5182644379931,0.0,False,100,
100000,2,True,0.1,padic,pagerank,7,17,True,0.00819176389771878,0.008416397143990471,1.224980041478957e-05,0.008386588310084235,0.008453702854773733,-18.337706629120714,0.0,False,100,
100000,2,True,0.1,padic,pagerank,8,19,True,0.0073092222398307575,0.007508445155861716,1.3673543583514787e-05,0.007462812417767865,0.007542936604559819,-14.569955097166728,0.0,False,100,
100000,2,True,0.1,padic,pagerank,9,23,True,0.006016947639907427,0.006176592803823136,1.1631141801572726e-05,0.006147578953461981,0.0062015853048126525,-13.725665686074265,0.0,False,100,
100000,2,True,0.1,padic,pagerank,10,29,True,0.004758189365788747,0.004877636940761792,1.0422032481964748e-05,0.004850159041895166,0.0049023014745375225,-11.461063394280146,0.0,False,100,
100000,2,True,0.1,padic,pagerank,11,31,True,0.004448847739998196,0.004557108922335917,1.0333945883657624e-05,0.0045313769462832065,0.00458786344360854,-10.476267589994606,0.0,False,100,
100000,2,True,0.1,padic,pagerank,12,37,True,0.003723527338924215,0.0038098693595762624,8.69324664743865e-06,0.0037914596656241977,0.0038298684656271377,-9.932079941328443,0.0,False,100,
100000,2,True,0.1,padic,pagerank,13,41,True,0.003360309677560137,0.0034368253610479937,7.736394299098353e-06,0.0034105832047521692,0.0034549085134753087,-9.890354670363005,0.0,False,100,
100000,2,True,0.1,padic,pagerank,14,43,True,0.0032029240378895546,0.0032740365601928545,8.53480656269055e-06,0.003252845110983912,0.003298131895390411,-8.332060226668116,0.0,False,100,
100000,2,True,0.1,padic,pagerank,15,47,True,0.0029293971860000854,0.0029922101186366777,8.00191055304135e-06,0.0029703313714515146,0.0030075452288384403,-7.8497419110389535,0.0,False,100,
100000,2,True,0.1,padic,pagerank,16,53,True,0.0025979312380691334,0.0026500382886163677,7.240961268226344e-06,0.0026319835340546,0.0026753364637272566,-7.19615098286482,0.0,False,100,
100000,2,True,0.1,padic,pagerank,17,59,True,0.002334144309821923,0.0023785083645143025,7.238618180999643e-06,0.002362840148347094,0.0023934650657015874,-6.128801600397823,0.0,False,100,
100000,2,True,0.1,padic,pagerank,18,61,True,0.0022590525899895703,0.0023014965774454106,6.711758381935366e-06,0.0022812402697619063,0.0023178108600580933,-6.323825298907999,0.0,False,100,
100000,2,True,0.1,padic,pagerank,19,67,True,0.0020575133939071833,0.002095638234609118,6.1780925391450064e-06,0.0020842357133511037,0.0021116402773603228,-6.1709727493351005,0.0,False,100,
100000,2,True,0.1,padic,pagerank,20,71,True,0.0019412383217869114,0.001975560902515376,7.424011864478363e-06,0.0019546194558982305,0.001999815670698087,-4.623185058834501,0.0,False,100,
100000,2,False,0.1,padic,degree,1,2,True,49999.0,49999.0,0.0,49999.0,49999.0,0.0,1.0,True,100,
100000,2,False,0.1,padic,degree,2,3,True,33332.0,33332.0,0.0,33332.0,33332.0,0.0,1.0,True,100,
100000,2,False,0.1,padic,degree,3,5,True,19999.0,19999.0,0.0,19999.0,19999.0,0.0,1.0,True,100,
100000,2,False,0.1,padic,degree,4,7,True,14284.0,14284.0,0.0,14284.0,14284.0,0.0,1.0,True,100,
100000,2,False,0.1,padic,degree,5,11,True,9089.0,9089.0,0.0,9089.0,9089.0,0.0,1.0,True,100,
100000,2,False,0.1,padic,degree,6,13,True,7691.0,7691.0,0.0,7691.0,7691.0,0.0,1.0,True,100,
100000,2,False,0.1,padic,degree,7,17,True,5881.0,5881.0,0.0,5881.0,5881.0,0.0,1.0,True,100,
100000,2,False,0.1,padic,degree,8,19,True,5262.0,5262.0,0.0,5262.0,5262.0,0.0,1.0,True,100,
100000,2,False,0.1,padic,degree,9,23,True,4346.0,4346.0,0.0,4346.0,4346.0,0.0,1.0,True,100,
100000,2,False,0.1,padic,degree,10,29,True,3447.0,3447.0,0.0,3447.0,3447.0,0.0,1.0,True,100,
100000,2,False,0.1,padic,degree,11,31,True,3224.0,3224.0,0.0,3224.0,3224.0,0.0,1.0,True,100,
100000,2,False,0.1,padic,degree,12,37,True,2701.0,2701.0,0.0,2701.0,2701.0,0.0,1.0,True,100,
100000,2,False,0.1,padic,degree,13,41,True,2438.0,2438.0,0.0,2438.0,2438.0,0.0,1.0,True,100,
100000,2,False,0.1,padic,degree,14,43,True,2324.0,2324.0,0.0,2324.0,2324.0,0.0,1.0,True,100,
100000,2,False,0.1,padic,degree,15,47,True,2126.0,2126.0,0.0,2126.0,2126.0,0.0,1.0,True,100,
100000,2,False,0.1,padic,degree,16,53,True,1885.0,1885.0,0.0,1885.0,1885.0,0.0,1.0,True,100,
100000,2,False,0.1,padic,degree,17,59,True,1693.0,1693.0,0.0,1693.0,1693.0,0.0,1.0,True,100,
100000,2,False,0.1,padic,degree,18,61,True,1638.0,1638.0,0.0,1638.0,1638.0,0.0,1.0,True,100,
100000,2,False,0.1,padic,degree,19,67,True,1491.0,1491.0,0.0,1491.0,1491.0,0.0,1.0,True,100,
100000,2,False,0.1,padic,degree,20,71,True,1407.0,1407.0,0.0,1407.0,1407.0,0.0,1.0,True,100,
100000,2,False,0.1,padic,degree_weighted,1,2,True,149992.0,149992.0,0.0,149992.0,149992.0,0.0,1.0,True,100,
100000,2,False,0.1,padic,degree_weighted,2,3,True,83326.0,83326.0,0.0,83326.0,83326.0,0.0,1.0,True,100,
100000,2,False,0.1,padic,degree_weighted,3,5,True,44997.0,44997.0,0.0,44997.0,44997.0,0.0,1.0,True,100,
100000,2,False,0.1,padic,degree_weighted,4,7,True,30945.0,30945.0,0.0,30945.0,30945.0,0.0,1.0,True,100,
100000,2,False,0.1,padic,degree_weighted,5,11,True,19085.0,19085.0,0.0,19085.0,19085.0,0.0,1.0,True,100,
100000,2,False,0.1,padic,degree_weighted,6,13,True,16021.0,16021.0,0.0,16021.0,16021.0,0.0,1.0,True,100,
100000,2,False,0.1,padic,degree_weighted,7,17,True,12129.0,12129.0,0.0,12129.0,12129.0,0.0,1.0,True,100,
100000,2,False,0.1,padic,degree_weighted,8,19,True,10815.0,10815.0,0.0,10815.0,10815.0,0.0,1.0,True,100,
100000,2,False,0.1,padic,degree_weighted,9,23,True,8889.0,8889.0,0.0,8889.0,8889.0,0.0,1.0,True,100,
100000,2,False,0.1,padic,degree_weighted,10,29,True,7016.0,7016.0,0.0,7016.0,7016.0,0.0,1.0,True,100,
100000,2,False,0.1,padic,degree_weighted,11,31,True,6555.0,6555.0,0.0,6555.0,6555.0,0.0,1.0,True,100,
100000,2,False,0.1,padic,degree_weighted,12,37,True,5476.0,5476.0,0.0,5476.0,5476.0,0.0,1.0,True,100,
100000,2,False,0.1,padic,degree_weighted,13,41,True,4936.0,4936.0,0.0,4936.0,4936.0,0.0,1.0,True,100,
100000,2,False,0.1,padic,degree_weighted,14,43,True,4703.0,4703.0,0.0,4703.0,4703.0,0.0,1.0,True,100,
100000,2,False,0.1,padic,degree_weighted,15,47,True,4297.0,4297.0,0.0,4297.0,4297.0,0.0,1.0,True,100,
100000,2,False,0.1,padic,degree_weighted,16,53,True,3805.0,3805.0,0.0,3805.0,3805.0,0.0,1.0,True,100,
100000,2,False,0.1,padic,degree_weighted,17,59,True,3414.0,3414.0,0.0,3414.0,3414.0,0.0,1.0,True,100,
100000,2,False,0.1,padic,degree_weighted,18,61,True,3302.0,3302.0,0.0,3302.0,3302.0,0.0,1.0,True,100,
100000,2,False,0.1,padic,degree_weighted,19,67,True,3004.0,3004.0,0.0,3004.0,3004.0,0.0,1.0,True,100,
100000,2,False,0.1,padic,degree_weighted,20,71,True,2833.0,2833.0,0.0,2833.0,2833.0,0.0,1.0,True,100,
100000,2,False,0.1,padic,eigenvector,1,2,True,0.6505553097028983,0.6534818158875716,0.0003015052815326917,0.6527681718358057,0.6543838053446955,-9.70631814406748,0.0,False,100,
100000,2,False,0.1,padic,eigenvector,2,3,True,0.23296841645280977,0.23032064807744013,0.0009036300082297322,0.22783058282290394,0.23286779653267525,2.9301465768681045,0.0,False,100,
100000,2,False,0.1,padic,eigenvector,3,5,True,0.10762411354191581,0.10244766878938692,0.0007555851102208224,0.10033918932406426,0.10436498145808643,6.85090889498346,0.0,False,100,
100000,2,False,0.1,padic,eigenvector,4,7,True,0.07039682228547771,0.06601906926631833,0.00047862893283924843,0.06449184823461253,0.0673115134708208,9.146444602064355,0.0,False,100,
100000,2,False,0.1,padic,eigenvector,5,11,True,0.041710842820778984,0.038594990086105584,0.00037690899021228935,0.03732040683617987,0.03971184157749268,8.266857028054568,0.0,False,100,
100000,2,False,0.1,padic,eigenvector,6,13,True,0.03464993471020028,0.03198104442887575,0.0003743191038648141,0.03116010638614206,0.03298660767757708,7.1299868314720065,0.0,False,100,
100000,2,False,0.1,padic,eigenvector,7,17,True,0.02588763216236916,0.023794275708824385,0.00027346696792704736,0.023256765663649197,0.024518761094399228,7.654878647366409,0.0,False,100,
100000,2,False,0.1,padic,eigenvector,8,19,True,0.022984222097651625,0.02109974634186219,0.0002762532575766629,0.020522106734027705,0.022083121880650442,6.821551254527635,0.0,False,100,
100000,2,False,0.1,padic,eigenvector,9,23,True,0.018765772260246796,0.01720296664559152,0.00024494892297544335,0.016663024504044558,0.01781127269931215,6.380128541377365,0.0,False,100,
100000,2,False,0.1,padic,eigenvector,10,29,True,0.01471938972612516,0.013508194979209985,0.00020582385546766383,0.013073885841922588,0.014016719565388878,5.884617913522002,0.0,False,100,
100000,2,False,0.1,padic,eigenvector,11,65536,False,0.014077469015586083,0.0008212787809610892,0.0012165120822455297,0.0,0.0050092772957382415,10.896883333995108,0.0,False,100,
100000,2,False,0.1,padic,eigenvector,12,98304,False,0.01384246970056152,0.001519671545467713,0.001518760206093926,3.177829326826948e-07,0.008389105350593614,8.113722038310843,0.0,False,100,
100000,2,False,0.1,padic,eigenvector,13,31,True,0.013732892283280507,0.012570281652574091,0.0002154492392504523,0.012058693974322812,0.013154733722289034,5.396215993851413,0.0,False,100,
100000,2,False,0.1,padic,eigenvector,14,32768,False,0.013249382602904548,0.0007740324510326177,0.0010174368424086765,4.9016559657110965e-08,0.0033391392178577844,12.261547480763358,0.0,False,100,
100000,2,False,0.1,padic,eigenvector,15,49152,False,0.013014383287879985,0.001547493454621752,0.0016129239512732067,2.4899802776377953e-06,0.007847042769078307,7.109380342580024,0.0,False,100,
100000,2,False,0.1,padic,eigenvector,16,81920,False,0.012695283858209823,0.001545256496228854,0.0015388773385149631,3.173571833877154e-07,0.006181180844518727,7.245559527662478,0.0,False,100,
100000,2,False,0.1,padic,eigenvector,17,73728,False,0.012482840424026937,0.0016728516802970248,0.0017080616771589208,1.2808955929497008e-07,0.007557155077948117,6.328804684448248,0.0,False,100,
100000,2,False,0.1,padic,eigenvector,18,16384,False,0.012421296190223011,0.0007647310610731587,0.0011623005005293667,0.0,0.006681126374297881,10.028873878864289,0.0,False,100,
100000,2,False,0.1,padic,eigenvector,19,24576,False,0.012186296875198451,0.0014597030141977134,0.001448735041376736,3.183186797576228e-08,0.005897288521921005,7.404110175182365,0.0,False,100,
100000,2,False,0.1,padic,eigenvector,20,40960,False,0.01186719744552829,0.0014097202509207093,0.001220744844458292,2.4286891922054595e-08,0.005855722855627602,8.566472545086281,0.0,False,100,
100000,2,False,0.1,padic,eigenvector_costweight,1,2,True,0.5104986462795162,0.5198379991555296,0.0002818354581059169,0.5192360026118308,0.5204859925036391,-33.13760780413746,0.0,False,100,
100000,2,False,0.1,padic,eigenvector_costweight,2,3,True,0.38135460315845976,0.38226678687649385,0.0006404724471438675,0.38061286445756337,0.3835012300088534,-1.4242356905465372,0.18,False,100,
100000,2,False,0.1,padic,eigenvector_costweight,3,5,True,0.21707770384373015,0.20852580085448794,0.0009771214963583442,0.20607283052008293,0.2109337409559407,8.7521388293212,0.0,False,100,
100000,2,False,0.1,padic,eigenvector_costweight,4,7,True,0.1461846266708315,0.13738984353378686,0.0006814869167660744,0.13524737977498794,0.139412473686774,12.905285370377113,0.0,False,100,
100000,2,False,0.1,padic,eigenvector_costweight,5,11,True,0.08684546822273616,0.08017992089617346,0.000589347577810317,0.0786918590295694,0.08135361285991123,11.310044492467634,0.0,False,100,
100000,2,False,0.1,padic,eigenvector_costweight,6,13,True,0.07199103252369089,0.06612425498545352,0.00046376679958450267,0.06503592144302624,0.06707313382761633,12.650274973313131,0.0,False,100,
100000,2,False,0.1,padic,eigenvector_costweight,7,17,True,0.05352967868018644,0.04878720532972438,0.0004396955714432126,0.04772482230400424,0.049974402995250564,10.785811043981726,0.0,False,100,
100000,2,False,0.1,padic,eigenvector_costweight,8,19,True,0.047429564488472284,0.0431658637462585,0.00043778807582181605,0.0421038922936633,0.04423677041871712,9.739188839737045,0.0,False,100,
100000,2,False,0.1,padic,eigenvector_costweight,9,23,True,0.03860501083606416,0.03504426646153616,0.00045067524507066595,0.0339555042244011,0.03594153546080543,7.900909609467599,0.0,False,100,
100000,2,False,0.1,padic,eigenvector_costweight,10,29,True,0.030169940715167418,0.027371222431738628,0.0003258040960511621,0.026504280482855462,0.028307524581736753,8.590187530942853,0.0,False,100,
100000,2,False,0.1,padic,eigenvector_costweight,11,31,True,0.028113292821860786,0.025471614815099863,0.0003135232675244151,0.024781908568549768,0.026199378135143964,8.42577977583499,0.0,False,100,
100000,2,False,0.1,padic,eigenvector_costweight,12,37,True,0.023348676074534065,0.021096623911056156,0.00027718984632939465,0.020558112115102705,0.02183745271268448,8.124583902693601,0.0,False,100,
100000,2,False,0.1,padic,eigenvector_costweight,13,41,True,0.020981837874165868,0.01895035680547428,0.0002734413458415637,0.018222402864636462,0.019602192310548376,7.429311988058533,0.0,False,100,
100000,2,False,0.1,padic,eigenvector_costweight,14,43,True,0.019962055910510104,0.01800950148045058,0.000266638610427873,0.017346960634858577,0.01858126561157314,7.32284955628246,0.0,False,100,
100000,2,False,0.1,padic,eigenvector_costweight,15,47,True,0.01819929011393344,0.016445561760372252,0.0002633837594013836,0.015797354103996897,0.01721405652160287,6.658452888466039,0.0,False,100,
100000,2,False,0.1,padic,eigenvector_costweight,16,53,True,0.016075917527783878,0.01451926480221662,0.0002338629588973708,0.01393483642862445,0.015277931981681984,6.656260285539218,0.0,False,100,
100000,2,False,0.1,padic,eigenvector_costweight,17,59,True,0.014391631891617232,0.012970776373362334,0.00024685122600750207,0.012263318995890407,0.013593657612782537,5.755918417888346,0.0,False,100,
100000,2,False,0.1,padic,eigenvector_costweight,18,61,True,0.013907177100541826,0.012526478153757016,0.00022906587938878835,0.011940253237093955,0.013072528601569879,6.027519028451085,0.0,False,100,
100000,2,False,0.1,padic,eigenvector_costweight,19,67,True,0.012626748242887821,0.011376161007586956,0.000204564411868156,0.010887544720790994,0.011918404757701277,6.113415446411472,0.0,False,100,
100000,2,False,0.1,padic,eigenvector_costweight,20,71,True,0.011902117088989323,0.010733584780868118,0.0002086352643697384,0.01028798647527279,0.011194074847920454,5.600837958296258,0.0,False,100,
100000,2,False,0.1,padic,pagerank,1,2,True,0.11257978369930718,0.11162133467515858,3.1749286465272467e-05,0.11154306468529379,0.11170099117503027,30.188049271500446,0.0,False,100,
100000,2,False,0.1,padic,pagerank,2,3,True,0.06221652430477564,0.0629992497332608,3.19794005205621e-05,0.06293215292837172,0.06307685522233776,-24.47592561911468,0.0,False,100,
100000,2,False,0.1,padic,pagerank,3,5,True,0.03339459493740495,0.03435668543764991,2.7112166198560306e-05,0.034296470537580045,0.03443441245722991,-35.48556368380641,0.0,False,100,
100000,2,False,0.1,padic,pagerank,4,7,True,0.0229106530827104,0.023716562668339495,2.1003096817163396e-05,0.02366171824261925,0.023771181167597175,-38.37098846159318,0.0,False,100,
100000,2,False,0.1,padic,pagerank,5,11,True,0.014109808620700803,0.01467548527203654,1.7277548007973907e-05,0.014632388502875453,0.014716273699234573,-32.740563132839476,0.0,False,100,
100000,2,False,0.1,padic,pagerank,6,13,True,0.01184486540201307,0.012327701646036502,1.479730856433812e-05,0.012288803617465868,0.012358035322025725,-32.63000443114901,0.0,False,100,
100000,2,False,0.1,padic,pagerank,7,17,True,0.008971582477944409,0.009345536751554966,1.4276270576260906e-05,0.009316053287563098,0.0093879207915944,-26.194115025557647,0.0,False,100,
100000,2,False,0.1,padic,pagerank,8,19,True,0.008000108920954669,0.008336027943986198,1.576957408088367e-05,0.008285956894071135,0.008370036727561795,-21.30171818899911,0.0,False,100,
100000,2,False,0.1,padic,pagerank,9,23,True,0.006580083798558083,0.006856766718378974,1.271159758977449e-05,0.006825917403093143,0.006884258263382662,-21.766179889415127,0.0,False,100,
100000,2,False,0.1,padic,pagerank,10,29,True,0.005198607796017796,0.005413793474979805,1.1225786121376093e-05,0.005389724526584419,0.005440770673647984,-19.168873933225157,0.0,False,100,
100000,2,False,0.1,padic,pagerank,11,31,True,0.004859468640572386,0.0050568465752966274,1.15649367120405e-05,0.005022438347176862,0.005088334762181957,-17.06692735453933,0.0,False,100,
100000,2,False,0.1,padic,pagerank,12,37,True,0.004064660677843199,0.004227448443662157,9.704094342741505e-06,0.004202491668518981,0.004250066572636261,-16.77516314963688,0.0,False,100,
100000,2,False,0.1,padic,pagerank,13,41,True,0.0036668912838748735,0.0038123830430724726,9.251392350585286e-06,0.0037823343845628105,0.0038309403885532557,-15.726471614664085,0.0,False,100,
100000,2,False,0.1,padic,pagerank,14,43,True,0.0034945434535375904,0.003631747169854502,9.240594810836403e-06,0.0036103480609452386,0.003661333436607488,-14.847931234471318,0.0,False,100,
100000,2,False,0.1,padic,pagerank,15,47,True,0.0031951818170993258,0.0033176204123221576,9.403482616808933e-06,0.0032841434208173413,0.003340103525389442,-13.020558468834697,0.0,False,100,
100000,2,False,0.1,padic,pagerank,16,53,True,0.0028324950441237172,0.0029388776540173146,8.369415765351603e-06,0.002919036393276013,0.0029663009807894334,-12.710876466910594,0.0,False,100,
100000,2,False,0.1,padic,pagerank,17,59,True,0.002543954136358884,0.0026369718882988187,8.616176586727866e-06,0.0026178641080890283,0.0026560254729108682,-10.795710951794756,0.0,False,100,
100000,2,False,0.1,padic,pagerank,18,61,True,0.002461823669306437,0.0025506640717897406,7.422724720661285e-06,0.0025306772882611743,0.0025693951975148052,-11.968705000741112,0.0,False,100,
100000,2,False,0.1,padic,pagerank,19,67,True,0.0022414742623859158,0.0023221036612748325,6.975420020081856e-06,0.0023075089675050294,0.0023387018879375155,-11.559074386458189,0.0,False,100,
100000,2,False,0.1,padic,pagerank,20,71,True,0.0021143468804538292,0.0021892258838897716,7.985621417271411e-06,0.0021720739174893567,0.002218152792990605,-9.376728437688461,0.0,False,100,
100000,2,True,0.1,uniform,degree,1,2,True,59590.0,59590.0,0.0,59590.0,59590.0,0.0,1.0,True,100,
100000,2,True,0.1,uniform,degree,2,3,True,33333.0,33333.0,0.0,33333.0,33333.0,0.0,1.0,True,100,
100000,2,True,0.1,uniform,degree,3,5,True,20000.0,20000.0,0.0,20000.0,20000.0,0.0,1.0,True,100,
100000,2,True,0.1,uniform,degree,4,7,True,14285.0,14285.0,0.0,14285.0,14285.0,0.0,1.0,True,100,
100000,2,True,0.1,uniform,degree,5,11,True,9090.0,9090.0,0.0,9090.0,9090.0,0.0,1.0,True,100,
100000,2,True,0.1,uniform,degree,6,13,True,7692.0,7692.0,0.0,7692.0,7692.0,0.0,1.0,True,100,
100000,2,True,0.1,uniform,degree,7,17,True,5882.0,5882.0,0.0,5882.0,5882.0,0.0,1.0,True,100,
100000,2,True,0.1,uniform,degree,8,19,True,5263.0,5263.0,0.0,5263.0,5263.0,0.0,1.0,True,100,
100000,2,True,0.1,uniform,degree,9,23,True,4347.0,4347.0,0.0,4347.0,4347.0,0.0,1.0,True,100,
100000,2,True,0.1,uniform,degree,10,29,True,3448.0,3448.0,0.0,3448.0,3448.0,0.0,1.0,True,100,
100000,2,True,0.1,uniform,degree,11,31,True,3225.0,3225.0,0.0,3225.0,3225.0,0.0,1.0,True,100,
100000,2,True,0.1,uniform,degree,12,37,True,2702.0,2702.0,0.0,2702.0,2702.0,0.0,1.0,True,100,
100000,2,True,0.1,uniform,degree,13,41,True,2439.0,2439.0,0.0,2439.0,2439.0,0.0,1.0,True,100,
100000,2,True,0.1,uniform,degree,14,43,True,2325.0,2325.0,0.0,2325.0,2325.0,0.0,1.0,True,100,
100000,2,True,0.1,uniform,degree,15,47,True,2127.0,2127.0,0.0,2127.0,2127.0,0.0,1.0,True,100,
100000,2,True,0.1,uniform,degree,16,53,True,1886.0,1886.0,0.0,1886.0,1886.0,0.0,1.0,True,100,
100000,2,True,0.1,uniform,degree,17,59,True,1694.0,1694.0,0.0,1694.0,1694.0,0.0,1.0,True,100,
100000,2,True,0.1,uniform,degree,18,61,True,1639.0,1639.0,0.0,1639.0,1639.0,0.0,1.0,True,100,
100000,2,True,0.1,uniform,degree,19,67,True,1492.0,1492.0,0.0,1492.0,1492.0,0.0,1.0,True,100,
100000,2,True,0.1,uniform,degree,20,71,True,1408.0,1408.0,0.0,1408.0,1408.0,0.0,1.0,True,100,
100000,2,True,0.1,uniform,degree_weighted,1,2,True,145909.0,145909.0,0.0,145909.0,145909.0,0.0,1.0,True,100,
100000,2,True,0.1,uniform,degree_weighted,2,3,True,33342.0,33342.0,0.0,33342.0,33342.0,0.0,1.0,True,100,
100000,2,True,0.1,uniform,degree_weighted,3,5,True,20009.0,20009.0,0.0,20009.0,20009.0,0.0,1.0,True,100,
100000,2,True,0.1,uniform,degree_weighted,4,7,True,14294.0,14294.0,0.0,14294.0,14294.0,0.0,1.0,True,100,
100000,2,True,0.1,uniform,degree_weighted,5,11,True,9099.0,9099.0,0.0,9099.0,9099.0,0.0,1.0,True,100,
100000,2,True,0.1,uniform,degree_weighted,6,13,True,7701.0,7701.0,0.0,7701.0,7701.0,0.0,1.0,True,100,
100000,2,True,0.1,uniform,degree_weighted,7,17,True,5891.0,5891.0,0.0,5891.0,5891.0,0.0,1.0,True,100,
100000,2,True,0.1,uniform,degree_weighted,8,19,True,5272.0,5272.0,0.0,5272.0,5272.0,0.0,1.0,True,100,
100000,2,True,0.1,uniform,degree_weighted,9,23,True,4356.0,4356.0,0.0,4356.0,4356.0,0.0,1.0,True,100,
100000,2,True,0.1,uniform,degree_weighted,10,29,True,3457.0,3457.0,0.0,3457.0,3457.0,0.0,1.0,True,100,
100000,2,True,0.1,uniform,degree_weighted,11,31,True,3234.0,3234.0,0.0,3234.0,3234.0,0.0,1.0,True,100,
100000,2,True,0.1,uniform,degree_weighted,12,37,True,2711.0,2711.0,0.0,2711.0,2711.0,0.0,1.0,True,100,
100000,2,True,0.1,uniform,degree_weighted,13,41,True,2448.0,2448.0,0.0,2448.0,2448.0,0.0,1.0,True,100,
100000,2,True,0.1,uniform,degree_weighted,14,43,True,2334.0,2334.0,0.0,2334.0,2334.0,0.0,1.0,True,100,
100000,2,True,0.1,uniform,degree_weighted,15,47,True,2136.0,2136.0,0.0,2136.0,2136.0,0.0,1.0,True,100,
100000,2,True,0.1,uniform,degree_weighted,16,53,True,1895.0,1895.0,0.0,1895.0,1895.0,0.0,1.0,True,100,
100000,2,True,0.1,uniform,degree_weighted,17,59,True,1703.0,1703.0,0.0,1703.0,1703.0,0.0,1.0,True,100,
100000,2,True,0.1,uniform,degree_weighted,18,61,True,1648.0,1648.0,0.0,1648.0,1648.0,0.0,1.0,True,100,
100000,2,True,0.1,uniform,degree_weighted,19,67,True,1501.0,1501.0,0.0,1501.0,1501.0,0.0,1.0,True,100,
100000,2,True,0.1,uniform,degree_weighted,20,71,True,1417.0,1417.0,0.0,1417.0,1417.0,0.0,1.0,True,100,
100000,2,True,0.1,uniform,eigenvector,1,2,True,0.7065047541169174,0.7065453334001972,1.2432302616091344e-06,0.7065418444359938,0.7065482624555816,-32.640199111248016,0.0,False,100,
100000,2,True,0.1,uniform,eigenvector,2,3,True,0.019827477971635785,0.019617421537441015,5.341169391011883e-05,0.019497428053780557,0.019751392589828266,3.932779861808042,0.0,False,100,
100000,2,True,0.1,uniform,eigenvector,3,5,True,0.014669597009708235,0.014330498102013199,5.5645980513743705e-05,0.014221168974398547,0.014473364436563567,6.093861669151248,0.0,False,100,
100000,2,True,0.1,uniform,eigenvector,4,7,True,0.012465991814108615,0.012168545815380391,3.674306486591914e-05,0.012080607713821785,0.012267960403394463,8.095296345409428,0.0,False,100,
100000,2,True,0.1,uniform,eigenvector,5,11,True,0.010473357642312144,0.010256636378458497,3.0215693836095303e-05,0.01015335111877668,0.0103424961945839,7.172473517545241,0.0,False,100,
100000,2,True,0.1,uniform,eigenvector,6,13,True,0.009939108186583463,0.00974958057475911,2.8464317736183583e-05,0.009680211163039389,0.009821653908734587,6.65842805652153,0.0,False,100,
100000,2,True,0.1,uniform,eigenvector,7,17,True,0.009248995043551552,0.009094071478347983,2.3900119866806217e-05,0.009040712362733473,0.0091513385988212,6.4821250297884685,0.0,False,100,
100000,2,True,0.1,uniform,eigenvector,8,19,True,0.00901312727783403,0.00887313034798175,2.2599834175295247e-05,0.00882934343187013,0.008927053729569128,6.1945998703529375,0.0,False,100,
100000,2,True,0.1,uniform,eigenvector,9,23,True,0.008665034984558315,0.00854921874918719,2.277201129513933e-05,0.008502152704659177,0.008601820645695191,5.085902772051035,0.0,False,100,
100000,2,True,0.1,uniform,eigenvector,10,29,True,0.008324289658134759,0.008231934863305122,1.858251740688167e-05,0.00818853193438635,0.008271712997526976,4.969982958037321,0.0,False,100,
100000,2,True,0.1,uniform,eigenvector,11,31,True,0.008239423893788829,0.008153191850847182,1.8656883260035037e-05,0.008116953724535017,0.008202412666711399,4.621996168371986,0.0,False,100,
100000,2,True,0.1,uniform,eigenvector,12,37,True,0.008041693768449742,0.007968920495815917,1.8425321806051456e-05,0.0079232792283068,0.008004328283642555,3.9496337377359887,0.0,False,100,
100000,2,True,0.1,uniform,eigenvector,13,41,True,0.007941839568609856,0.007875705694206713,1.569427997599776e-05,0.007844551009604761,0.007933571352264615,4.213883943977408,0.0,False,100,
100000,2,True,0.1,uniform,eigenvector,14,43,True,0.00789873822945527,0.007836821224264707,1.5680300040644798e-05,0.0077939095416808,0.007879954852732877,3.9487130367448477,0.0,False,100,
100000,2,True,0.1,uniform,eigenvector,15,47,True,0.007823871166689852,0.00776830812012565,1.6647973045168296e-05,0.007733979949100468,0.007813591724255116,3.3375262209671592,0.0,False,100,
100000,2,True,0.1,uniform,eigenvector,16,53,True,0.007733158938985466,0.007683886492710517,1.4882046158439815e-05,0.007646746892378321,0.007715786139721904,3.3108650349806883,0.0,False,100,
100000,2,True,0.1,uniform,eigenvector,17,59,True,0.007660660319990192,0.007614260656418042,1.4542930489547782e-05,0.007580342583742298,0.007655608877050454,3.1905305196566065,0.0,False,100,
100000,2,True,0.1,uniform,eigenvector,18,61,True,0.007639556660212398,0.007596567482677897,1.3977511846605388e-05,0.007569486350642404,0.007634907293274615,3.07559585756639,0.0,False,100,
100000,2,True,0.1,uniform,eigenvector,19,67,True,0.007584417664320976,0.0075436733106260916,1.2688186991614798e-05,0.00751402165678517,0.007583315497739763,3.211203753681174,0.0,False,100,
100000,2,True,0.1,uniform,eigenvector,20,71,True,0.007552746475543447,0.007514703033346532,1.3017202795438334e-05,0.007469949851225924,0.007554613156829178,2.922551241979834,0.02,False,100,
100000,2,True,0.1,uniform,eigenvector_costweight,1,2,True,0.5584217936926522,0.5656513069621273,0.00024830599281973364,0.5650800292783431,0.5663242605320402,-29.11533945426597,0.0,False,100,
100000,2,True,0.1,uniform,eigenvector_costweight,2,3,True,0.34834721306156435,0.34747687017542206,0.0005939559267568078,0.3458014819824406,0.34877692649411446,1.4653324378707782,0.14,False,100,
100000,2,True,0.1,uniform,eigenvector_costweight,3,5,True,0.18389052797478717,0.1759537746660104,0.0008995125135508586,0.17377151257043807,0.1783779968063566,8.823393993093061,0.0,False,100,
100000,2,True,0.1,uniform,eigenvector_costweight,4,7,True,0.12248942104059325,0.11497782560302788,0.0005746944384102856,0.11328810015350618,0.11642492017482094,13.070590100617373,0.0,False,100,
100000,2,True,0.1,uniform,eigenvector_costweight,5,11,True,0.07280125702242482,0.06728084523562905,0.0004797888292571626,0.06601151513067106,0.06840498190755044,11.50591979255287,0.0,False,100,
100000,2,True,0.1,uniform,eigenvector_costweight,6,13,True,0.06045199618898212,0.05565780727940954,0.00040671203668260345,0.054821154987934745,0.05676602671429351,11.787674022822074,0.0,False,100,
100000,2,True,0.1,uniform,eigenvector_costweight,7,17,True,0.045109000526062815,0.0412685144906313,0.00035146601714312593,0.04050775629757804,0.04212655189529255,10.927047987878609,0.0,False,100,
100000,2,True,0.1,uniform,eigenvector_costweight,8,19,True,0.04002651657482254,0.036559648564742406,0.0003437333247935441,0.035787968839892215,0.03738102962414009,10.085923476178658,0.0,False,100,
100000,2,True,0.1,uniform,eigenvector_costweight,9,23,True,0.032669569664336845,0.029789145579765884,0.00033889430508834197,0.029051900455228024,0.030562835605462312,8.499476212266536,0.0,False,100,
100000,2,True,0.1,uniform,eigenvector_costweight,10,29,True,0.025623550594337113,0.023366101830949355,0.00026914208409332285,0.022657479822616174,0.024037238804310686,8.38757257525362,0.0,False,100,
100000,2,True,0.1,uniform,eigenvector_costweight,11,31,True,0.023901818978260443,0.021770514746816065,0.00026614931890920056,0.02117783978388319,0.02245776100080741,8.007926678826095,0.0,False,100,
100000,2,True,0.1,uniform,eigenvector_costweight,12,37,True,0.019907653203438663,0.01810709217212271,0.00023808119274304468,0.017595158145315693,0.01868529588313534,7.562802464868562,0.0,False,100,
100000,2,True,0.1,uniform,eigenvector_costweight,13,41,True,0.017919226478976494,0.016277660875017343,0.00021240818727100396,0.015844131504107357,0.016929750978258815,7.728353718610387,0.0,False,100,
100000,2,True,0.1,uniform,eigenvector_costweight,14,43,True,0.01706588897702854,0.015500238961657465,0.0002174009602669974,0.014987859104286492,0.01599537058567714,7.201670192478667,0.0,False,100,
100000,2,True,0.1,uniform,eigenvector_costweight,15,47,True,0.01558266288573125,0.014176514490946607,0.00022505761432589955,0.013777153375462007,0.014948810714725097,6.24794854862556,0.0,False,100,
100000,2,True,0.1,uniform,eigenvector_costweight,16,53,True,0.013794294481050897,0.012551487818091319,0.00018784357903491906,0.012070130462369663,0.013159631448704667,6.6161785744539685,0.0,False,100,
100000,2,True,0.1,uniform,eigenvector_costweight,17,59,True,0.012375958067204483,0.011241659076314556,0.00020161244030877752,0.010667577383807136,0.011746426115662652,5.626135912807274,0.0,False,100,
100000,2,True,0.1,uniform,eigenvector_costweight,18,61,True,0.011968687449353256,0.010866831507290578,0.00018637746648465968,0.01042482584830836,0.011352201415578073,5.911959009021995,0.0,False,100,
100000,2,True,0.1,uniform,eigenvector_costweight,19,67,True,0.010893828960104561,0.009885708875005433,0.00017290011957568285,0.009475227251807775,0.010372514210038113,5.830650016744753,0.0,False,100,
100000,2,True,0.1,uniform,eigenvector_costweight,20,71,True,0.010280640469317039,0.009341837853869996,0.00017596853125790242,0.00888490762431896,0.009811635829064408,5.335059676500453,0.0,False,100,
100000,2,True,0.1,uniform,pagerank,1,2,True,0.16536475660114924,0.16505114305478322,2.93033050617061e-05,0.16499135860419162,0.16513875336424116,10.70232677527859,0.0,False,100,
100000,2,True,0.1,uniform,pagerank,2,3,True,0.04697549625099139,0.048360062066038496,2.3814893660356175e-05,0.04830609591769453,0.048417117233881424,-58.13865200464712,0.0,False,100,
100000,2,True,0.1,uniform,pagerank,3,5,True,0.028018846293587484,0.028908093513386454,2.0868341402767728e-05,0.028848501066390538,0.02895684419435687,-42.61226144599209,0.0,False,100,
100000,2,True,0.1,uniform,pagerank,4,7,True,0.019996983801176822,0.020615044375761622,1.846965390157098e-05,0.020557991292318337,0.020649227801771936,-33.46357099481072,0.0,False,100,
100000,2,True,0.1,uniform,pagerank,5,11,True,0.01274159124893455,0.013102367676615302,1.5350347923897165e-05,0.013065072932264865,0.013136836594285654,-23.5028176214234,0.0,False,100,
100000,2,True,0.1,uniform,pagerank,6,13,True,0.010793458292264605,0.011081358454027104,1.3335848672016775e-05,0.011044802418672691,0.011119339289626185,-21.5884394644196,0.0,False,100,
100000,2,True,0.1,uniform,pagerank,7,17,True,0.008271570696552882,0.008475713598770552,1.165940334455854e-05,0.008448014780530338,0.008504272690134927,-17.508863548574432,0.0,False,100,
100000,2,True,0.1,uniform,pagerank,8,19,True,0.007407301850973552,0.007583207960989945,1.1830593681588148e-05,0.007554885235978437,0.007609853952438176,-14.86874748222954,0.0,False,100,
100000,2,True,0.1,uniform,pagerank,9,23,True,0.006129355664936298,0.00626357437301064,1.1525807849692158e-05,0.006234706086541234,0.0062940367828315325,-11.64505862189316,0.0,False,100,
100000,2,True,0.1,uniform,pagerank,10,29,True,0.004873539246176675,0.004967374639690007,1.0568777621638452e-05,0.004941302064763904,0.004991191872517332,-8.87854744159,0.0,False,100,
100000,2,True,0.1,uniform,pagerank,11,31,True,0.004562695149894477,0.00464500578504492,9.243162672367121e-06,0.004621911321650013,0.004666889798204491,-8.905029378798613,0.0,False,100,
100000,2,True,0.1,uniform,pagerank,12,37,True,0.0038314269588368257,0.0038935269579255644,9.005040081188734e-06,0.0038751876776058477,0.003912129179376651,-6.896137999259356,0.0,False,100,
100000,2,True,0.1,uniform,pagerank,13,41,True,0.003463599001182244,0.0035162192379127716,7.551035297411049e-06,0.0034868806916091627,0.0035358887251010426,-6.968612204550224,0.0,False,100,
100000,2,True,0.1,uniform,pagerank,14,43,True,0.0033035119894795216,0.003350879230405949,8.177042767110548e-06,0.0033349964730319706,0.003375361199411269,-5.792710430346076,0.0,False,100,
100000,2,True,0.1,uniform,pagerank,15,47,True,0.0030252813436372336,0.0030663685115699447,7.413511970339497e-06,0.00304624769809576,0.003082003463275536,-5.542200255033665,0.0,False,100,
100000,2,True,0.1,uniform,pagerank,16,53,True,0.0026875195567306813,0.002719309665952256,6.943175108693404e-06,0.0027029639123696894,0.002739033881464611,-4.578612626631157,0.0,False,100,
100000,2,True,0.1,uniform,pagerank,17,59,True,0.00241784390740517,0.0024428151422992896,6.974161966288249e-06,0.0024231674019250613,0.0024601352971909125,-3.580535556074814,0.0,False,100,
100000,2,True,0.1,uniform,pagerank,18,61,True,0.0023409330230141096,0.002364199644824464,7.222495238716064e-06,0.002343511716833682,0.0023814945517365966,-3.2214104739916283,0.0,False,100,
100000,2,True,0.1,uniform,pagerank,19,67,True,0.002134160050764583,0.0021537785733434208,5.8005143099693664e-06,0.002140846314539553,0.0021664531025130307,-3.38220397889901,0.0,False,100,
100000,2,True,0.1,uniform,pagerank,20,71,True,0.002015424044218473,0.0020319868097090753,7.274891592384624e-06,0.002010421638084943,0.002054041959273855,-2.276702721995165,0.04,False,100,
100000,2,False,0.1,uniform,degree,1,2,True,49999.0,49999.0,0.0,49999.0,49999.0,0.0,1.0,True,100,
100000,2,False,0.1,uniform,degree,2,3,True,33332.0,33332.0,0.0,33332.0,33332.0,0.0,1.0,True,100,
100000,2,False,0.1,uniform,degree,3,5,True,19999.0,19999.0,0.0,19999.0,19999.0,0.0,1.0,True,100,
100000,2,False,0.1,uniform,degree,4,7,True,14284.0,14284.0,0.0,14284.0,14284.0,0.0,1.0,True,100,
100000,2,False,0.1,uniform,degree,5,11,True,9089.0,9089.0,0.0,9089.0,9089.0,0.0,1.0,True,100,
100000,2,False,0.1,uniform,degree,6,13,True,7691.0,7691.0,0.0,7691.0,7691.0,0.0,1.0,True,100,
100000,2,False,0.1,uniform,degree,7,17,True,5881.0,5881.0,0.0,5881.0,5881.0,0.0,1.0,True,100,
100000,2,False,0.1,uniform,degree,8,19,True,5262.0,5262.0,0.0,5262.0,5262.0,0.0,1.0,True,100,
100000,2,False,0.1,uniform,degree,9,23,True,4346.0,4346.0,0.0,4346.0,4346.0,0.0,1.0,True,100,
100000,2,False,0.1,uniform,degree,10,29,True,3447.0,3447.0,0.0,3447.0,3447.0,0.0,1.0,True,100,
100000,2,False,0.1,uniform,degree,11,31,True,3224.0,3224.0,0.0,3224.0,3224.0,0.0,1.0,True,100,
100000,2,False,0.1,uniform,degree,12,37,True,2701.0,2701.0,0.0,2701.0,2701.0,0.0,1.0,True,100,
100000,2,False,0.1,uniform,degree,13,41,True,2438.0,2438.0,0.0,2438.0,2438.0,0.0,1.0,True,100,
100000,2,False,0.1,uniform,degree,14,43,True,2324.0,2324.0,0.0,2324.0,2324.0,0.0,1.0,True,100,
100000,2,False,0.1,uniform,degree,15,47,True,2126.0,2126.0,0.0,2126.0,2126.0,0.0,1.0,True,100,
100000,2,False,0.1,uniform,degree,16,53,True,1885.0,1885.0,0.0,1885.0,1885.0,0.0,1.0,True,100,
100000,2,False,0.1,uniform,degree,17,59,True,1693.0,1693.0,0.0,1693.0,1693.0,0.0,1.0,True,100,
100000,2,False,0.1,uniform,degree,18,61,True,1638.0,1638.0,0.0,1638.0,1638.0,0.0,1.0,True,100,
100000,2,False,0.1,uniform,degree,19,67,True,1491.0,1491.0,0.0,1491.0,1491.0,0.0,1.0,True,100,
100000,2,False,0.1,uniform,degree,20,71,True,1407.0,1407.0,0.0,1407.0,1407.0,0.0,1.0,True,100,
100000,2,False,0.1,uniform,degree_weighted,1,2,True,49999.0,49999.0,0.0,49999.0,49999.0,0.0,1.0,True,100,
100000,2,False,0.1,uniform,degree_weighted,2,3,True,33332.0,33332.0,0.0,33332.0,33332.0,0.0,1.0,True,100,
100000,2,False,0.1,uniform,degree_weighted,3,5,True,19999.0,19999.0,0.0,19999.0,19999.0,0.0,1.0,True,100,
100000,2,False,0.1,uniform,degree_weighted,4,7,True,14284.0,14284.0,0.0,14284.0,14284.0,0.0,1.0,True,100,
100000,2,False,0.1,uniform,degree_weighted,5,11,True,9089.0,9089.0,0.0,9089.0,9089.0,0.0,1.0,True,100,
100000,2,False,0.1,uniform,degree_weighted,6,13,True,7691.0,7691.0,0.0,7691.0,7691.0,0.0,1.0,True,100,
100000,2,False,0.1,uniform,degree_weighted,7,17,True,5881.0,5881.0,0.0,5881.0,5881.0,0.0,1.0,True,100,
100000,2,False,0.1,uniform,degree_weighted,8,19,True,5262.0,5262.0,0.0,5262.0,5262.0,0.0,1.0,True,100,
100000,2,False,0.1,uniform,degree_weighted,9,23,True,4346.0,4346.0,0.0,4346.0,4346.0,0.0,1.0,True,100,
100000,2,False,0.1,uniform,degree_weighted,10,29,True,3447.0,3447.0,0.0,3447.0,3447.0,0.0,1.0,True,100,
100000,2,False,0.1,uniform,degree_weighted,11,31,True,3224.0,3224.0,0.0,3224.0,3224.0,0.0,1.0,True,100,
100000,2,False,0.1,uniform,degree_weighted,12,37,True,2701.0,2701.0,0.0,2701.0,2701.0,0.0,1.0,True,100,
100000,2,False,0.1,uniform,degree_weighted,13,41,True,2438.0,2438.0,0.0,2438.0,2438.0,0.0,1.0,True,100,
100000,2,False,0.1,uniform,degree_weighted,14,43,True,2324.0,2324.0,0.0,2324.0,2324.0,0.0,1.0,True,100,
100000,2,False,0.1,uniform,degree_weighted,15,47,True,2126.0,2126.0,0.0,2126.0,2126.0,0.0,1.0,True,100,
100000,2,False,0.1,uniform,degree_weighted,16,53,True,1885.0,1885.0,0.0,1885.0,1885.0,0.0,1.0,True,100,
100000,2,False,0.1,uniform,degree_weighted,17,59,True,1693.0,1693.0,0.0,1693.0,1693.0,0.0,1.0,True,100,
100000,2,False,0.1,uniform,degree_weighted,18,61,True,1638.0,1638.0,0.0,1638.0,1638.0,0.0,1.0,True,100,
100000,2,False,0.1,uniform,degree_weighted,19,67,True,1491.0,1491.0,0.0,1491.0,1491.0,0.0,1.0,True,100,
100000,2,False,0.1,uniform,degree_weighted,20,71,True,1407.0,1407.0,0.0,1407.0,1407.0,0.0,1.0,True,100,
100000,2,False,0.1,uniform,eigenvector,1,2,True,0.5579182005144097,0.5651763466552417,0.00024887534183092616,0.5646039261970944,0.565850327927082,-29.163781704668434,0.0,False,100,
100000,2,False,0.1,uniform,eigenvector,2,3,True,0.34906138777267254,0.3481893724729009,0.0005939949226169229,0.3465146210693245,0.3494903074006731,1.4680517737928342,0.14,False,100,
100000,2,False,0.1,uniform,eigenvector,3,5,True,0.18408231194320598,0.1761130414663064,0.0009021315584539364,0.1739245688048901,0.1785455132634138,8.833822963201984,0.0,False,100,
100000,2,False,0.1,uniform,eigenvector,4,7,True,0.12251883012847813,0.11497603513412935,0.0005763523619105818,0.11328070563762434,0.11642624144289362,13.087124288594557,0.0,False,100,
100000,2,False,0.1,uniform,eigenvector,5,11,True,0.072717550759191,0.06717312844076066,0.0004811180612954697,0.06590165570151599,0.06829951223619031,11.524036955713662,0.0,False,100,
100000,2,False,0.1,uniform,eigenvector,6,13,True,0.06034306249200023,0.05552732948026164,0.0004077988588250129,0.054689582040427204,0.05663800954239327,11.809088984736592,0.0,False,100,
100000,2,False,0.1,uniform,eigenvector,7,17,True,0.044970431291266454,0.04111176139268904,0.0003523888228926573,0.040348656444562314,0.0419721046823815,10.950034870296706,0.0,False,100,
100000,2,False,0.1,uniform,eigenvector,8,19,True,0.03987854725530331,0.036394725095705384,0.00034461949305038963,0.03562041305751513,0.037218244451062255,10.109184854173465,0.0,False,100,
100000,2,False,0.1,uniform,eigenvector,9,23,True,0.03250839828275901,0.029612952445648245,0.00033971071359607027,0.028873323599613584,0.030389109809020213,8.523269126429607,0.0,False,100,
100000,2,False,0.1,uniform,eigenvector,10,29,True,0.02545013518365514,0.023179774395692066,0.0002698045792014714,0.022469131744839357,0.023852151160083313,8.414834153973834,0.0,False,100,
100000,2,False,0.1,uniform,eigenvector,11,31,True,0.023725492591600932,0.021581618072463126,0.0002667694251712894,0.0209873914887148,0.022270762969343147,8.036432652509736,0.0,False,100,
100000,2,False,0.1,uniform,eigenvector,12,37,True,0.019724616820959915,0.017912602693330112,0.00023864963355773447,0.017399504084987676,0.018492725424018214,7.5927798447318,0.0,False,100,
100000,2,False,0.1,uniform,eigenvector,13,41,True,0.017732908457989263,0.016080438993231208,0.00021292546394000969,0.015645769921805518,0.016733565975620687,7.7607883725153295,0.0,False,100,
100000,2,False,0.1,uniform,eigenvector,14,43,True,0.016878174709876573,0.015301823990489185,0.00021790418563545752,0.01478850765275341,0.015798402128666327,7.234146121564375,0.0,False,100,
100000,2,False,0.1,uniform,eigenvector,15,47,True,0.01539251861382789,0.01397620161554578,0.00022558005189345854,0.013575832238314978,0.014750361946744521,6.278556044268646,0.0,False,100,
100000,2,False,0.1,uniform,eigenvector,16,53,True,0.013601238256994417,0.012348845910745252,0.00018828508355271648,0.011866454311040267,0.012958910128195306,6.65157495547713,0.0,False,100,
100000,2,False,0.1,uniform,eigenvector,17,59,True,0.012180609717836986,0.011037159394086157,0.00020207770127875552,0.010461512119850948,0.011542599336253175,5.658468581714019,0.0,False,100,
100000,2,False,0.1,uniform,eigenvector,18,61,True,0.0117726890276618,0.010661714615007896,0.00018676596935175257,0.0102186795058724,0.011147830313171845,5.948484172518112,0.0,False,100,
100000,2,False,0.1,uniform,eigenvector,19,67,True,0.010696111753634755,0.009679282704479698,0.00017331815039621013,0.009267586436526429,0.010167260422897607,5.86683533623315,0.0,False,100,
100000,2,False,0.1,uniform,eigenvector,20,71,True,0.010081939211351656,0.009134671958112125,0.00017629882677399939,0.0086775486991601,0.00960498929935754,5.373077464967189,0.0,False,100,
100000,2,False,0.1,uniform,eigenvector_costweight,1,2,True,0.5579182005122436,0.5651763466552916,0.0002488753418475304,0.5646039261954183,0.5658503279275361,-29.163781711626775,0.0,False,100,
100000,2,False,0.1,uniform,eigenvector_costweight,2,3,True,0.3490613877709669,0.34818937247294307,0.0005939949226558679,0.346514621068874,0.34949030740073544,1.4680517707539058,0.14,False,100,
100000,2,False,0.1,uniform,eigenvector_costweight,3,5,True,0.18408231194136962,0.17611304146635706,0.0009021315583678314,0.17392456880517748,0.17854551326334495,8.833822961953313,0.0,False,100,
100000,2,False,0.1,uniform,eigenvector_costweight,4,7,True,0.12251883012628391,0.11497603513361865,0.0005763523616558284,0.1132807056395139,0.11642624144368414,13.087124291458075,0.0,False,100,
100000,2,False,0.1,uniform,eigenvector_costweight,5,11,True,0.07271755074552239,0.06717312844045448,0.0004811180630711288,0.06590165568469628,0.06829951223941741,11.524036885408378,0.0,False,100,
100000,2,False,0.1,uniform,eigenvector_costweight,6,13,True,0.060343062538884634,0.05552732948100221,0.0004077988611051889,0.054689582021039296,0.05663800957759695,11.809089031860184,0.0,False,100,
100000,2,False,0.1,uniform,eigenvector_costweight,7,17,True,0.04497043130120811,0.041111761393817385,0.0003523888235405499,0.04034865645987351,0.04197210469238855,10.950034875174461,0.0,False,100,
100000,2,False,0.1,uniform,eigenvector_costweight,8,19,True,0.03987854726198914,0.036394725096509095,0.00034461949339141225,0.035620413057070595,0.0372182444607454,10.109184861238221,0.0,False,100,
100000,2,False,0.1,uniform,eigenvector_costweight,9,23,True,0.032508398284912,0.029612952444715228,0.00033971071418547786,0.02887332359017062,0.03038910979908886,8.523269120725777,0.0,False,100,
100000,2,False,0.1,uniform,eigenvector_costweight,10,29,True,0.025450135188557158,0.02317977439447918,0.0002698045799023201,0.02246913172993409,0.023852151158478843,8.414834154779571,0.0,False,100,
100000,2,False,0.1,uniform,eigenvector_costweight,11,31,True,0.02372549258440525,0.021581618071596056,0.0002667694249666208,0.02098739148871387,0.02227076297098265,8.03643263495228,0.0,False,100,
100000,2,False,0.1,uniform,eigenvector_costweight,12,37,True,0.019724616824241023,0.017912602693318645,0.00023864963236525555,0.017399504085768177,0.018492725410426132,7.592779896467943,0.0,False,100,
100000,2,False,0.1,uniform,eigenvector_costweight,13,41,True,0.017732908462553838,0.01608043899318825,0.00021292546371650734,0.015645769914516258,0.016733565974859973,7.7607884023007445,0.0,False,100,
100000,2,False,0.1,uniform,eigenvector_costweight,14,43,True,0.01687817470948824,0.015301823990673955,0.00021790418589154558,0.014788507655203788,0.01579840213139421,7.2341461104325395,0.0,False,100,
100000,2,False,0.1,uniform,eigenvector_costweight,15,47,True,0.015392518606916891,0.013976201616180225,0.0002255800518279114,0.01357583223927493,0.01475036194768171,6.278556012643919,0.0,False,100,
100000,2,False,0.1,uniform,eigenvector_costweight,16,53,True,0.013601238260891501,0.012348845910359021,0.00018828508347583454,0.011866454308382055,0.012958910133187783,6.651574980942217,0.0,False,100,
100000,2,False,0.1,uniform,eigenvector_costweight,17,59,True,0.012180609714815188,0.011037159392792054,0.00020207770145112456,0.010461512115576232,0.011542599336679359,5.658468568337766,0.0,False,100,
100000,2,False,0.1,uniform,eigenvector_costweight,18,61,True,0.011772689023096498,0.01066171461537913,0.00018676596890771698,0.010218679507754899,0.011147830320632622,5.948484160228953,0.0,False,100,
100000,2,False,0.1,uniform,eigenvector_costweight,19,67,True,0.0106961117375232,0.009679282704731076,0.00017331815042723962,0.009267586434839969,0.01016726042494198,5.866835240772998,0.0,False,100,
100000,2,False,0.1,uniform,eigenvector_costweight,20,71,True,0.010081939220468815,0.00913467195824285,0.0001762988265965182,0.008677548699161045,0.009604989302286397,5.373077521349081,0.0,False,100,
100000,2,False,0.1,uniform,pagerank,1,2,True,0.08961912146150396,0.08882231220504087,2.8569584411393004e-05,0.08874584900731251,0.08889669661523918,27.89012416104065,0.0,False,100,
100000,2,False,0.1,uniform,pagerank,2,3,True,0.0577833223704613,0.05877771593951963,2.5645298015430495e-05,0.058724346153304824,0.0588362690386784,-38.77488842048303,0.0,False,100,
100000,2,False,0.1,uniform,pagerank,3,5,True,0.0339460706858072,0.03505115898438067,2.2524169509194092e-05,0.03499055777419055,0.03509802405071648,-49.06233271430396,0.0,False,100,
100000,2,False,0.1,uniform,pagerank,4,7,True,0.02406058345534327,0.024972920668442276,1.9959655432272302e-05,0.024917186700335152,0.025022139517132412,-45.709066280967946,0.0,False,100,
100000,2,False,0.1,uniform,pagerank,5,11,True,0.01522331857851605,0.01585722117506936,1.6002090884531445e-05,0.01581195584966088,0.015894336698360274,-39.613735550401515,0.0,False,100,
100000,2,False,0.1,uniform,pagerank,6,13,True,0.012868405280470884,0.013408151805073806,1.3911824348567634e-05,0.013377531842094451,0.013437599882152155,-38.797681100573506,0.0,False,100,
100000,2,False,0.1,uniform,pagerank,7,17,True,0.009832680721255652,0.01024910606792247,1.3409038540636155e-05,0.010214675092407668,0.01028335967052816,-31.055570867727575,0.0,False,100,
100000,2,False,0.1,uniform,pagerank,8,19,True,0.008794294130500535,0.009167500990118043,1.4053205547551093e-05,0.009140447783643507,0.009199586773682879,-26.55670682071144,0.0,False,100,
100000,2,False,0.1,uniform,pagerank,9,23,True,0.007264384976168799,0.007570667742466265,1.2248583428513033e-05,0.007543588663145166,0.007595488923157592,-25.005566405702204,0.0,False,100,
100000,2,False,0.1,uniform,pagerank,10,29,True,0.005764611071944548,0.006001716308940785,1.0642522109279241e-05,0.00597897384571176,0.006029281432179496,-22.279045752651744,0.0,False,100,
100000,2,False,0.1,uniform,pagerank,11,31,True,0.00539409878484049,0.005610811158791453,1.0469012200649492e-05,0.00558068653671632,0.005634711725611803,-20.700365019874727,0.0,False,100,
100000,2,False,0.1,uniform,pagerank,12,37,True,0.0045235687702317425,0.00470189092569951,9.153892715889303e-06,0.004681048226959911,0.00472175802266826,-19.48047251616099,0.0,False,100,
100000,2,False,0.1,uniform,pagerank,13,41,True,0.00408624659273178,0.004244691128012004,9.857284251863857e-06,0.004209304715755178,0.004263762812276126,-16.073852719653825,0.0,False,100,
100000,2,False,0.1,uniform,pagerank,14,43,True,0.003895958232297551,0.004044938241635165,8.437351067081116e-06,0.004025536050342024,0.004076985378606311,-17.657201668290167,0.0,False,100,
100000,2,False,0.1,uniform,pagerank,15,47,True,0.003565826132806993,0.0036991308965804975,8.694877004318375e-06,0.0036778909684023384,0.0037266286631946846,-15.331414545288915,0.0,False,100,
100000,2,False,0.1,uniform,pagerank,16,53,True,0.0031650626357823106,0.003280993232535209,7.641801330308068e-06,0.0032653002624538382,0.0033018733488335487,-15.170585015486967,0.0,False,100,
100000,2,False,0.1,uniform,pagerank,17,59,True,0.0028454033367849157,0.002945680967945603,7.753618525877851e-06,0.0029253010150307535,0.0029659027999967176,-12.93301067443644,0.0,False,100,
100000,2,False,0.1,uniform,pagerank,18,61,True,0.0027542388544924837,0.002850056618666356,7.300248370572166e-06,0.0028304385359961518,0.0028685807741344912,-13.125274553687957,0.0,False,100,
100000,2,False,0.1,uniform,pagerank,19,67,True,0.0025094160612401215,0.0025953854684630383,6.329277948587852e-06,0.0025808370521701544,0.0026134872028262626,-13.5828143306769,0.0,False,100,
100000,2,False,0.1,uniform,pagerank,20,71,True,0.0023687537770249825,0.002448747982947936,7.18959993702689e-06,0.0024315709376765632,0.002471970772608418,-11.126377910261567,0.0,False,100,
100000,2,True,0.1,log,degree,1,2,True,59590.0,59590.0,0.0,59590.0,59590.0,0.0,1.0,True,100,
100000,2,True,0.1,log,degree,2,3,True,33333.0,33333.0,0.0,33333.0,33333.0,0.0,1.0,True,100,
100000,2,True,0.1,log,degree,3,5,True,20000.0,20000.0,0.0,20000.0,20000.0,0.0,1.0,True,100,
100000,2,True,0.1,log,degree,4,7,True,14285.0,14285.0,0.0,14285.0,14285.0,0.0,1.0,True,100,
100000,2,True,0.1,log,degree,5,11,True,9090.0,9090.0,0.0,9090.0,9090.0,0.0,1.0,True,100,
100000,2,True,0.1,log,degree,6,13,True,7692.0,7692.0,0.0,7692.0,7692.0,0.0,1.0,True,100,
100000,2,True,0.1,log,degree,7,17,True,5882.0,5882.0,0.0,5882.0,5882.0,0.0,1.0,True,100,
100000,2,True,0.1,log,degree,8,19,True,5263.0,5263.0,0.0,5263.0,5263.0,0.0,1.0,True,100,
100000,2,True,0.1,log,degree,9,23,True,4347.0,4347.0,0.0,4347.0,4347.0,0.0,1.0,True,100,
100000,2,True,0.1,log,degree,10,29,True,3448.0,3448.0,0.0,3448.0,3448.0,0.0,1.0,True,100,
100000,2,True,0.1,log,degree,11,31,True,3225.0,3225.0,0.0,3225.0,3225.0,0.0,1.0,True,100,
100000,2,True,0.1,log,degree,12,37,True,2702.0,2702.0,0.0,2702.0,2702.0,0.0,1.0,True,100,
100000,2,True,0.1,log,degree,13,41,True,2439.0,2439.0,0.0,2439.0,2439.0,0.0,1.0,True,100,
100000,2,True,0.1,log,degree,14,43,True,2325.0,2325.0,0.0,2325.0,2325.0,0.0,1.0,True,100,
100000,2,True,0.1,log,degree,15,47,True,2127.0,2127.0,0.0,2127.0,2127.0,0.0,1.0,True,100,
100000,2,True,0.1,log,degree,16,53,True,1886.0,1886.0,0.0,1886.0,1886.0,0.0,1.0,True,100,
100000,2,True,0.1,log,degree,17,59,True,1694.0,1694.0,0.0,1694.0,1694.0,0.0,1.0,True,100,
100000,2,True,0.1,log,degree,18,61,True,1639.0,1639.0,0.0,1639.0,1639.0,0.0,1.0,True,100,
100000,2,True,0.1,log,degree,19,67,True,1492.0,1492.0,0.0,1492.0,1492.0,0.0,1.0,True,100,
100000,2,True,0.1,log,degree,20,71,True,1408.0,1408.0,0.0,1408.0,1408.0,0.0,1.0,True,100,
100000,2,True,0.1,log,degree_weighted,1,2,True,130566.66588077674,130566.66588077674,0.0,130566.66588077674,130566.66588077674,-0.99498743710662,1.0,True,100,
100000,2,True,0.1,log,degree_weighted,2,3,True,36628.94480588007,36628.94480588007,0.0,36628.94480588007,36628.94480588007,0.0,1.0,True,100,
100000,2,True,0.1,log,degree_weighted,3,5,True,32197.14881075896,32197.14881075897,7.31261254447754e-12,32197.14881075896,32197.14881075896,-0.9949874371066201,1.0,True,100,
100000,2,True,0.1,log,degree_weighted,4,7,True,27805.38056909925,27805.380569099263,1.462522508895508e-11,27805.38056909925,27805.38056909925,-0.9949874371066201,1.0,True,100,
100000,2,True,0.1,log,degree_weighted,5,11,True,21804.470134464023,21804.470134464027,3.65630627223877e-12,21804.470134464023,21804.470134464023,-0.9949874371066199,1.0,True,100,
100000,2,True,0.1,log,degree_weighted,6,13,True,19737.025508236813,19737.025508236813,0.0,19737.025508236813,19737.025508236813,-0.9949874371066199,1.0,True,100,
100000,2,True,0.1,log,degree_weighted,7,17,True,16672.127676394924,16672.127676394924,0.0,16672.127676394924,16672.127676394924,-0.99498743710662,1.0,True,100,
100000,2,True,0.1,log,degree_weighted,8,19,True,15503.637908372506,15503.63790837251,3.65630627223877e-12,15503.637908372506,15503.637908372506,-0.9949874371066201,1.0,True,100,
100000,2,True,0.1,log,degree_weighted,9,23,True,13636.857862426734,13636.857862426732,1.828153136119385e-12,13636.857862426734,13636.857862426734,0.0,1.0,True,100,
100000,2,True,0.1,log,degree_weighted,10,29,True,11617.068725963974,11617.068725963974,0.0,11617.068725963974,11617.068725963974,0.99498743710662,1.0,True,100,
100000,2,True,0.1,log,degree_weighted,11,31,True,11081.17474726016,11081.174747260155,5.484459408358155e-12,11081.17474726016,11081.17474726016,-0.99498743710662,1.0,True,100,
100000,2,True,0.1,log,degree_weighted,12,37,True,9763.089282051731,9763.089282051733,1.828153136119385e-12,9763.089282051731,9763.089282051731,-0.9949874371066201,1.0,True,100,
100000,2,True,0.1,log,degree_weighted,13,41,True,9063.688698625632,9063.68869862563,1.828153136119385e-12,9063.688698625632,9063.688698625632,-0.99498743710662,1.0,True,100,
100000,2,True,0.1,log,degree_weighted,14,43,True,8751.029068872384,8751.029068872384,0.0,8751.029068872384,8751.029068872384,0.9949874371066201,1.0,True,100,
100000,2,True,0.1,log,degree_weighted,15,47,True,8195.413801235438,8195.413801235436,1.828153136119385e-12,8195.413801235438,8195.413801235438,0.9949874371066199,1.0,True,100,
100000,2,True,0.1,log,degree_weighted,16,53,True,7494.000257046018,7494.0002570460165,1.828153136119385e-12,7494.000257046018,7494.000257046018,0.9949874371066201,1.0,True,100,
100000,2,True,0.1,log,degree_weighted,17,59,True,6913.270892532188,6913.270892532189,9.140765680596925e-13,6913.270892532188,6913.270892532188,-0.99498743710662,1.0,True,100,
100000,2,True,0.1,log,degree_weighted,18,61,True,6743.611389515866,6743.611389515867,9.140765680596925e-13,6743.611389515866,6743.611389515866,-0.9949874371066199,1.0,True,100,
100000,2,True,0.1,log,degree_weighted,19,67,True,6279.19669551187,6279.196695511872,2.7422297041790776e-12,6279.19669551187,6279.19669551187,-0.99498743710662,1.0,True,100,
100000,2,True,0.1,log,degree_weighted,20,71,True,6007.590586997186,6007.590586997187,9.140765680596925e-13,6007.590586997186,6007.590586997186,0.99498743710662,1.0,True,100,
100000,2,True,0.1,log,eigenvector,1,2,True,0.7051110904906748,0.7051916271630357,1.910812018115354e-06,0.7051869420289654,0.7051963504871518,-42.14787828286659,0.0,False,100,
100000,2,True,0.1,log,eigenvector,2,3,True,0.019608803258386848,0.019127997348960694,4.045244270816426e-05,0.019043538551118212,0.01923470702683048,11.885707691246834,0.0,False,100,
100000,2,True,0.1,log,eigenvector,3,5,True,0.018273445439495446,0.017635706414653285,6.196636287396321e-05,0.017511205053000353,0.017802389699322425,10.291696902387141,0.0,False,100,
100000,2,True,0.1,log,eigenvector,4,7,True,0.01680559936153561,0.01621127884920254,5.0779390044935785e-05,0.01609070896955506,0.016352469562758532,11.703971075807468,0.0,False,100,
100000,2,True,0.1,log,eigenvector,5,11,True,0.014726092065074012,0.014257871968656443,5.211622141179882e-05,0.014088034743518971,0.014404234332697672,8.984152797991754,0.0,False,100,
100000,2,True,0.1,log,eigenvector,6,13,True,0.013998040176958689,0.013581710971804233,5.084820804354009e-05,0.013458029904286002,0.013709383671320447,8.187686865935532,0.0,False,100,
100000,2,True,0.1,log,eigenvector,7,17,True,0.012913158512321972,0.012564775555689252,4.836338540166832e-05,0.01245656937651446,0.012692251949035362,7.2034443771735654,0.0,False,100,
100000,2,True,0.1,log,eigenvector,8,19,True,0.012498155784452951,0.01218172048594453,4.731701647041168e-05,0.012081347015246678,0.012301126040982,6.687558136855339,0.0,False,100,
100000,2,True,0.1,log,eigenvector,9,23,True,0.011835805119291488,0.011571989938235385,5.089707722861884e-05,0.011461737459716589,0.011693823130834707,5.183307086006093,0.0,False,100,
100000,2,True,0.1,log,eigenvector,10,29,True,0.011120405277465946,0.010911390916815745,4.532776727645336e-05,0.010803445890868681,0.011014920615082566,4.6111770600883375,0.0,False,100,
100000,2,True,0.1,log,eigenvector,11,31,True,0.010929565606715985,0.010736461912261646,4.569693917558585e-05,0.010645480318518809,0.010851911880340051,4.225746799197129,0.0,False,100,
100000,2,True,0.1,log,eigenvector,12,37,True,0.01046414725400731,0.010303072223263751,4.712184500852064e-05,0.010186694496484967,0.010401843930954923,3.418266638635112,0.0,False,100,
100000,2,True,0.1,log,eigenvector,13,41,True,0.010216408339889294,0.01007113303431224,4.036039637705648e-05,0.00999641221110921,0.010211140761483765,3.599451903788391,0.0,False,100,
100000,2,True,0.1,log,eigenvector,14,43,True,0.010106115856518428,0.009972396847588825,4.1084421489974414e-05,0.00985326607490248,0.01007353858158166,3.2547375399269027,0.0,False,100,
100000,2,True,0.1,log,eigenvector,15,47,True,0.009910410599676124,0.009791798843544997,4.407846246042033e-05,0.009695740489367511,0.009905940659475875,2.6909231745012305,0.0,False,100,
100000,2,True,0.1,log,eigenvector,16,53,True,0.009664837713890019,0.009562375959593895,4.1755288362670184e-05,0.009455609180690949,0.009652775924017839,2.453862931233501,0.0,False,100,
100000,2,True,0.1,log,eigenvector,17,59,True,0.009461178192780424,0.009365699258835056,4.134623254909191e-05,0.009274516427251014,0.009489413604718772,2.309253541589336,0.02,False,100,
100000,2,True,0.1,log,eigenvector,18,61,True,0.009400865327555682,0.009314521754109283,4.072273950923028e-05,0.009240803338527422,0.009423215803618918,2.120279099269092,0.04,False,100,
100000,2,True,0.1,log,eigenvector,19,67,True,0.009239016552998582,0.009157093591812203,3.67097761117125e-05,0.009072208642271545,0.009269439630866983,2.2316388129711475,0.04,False,100,
100000,2,True,0.1,log,eigenvector,20,71,True,0.009144272585919893,0.009069459712951285,3.992551213587401e-05,0.00892652890644625,0.009179320398672796,1.873811229121047,0.06,False,100,
100000,2,True,0.1,log,eigenvector_costweight,1,2,True,0.6783035931294518,0.6793296960966723,0.00016579108632815598,0.678892720160467,0.6796652860625958,-6.189132298642456,0.0,False,100,
100000,2,True,0.1,log,eigenvector_costweight,2,3,True,0.18207195998417863,0.18010289063843776,0.0006485967634396284,0.1785887913450943,0.18170315523931166,3.0358914147189564,0.0,False,100,
100000,2,True,0.1,log,eigenvector_costweight,3,5,True,0.06603179243987052,0.06305870122766898,0.00045890063218895504,0.06207192540376567,0.06421381435530656,6.478725466164414,0.0,False,100,
100000,2,True,0.1,log,eigenvector_costweight,4,7,True,0.03803017199364641,0.03585313186243348,0.00024052978487567938,0.035266392879473134,0.03649989359191081,9.051020988266197,0.0,False,100,
100000,2,True,0.1,log,eigenvector_costweight,5,11,True,0.0194185507730632,0.01812659316715754,0.00016081344823857047,0.017592026408700927,0.018583603585086494,8.033890324825382,0.0,False,100,
100000,2,True,0.1,log,eigenvector_costweight,6,13,True,0.015354783086832977,0.014295181777896238,0.0001394282133235204,0.013982925146055621,0.014637452113917107,7.599619070482592,0.0,False,100,
100000,2,True,0.1,log,eigenvector_costweight,7,17,True,0.01065502636763338,0.00986903362351239,0.00010651919298826002,0.009628885189946217,0.010100916564755391,7.378883767994901,0.0,False,100,
100000,2,True,0.1,log,eigenvector_costweight,8,19,True,0.009191077541976147,0.008505252361259907,9.839830198310175e-05,0.008322627869299496,0.008750753446145761,6.969888370980359,0.0,False,100,
100000,2,True,0.1,log,eigenvector_costweight,9,23,True,0.007164770872927368,0.006628636720295825,9.33137532228365e-05,0.006430692966632037,0.00684530398986478,5.7454998230671706,0.0,False,100,
100000,2,True,0.1,log,eigenvector_costweight,10,29,True,0.005339723887030818,0.0049413053781048495,6.987268154532765e-05,0.004769174985806058,0.005092784412832137,5.702064098792433,0.0,False,100,
100000,2,True,0.1,log,eigenvector_costweight,11,31,True,0.004911885464164537,0.004544267558882153,6.915587511015261e-05,0.004402953001178787,0.004733104364441124,5.31578704913845,0.0,False,100,
100000,2,True,0.1,log,eigenvector_costweight,12,37,True,0.003953528542768711,0.0036564190243231747,6.415767538675942e-05,0.003501955305198119,0.0037797293580345143,4.630927112843189,0.0,False,100,
100000,2,True,0.1,log,eigenvector_costweight,13,30030,False,0.0036515070262892295,0.0025983889694317012,0.001235354796703773,5.38254138883268e-06,0.003627111009977325,0.8524822663638839,0.0,False,100,
100000,2,True,0.1,log,eigenvector_costweight,14,60060,False,0.0036515070262892295,0.0025632596618720706,0.0012541586088205717,6.981408014650772e-05,0.003621195979415777,0.8677111146576285,0.0,False,100,
100000,2,True,0.1,log,eigenvector_costweight,15,90090,False,0.0036515070262892295,0.002576542778430805,0.0012896528446756142,2.4633772021086426e-05,0.0036150700994559263,0.8335299319475468,0.0,False,100,
100000,2,True,0.1,log,eigenvector_costweight,16,78540,False,0.0036448399981874073,0.0026808887755805392,0.001228881616196252,6.758048181487993e-05,0.0036250358772846026,0.784413412896987,0.0,False,100,
100000,2,True,0.1,log,eigenvector_costweight,17,39270,False,0.0036448399981874073,0.0024840816608410884,0.001350468403153591,3.3800859847962013e-06,0.00362373151467634,0.8595227660534194,0.0,False,100,
100000,2,True,0.1,log,eigenvector_costweight,18,87780,False,0.0036429250731905083,0.002505104193517682,0.0013603426127086872,1.7659310289981082e-05,0.0036269218218430562,0.8364222873289402,0.0,False,100,
100000,2,True,0.1,log,eigenvector_costweight,19,43890,False,0.0036429250731905083,0.0024400911489120183,0.001419759336479204,2.5159753055568257e-06,0.003627388606450811,0.8472097301091484,0.0,False,100,
100000,2,True,0.1,log,eigenvector_costweight,20,53130,False,0.0036404194292596124,0.002663313305388693,0.0012215434431850456,5.5930488072494965e-05,0.003615118606005913,0.799894698237844,0.0,False,100,
100000,2,True,0.1,log,pagerank,1,2,True,0.05780398855112719,0.06072131770994168,3.8533582391611775e-05,0.06061635370237706,0.06080946228690639,-75.70874488559224,0.0,False,100,
100000,2,True,0.1,log,pagerank,2,3,True,0.01790497859686412,0.022067635514130206,3.6109053752907395e-05,0.021968372114887374,0.022157522127352624,-115.28014402567689,0.0,False,100,
100000,2,True,0.1,log,pagerank,3,5,True,0.015722980500440645,0.018820603878558207,4.2733055338754635e-05,0.018723479811990375,0.018906747376631547,-72.48775809644319,0.0,False,100,
100000,2,True,0.1,log,pagerank,4,7,True,0.013559016685609422,0.0158451536963533,4.071696696048148e-05,0.015756679721248647,0.015952416382872238,-56.1470360246314,0.0,False,100,
100000,2,True,0.1,log,pagerank,5,11,True,0.010611130078049945,0.012014047113401672,3.422951971784559e-05,0.011937239161947421,0.012102201686546691,-40.98558924916257,0.0,False,100,
100000,2,True,0.1,log,pagerank,6,13,True,0.00959769129494569,0.01073914116060749,3.456495182504731e-05,0.010655966314570947,0.010865502052526073,-33.02333159436528,0.0,False,100,
100000,2,True,0.1,log,pagerank,7,17,True,0.008098050822732841,0.00890921728553479,2.8162971670745935e-05,0.008832289355742021,0.008970871779445385,-28.80258774838539,0.0,False,100,
100000,2,True,0.1,log,pagerank,8,19,True,0.00752644587591596,0.008220991267717106,2.789703969740231e-05,0.00815639987138795,0.008293289958946532,-24.89674170932975,0.0,False,100,
100000,2,True,0.1,log,pagerank,9,23,True,0.0066145866279374394,0.007142317391125228,2.552336164925241e-05,0.007079245361373755,0.007208578687427227,-20.67638152215134,0.0,False,100,
100000,2,True,0.1,log,pagerank,10,29,True,0.005629292518399101,0.005993419380112953,2.3263323481358694e-05,0.005941253025109634,0.006063205850403435,-15.652400741692507,0.0,False,100,
100000,2,True,0.1,log,pagerank,11,31,True,0.00536875212435878,0.005692380987844787,2.1990697319497363e-05,0.005620484469471922,0.005742662787469337,-14.716625797903674,0.0,False,100,
100000,2,True,0.1,log,pagerank,12,37,True,0.0047263476312227465,0.00496305344632876,2.295442616685749e-05,0.004911413514252844,0.005012731731199756,-10.311990087897746,0.0,False,100,
100000,2,True,0.1,log,pagerank,13,41,True,0.004385884652065614,0.00457920024982611,1.9168236488523707e-05,0.004517255764095491,0.004614804631961534,-10.085205171390532,0.0,False,100,
100000,2,True,0.1,log,pagerank,14,43,True,0.004234377157795614,0.004406938990039081,2.0055358153940777e-05,0.004369930812845023,0.004462627912405977,-8.60427577103919,0.0,False,100,
100000,2,True,0.1,log,pagerank,15,47,True,0.003962882670115441,0.004108449206497718,1.9515209075271532e-05,0.004059271291240919,0.004147199266223341,-7.459132813838639,0.0,False,100,
100000,2,True,0.1,log,pagerank,16,53,True,0.0036218464193274106,0.003732304291525252,1.9924739111692142e-05,0.003687054860571338,0.003798991000458235,-5.543755006208529,0.0,False,100,
100000,2,True,0.1,log,pagerank,17,59,True,0.0033397043483330523,0.003418503079122053,1.802554423187079e-05,0.0033757161720556475,0.003467406928270128,-4.371503560468249,0.0,False,100,
100000,2,True,0.1,log,pagerank,18,61,True,0.003256795246000749,0.003330291404370717,1.961096521545497e-05,0.0032866742911019406,0.003383328438633903,-3.747707344462988,0.0,False,100,
100000,2,True,0.1,log,pagerank,19,67,True,0.003031787145784684,0.0030864173513688448,1.620159577053757e-05,0.003046537552691278,0.0031235988357660137,-3.3719027654982465,0.0,False,100,
100000,2,True,0.1,log,pagerank,20,71,True,0.002900072089328726,0.0029425677440576047,1.6745281683682415e-05,0.002898296664883444,0.0029911309728685,-2.537768879115877,0.02,False,100,
100000,2,False,0.1,log,degree,1,2,True,49999.0,49999.0,0.0,49999.0,49999.0,0.0,1.0,True,100,
100000,2,False,0.1,log,degree,2,3,True,33332.0,33332.0,0.0,33332.0,33332.0,0.0,1.0,True,100,
100000,2,False,0.1,log,degree,3,5,True,19999.0,19999.0,0.0,19999.0,19999.0,0.0,1.0,True,100,
100000,2,False,0.1,log,degree,4,7,True,14284.0,14284.0,0.0,14284.0,14284.0,0.0,1.0,True,100,
100000,2,False,0.1,log,degree,5,11,True,9089.0,9089.0,0.0,9089.0,9089.0,0.0,1.0,True,100,
100000,2,False,0.1,log,degree,6,13,True,7691.0,7691.0,0.0,7691.0,7691.0,0.0,1.0,True,100,
100000,2,False,0.1,log,degree,7,17,True,5881.0,5881.0,0.0,5881.0,5881.0,0.0,1.0,True,100,
100000,2,False,0.1,log,degree,8,19,True,5262.0,5262.0,0.0,5262.0,5262.0,0.0,1.0,True,100,
100000,2,False,0.1,log,degree,9,23,True,4346.0,4346.0,0.0,4346.0,4346.0,0.0,1.0,True,100,
100000,2,False,0.1,log,degree,10,29,True,3447.0,3447.0,0.0,3447.0,3447.0,0.0,1.0,True,100,
100000,2,False,0.1,log,degree,11,31,True,3224.0,3224.0,0.0,3224.0,3224.0,0.0,1.0,True,100,
100000,2,False,0.1,log,degree,12,37,True,2701.0,2701.0,0.0,2701.0,2701.0,0.0,1.0,True,100,
100000,2,False,0.1,log,degree,13,41,True,2438.0,2438.0,0.0,2438.0,2438.0,0.0,1.0,True,100,
100000,2,False,0.1,log,degree,14,43,True,2324.0,2324.0,0.0,2324.0,2324.0,0.0,1.0,True,100,
100000,2,False,0.1,log,degree,15,47,True,2126.0,2126.0,0.0,2126.0,2126.0,0.0,1.0,True,100,
100000,2,False,0.1,log,degree,16,53,True,1885.0,1885.0,0.0,1885.0,1885.0,0.0,1.0,True,100,
100000,2,False,0.1,log,degree,17,59,True,1693.0,1693.0,0.0,1693.0,1693.0,0.0,1.0,True,100,
100000,2,False,0.1,log,degree,18,61,True,1638.0,1638.0,0.0,1638.0,1638.0,0.0,1.0,True,100,
100000,2,False,0.1,log,degree,19,67,True,1491.0,1491.0,0.0,1491.0,1491.0,0.0,1.0,True,100,
100000,2,False,0.1,log,degree,20,71,True,1407.0,1407.0,0.0,1407.0,1407.0,0.0,1.0,True,100,
100000,2,False,0.1,log,degree_weighted,1,3,True,36618.94480588007,36618.94480588007,0.0,36618.94480588007,36618.94480588007,0.0,1.0,True,100,
100000,2,False,0.1,log,degree_weighted,2,2,True,34656.665880776745,34656.66588077676,1.462522508895508e-11,34656.665880776745,34656.665880776745,-0.99498743710662,1.0,True,100,
100000,2,False,0.1,log,degree_weighted,3,5,True,32187.14881075896,32187.14881075897,7.31261254447754e-12,32187.14881075896,32187.14881075896,-0.9949874371066201,1.0,True,100,
100000,2,False,0.1,log,degree_weighted,4,7,True,27795.38056909925,27795.380569099263,1.462522508895508e-11,27795.38056909925,27795.38056909925,-0.9949874371066201,1.0,True,100,
100000,2,False,0.1,log,degree_weighted,5,11,True,21794.470134464023,21794.470134464027,3.65630627223877e-12,21794.470134464023,21794.470134464023,-0.9949874371066199,1.0,True,100,
100000,2,False,0.1,log,degree_weighted,6,13,True,19727.025508236813,19727.025508236813,0.0,19727.025508236813,19727.025508236813,-0.9949874371066199,1.0,True,100,
100000,2,False,0.1,log,degree_weighted,7,17,True,16662.127676394924,16662.127676394924,0.0,16662.127676394924,16662.127676394924,-0.99498743710662,1.0,True,100,
100000,2,False,0.1,log,degree_weighted,8,19,True,15493.637908372506,15493.63790837251,3.65630627223877e-12,15493.637908372506,15493.637908372506,-0.9949874371066201,1.0,True,100,
100000,2,False,0.1,log,degree_weighted,9,23,True,13626.857862426734,13626.857862426732,1.828153136119385e-12,13626.857862426734,13626.857862426734,0.0,1.0,True,100,
100000,2,False,0.1,log,degree_weighted,10,29,True,11607.068725963974,11607.068725963974,0.0,11607.068725963974,11607.068725963974,0.99498743710662,1.0,True,100,
100000,2,False,0.1,log,degree_weighted,11,31,True,11071.17474726016,11071.174747260155,5.484459408358155e-12,11071.17474726016,11071.17474726016,-0.99498743710662,1.0,True,100,
100000,2,False,0.1,log,degree_weighted,12,37,True,9753.089282051731,9753.089282051733,1.828153136119385e-12,9753.089282051731,9753.089282051731,-0.9949874371066201,1.0,True,100,
100000,2,False,0.1,log,degree_weighted,13,41,True,9053.688698625632,9053.68869862563,1.828153136119385e-12,9053.688698625632,9053.688698625632,-0.99498743710662,1.0,True,100,
100000,2,False,0.1,log,degree_weighted,14,43,True,8741.029068872384,8741.029068872384,0.0,8741.029068872384,8741.029068872384,0.9949874371066201,1.0,True,100,
100000,2,False,0.1,log,degree_weighted,15,47,True,8185.413801235437,8185.413801235434,2.7422297041790776e-12,8185.413801235437,8185.413801235437,0.99498743710662,1.0,True,100,
100000,2,False,0.1,log,degree_weighted,16,53,True,7484.000257046018,7484.0002570460165,1.828153136119385e-12,7484.000257046018,7484.000257046018,0.99498743710662,1.0,True,100,
100000,2,False,0.1,log,degree_weighted,17,59,True,6903.270892532188,6903.270892532189,9.140765680596925e-13,6903.270892532188,6903.270892532188,-0.99498743710662,1.0,True,100,
100000,2,False,0.1,log,degree_weighted,18,61,True,6733.611389515866,6733.611389515867,9.140765680596925e-13,6733.611389515866,6733.611389515866,-0.9949874371066199,1.0,True,100,
100000,2,False,0.1,log,degree_weighted,19,67,True,6269.19669551187,6269.196695511872,2.7422297041790776e-12,6269.19669551187,6269.19669551187,-0.99498743710662,1.0,True,100,
100000,2,False,0.1,log,degree_weighted,20,71,True,5997.590586997186,5997.590586997187,9.140765680596925e-13,5997.590586997186,5997.590586997186,0.99498743710662,1.0,True,100,
100000,2,False,0.1,log,eigenvector,1,5,True,0.29068148672674243,0.2960597717388985,0.0009308208318098681,0.29355375801144057,0.2984202538289048,-5.778002412879685,0.0,False,100,
100000,2,False,0.1,log,eigenvector,2,3,True,0.27108514664398575,0.2764626921975968,0.0006599486522951104,0.27466017700452855,0.277820704096283,-8.14843023757898,0.0,False,100,
100000,2,False,0.1,log,eigenvector,3,7,True,0.2710184534480067,0.27487840649436696,0.0009124258958727857,0.2726518426692044,0.2774512308954881,-4.230429083414027,0.0,False,100,
100000,2,False,0.1,log,eigenvector,4,2,True,0.21693379879770278,0.227424021256224,0.0005044559031536901,0.2264483483001154,0.22831265772523143,-20.7951228104178,0.0,False,100,
100000,2,False,0.1,log,eigenvector,5,11,True,0.21643644511855395,0.21571633898816026,0.0012461610549900034,0.21275540750688668,0.2186573796689186,0.5778596013012482,0.56,False,100,
100000,2,False,0.1,log,eigenvector,6,13,True,0.19322332348314206,0.19127870235320138,0.0011677206718546241,0.18858935255872883,0.1945097994330791,1.6653136120748109,0.1,False,100,
100000,2,False,0.1,log,eigenvector,7,17,True,0.15717703127764107,0.15343523890645352,0.0011433551055341422,0.14957221210935873,0.15643932116113948,3.2726423777497025,0.0,False,100,
100000,2,False,0.1,log,eigenvector,8,19,True,0.14339529059045242,0.13917708330111336,0.0011830712067506589,0.13664345745629386,0.14173234605118368,3.565472023382698,0.0,False,100,
100000,2,False,0.1,log,eigenvector,9,23,True,0.12164698991938065,0.11688100030293008,0.0009885084607050136,0.11448640682108592,0.11954859407521903,4.8213948649982745,0.0,False,100,
100000,2,False,0.1,log,eigenvector,10,29,True,0.09887671456376186,0.09419380971039944,0.000954144401447725,0.09145844403489523,0.0964200598134085,4.907962407217429,0.0,False,100,
100000,2,False,0.1,log,eigenvector,11,31,True,0.09302991005631292,0.08848743329216527,0.00098871945577628,0.08551482257236213,0.0907741084469079,4.594303002342734,0.0,False,100,
100000,2,False,0.1,log,eigenvector,12,37,True,0.07903301452811647,0.07470165967721876,0.0009582348318256737,0.07233170500660774,0.07731504164371596,4.520139225836123,0.0,False,100,
100000,2,False,0.1,log,eigenvector,13,41,True,0.07187900695235282,0.06764931615086665,0.0010189372924741104,0.06515724609203954,0.07062993637496762,4.151080574562097,0.0,False,100,
100000,2,False,0.1,log,eigenvector,14,43,True,0.06877324902818402,0.06456636928510566,0.0009110913571022964,0.06180677060274783,0.06702544628018889,4.617407146148558,0.0,False,100,
100000,2,False,0.1,log,eigenvector,15,47,True,0.06326371924893244,0.059512489205972206,0.0008030527042506676,0.05714032304466536,0.06176931637680474,4.671212764871414,0.0,False,100,
100000,2,False,0.1,log,eigenvector,16,53,True,0.056566080318459826,0.05299707350167063,0.0007780322272385673,0.050969737325070846,0.05483989125123942,4.587222343548036,0.0,False,100,
100000,2,False,0.1,log,eigenvector,17,59,True,0.05117897994078669,0.04786158195803902,0.0007000087581270258,0.04593215826346481,0.04970327176839776,4.739080681824376,0.0,False,100,
100000,2,False,0.1,log,eigenvector,18,61,True,0.04962937962909104,0.04639299009357401,0.0006593768653201429,0.04480171605384095,0.04854065084929624,4.908254604816447,0.0,False,100,
100000,2,False,0.1,log,eigenvector,19,67,True,0.04542566719783029,0.04235608247226334,0.0006709784966001487,0.040681448170406476,0.043954715175474404,4.57478852320983,0.0,False,100,
100000,2,False,0.1,log,eigenvector,20,71,True,0.043079574910056116,0.04017792072470645,0.0006687815295815422,0.03834394972837086,0.04189528869599393,4.338717588635021,0.0,False,100,
100000,2,False,0.1,log,eigenvector_costweight,1,2,True,0.6783128715385908,0.6793382141648207,0.00016613255421846036,0.6789003796532632,0.6796745656398416,-6.17183447912072,0.0,False,100,
100000,2,False,0.1,log,eigenvector_costweight,2,3,True,0.18204988397225402,0.180077758707104,0.0006495343067566545,0.17856155702289486,0.18168046618204464,3.0362141685749036,0.0,False,100,
100000,2,False,0.1,log,eigenvector_costweight,3,5,True,0.06588633384011763,0.06290930625334194,0.0004595040734200238,0.06192111963147539,0.06406596987887102,6.47878388676323,0.0,False,100,
100000,2,False,0.1,log,eigenvector_costweight,4,7,True,0.037859732134463274,0.035679776446500465,0.00024081354302847807,0.035092471800198505,0.03632730717647549,9.052462999163684,0.0,False,100,
100000,2,False,0.1,log,eigenvector_costweight,5,11,True,0.019232095060368135,0.01793821931760381,0.0001609921919094886,0.01740311716523998,0.01839572802703016,8.036885065157437,0.0,False,100,
100000,2,False,0.1,log,eigenvector_costweight,6,13,True,0.015164850619048044,0.014103573063860862,0.00013959607397851707,0.013790910123735515,0.014446212171330127,7.602488558170379,0.0,False,100,
100000,2,False,0.1,log,eigenvector_costweight,7,17,True,0.010461059932748453,0.00967367501916327,0.00010664121879082646,0.009433180874937644,0.009905945092779745,7.383495073603925,0.0,False,100,
100000,2,False,0.1,log,eigenvector_costweight,8,19,True,0.008995847196749644,0.008308734064101512,9.850743665354352e-05,0.008125916098188338,0.008554520687130161,6.97524122026185,0.0,False,100,
100000,2,False,0.1,log,eigenvector_costweight,9,23,True,0.006967784700644357,0.006430520113749224,9.340532347453975e-05,0.006232485048576521,0.006647419367546071,5.751969662003042,0.0,False,100,
100000,2,False,0.1,log,eigenvector_costweight,10,29,True,0.005141146226862293,0.004741739649668575,6.995611787425851e-05,0.004569353767823052,0.004893321219913464,5.709387389272025,0.0,False,100,
100000,2,False,0.1,log,eigenvector_costweight,11,31,True,0.004712932453663931,0.004344356788110979,6.922640428280185e-05,0.0042028466638158665,0.004533391043529621,5.324206411866447,0.0,False,100,
100000,2,False,0.1,log,eigenvector_costweight,12,37,True,0.0037537323907069495,0.0034557383074145993,6.423894958664019e-05,0.003301095323278277,0.0035792860437974063,4.638838044673235,0.0,False,100,
100000,2,False,0.1,log,eigenvector_costweight,13,60060,False,0.0036526058099866166,0.002563984815629638,0.0012549631468033486,6.890676936711519e-05,0.0036223480663894387,0.8674525599655438,0.0,False,100,
100000,2,False,0.1,log,eigenvector_costweight,14,90090,False,0.0036526058099866166,0.002577303762123313,0.0012904670041690824,2.384656186555526e-05,0.00361625679250423,0.8332658211247171,0.0,False,100,
100000,2,False,0.1,log,eigenvector_costweight,15,30030,False,0.0036526058099866166,0.002599140210995174,0.0012361127828905787,4.7158382804606705e-06,0.0036283087708106343,0.8522406802783594,0.0,False,100,
100000,2,False,0.1,log,eigenvector_costweight,16,78540,False,0.0036459516818619403,0.002681696030314715,0.0012296617533397384,6.67723248455369e-05,0.0036261270276484315,0.7841633269704656,0.0,False,100,
100000,2,False,0.1,log,eigenvector_costweight,17,39270,False,0.0036459516818619403,0.0024847669422668086,0.00135133066505394,2.7516278657776705e-06,0.0036248389178669903,0.8592898611893641,0.0,False,100,
100000,2,False,0.1,log,eigenvector_costweight,18,87780,False,0.003644042116525837,0.0025057824788464844,0.0013611987318902263,1.6950114761180555e-05,0.003628102196872293,0.8362185557568883,0.0,False,100,
100000,2,False,0.1,log,eigenvector_costweight,19,43890,False,0.003644042116525837,0.0024407337755691814,0.0014206150485465748,1.9345684690563196e-06,0.003628506882013613,0.8470333621960117,0.0,False,100,
100000,2,False,0.1,log,eigenvector_costweight,20,53130,False,0.003641545457653294,0.0026641135728594865,0.0012222960779909825,5.525245360040024e-05,0.003616250482548801,0.7996686747128863,0.0,False,100,
100000,2,False,0.1,log,pagerank,1,3,True,0.0191936188346156,0.023846388811024813,4.031193389897776e-05,0.023730760545017583,0.023944502598828684,-115.41917061258117,0.0,False,100,
100000,2,False,0.1,log,pagerank,2,2,True,0.018412226475483278,0.022086863378023208,2.9407832518064918e-05,0.021991744543393945,0.022149379792069324,-124.95436038282115,0.0,False,100,
100000,2,False,0.1,log,pagerank,3,5,True,0.016733619316101383,0.020314952009465318,4.650527848369556e-05,0.020211628609222584,0.02040508155231349,-77.0091656287906,0.0,False,100,
100000,2,False,0.1,log,pagerank,4,7,True,0.014395858249580997,0.01709693039309687,4.382250192569046e-05,0.017001303953283593,0.01721124451464836,-61.636648407159875,0.0,False,100,
100000,2,False,0.1,log,pagerank,5,11,True,0.011243629029943285,0.012958287774095188,3.620856856436504e-05,0.012874608998141586,0.013050864864881006,-47.35505467728997,0.0,False,100,
100000,2,False,0.1,log,pagerank,6,13,True,0.010164454464543175,0.011582016555089785,3.679899783494715e-05,0.011496467442471191,0.011712774461831124,-38.52175803549706,0.0,False,100,
100000,2,False,0.1,log,pagerank,7,17,True,0.008570432704996281,0.009606433173913426,3.036266370516442e-05,0.009522689511274454,0.009673945407082178,-34.120868938812265,0.0,False,100,
100000,2,False,0.1,log,pagerank,8,19,True,0.007963297880579843,0.008863525613600605,3.0059021333167293e-05,0.008797232338329547,0.008940780504519548,-29.94867075154725,0.0,False,100,
100000,2,False,0.1,log,pagerank,9,23,True,0.006995879970444003,0.007699752021809541,2.776917586292629e-05,0.007630472426285244,0.007769797890607982,-25.34724310292749,0.0,False,100,
100000,2,False,0.1,log,pagerank,10,29,True,0.005951301781371168,0.0064602569756344805,2.479056041840467e-05,0.006403500998526094,0.006532934637302085,-20.530201240850484,0.0,False,100,
100000,2,False,0.1,log,pagerank,11,31,True,0.005675259504013681,0.006135091886720454,2.3905165937229695e-05,0.006059671179914922,0.0061857596842389935,-19.235690892679905,0.0,False,100,
100000,2,False,0.1,log,pagerank,12,37,True,0.004994813573133748,0.005348536115094583,2.447127739163086e-05,0.005290857551675849,0.0053979551201374905,-14.454600644664673,0.0,False,100,
100000,2,False,0.1,log,pagerank,13,41,True,0.00463431092368099,0.004934211779882013,2.1106635454233152e-05,0.0048643664324292644,0.004976799937631569,-14.208842373353047,0.0,False,100,
100000,2,False,0.1,log,pagerank,14,43,True,0.004473886285258417,0.004748388482661191,2.1274945446281092e-05,0.004708698402562365,0.0048109511542708434,-12.902604055831128,0.0,False,100,
100000,2,False,0.1,log,pagerank,15,47,True,0.004186529802648686,0.004426132745235554,2.0813019603640616e-05,0.00437571887356961,0.004470106663631216,-11.51216628580683,0.0,False,100,
100000,2,False,0.1,log,pagerank,16,53,True,0.0038255938657886473,0.004021177057771598,2.130674122844696e-05,0.003971322399366413,0.004089833360483128,-9.179404296787801,0.0,False,100,
100000,2,False,0.1,log,pagerank,17,59,True,0.003527062780700961,0.0036822581487382894,1.9226886987332905e-05,0.0036350336290676528,0.0037343145285407453,-8.071788643662167,0.0,False,100,
100000,2,False,0.1,log,pagerank,18,61,True,0.0034393594189589985,0.0035867795040569524,2.079225044453773e-05,0.0035374548592814773,0.003639400659947267,-7.090145700735471,0.0,False,100,
100000,2,False,0.1,log,pagerank,19,67,True,0.003201316530890832,0.003323890334342272,1.732784866047787e-05,0.0032817189436273177,0.0033648164988110117,-7.073803901058387,0.0,False,100,
100000,2,False,0.1,log,pagerank,20,71,True,0.003061947191107971,0.003168991380751598,1.7382753046176334e-05,0.003124793002229722,0.0032177201647840396,-6.15806882599508,0.0,False,100,
